-----Clientes-----

INSERT INTO CLIENTE (CPF, EMAIL, NOME, ENDERECO, SEXO, DATA_NASC) VALUES ('640.276.825-12','cliente 00', 'cliente00@gmail.com', 'Rua 1757', 'feminino', TO_DATE('01/07/1968','DD/MM/YYYY'));

INSERT INTO CLIENTE (CPF, EMAIL, NOME, ENDERECO, SEXO, DATA_NASC) VALUES ('597.488.215-67','cliente 01', 'cliente01@gmail.com', 'Rua 1192', 'masculino', TO_DATE('04/03/1943','DD/MM/YYYY'));

INSERT INTO CLIENTE (CPF, EMAIL, NOME, ENDERECO, SEXO, DATA_NASC) VALUES ('916.213.794-50','cliente 02', 'cliente02@gmail.com', 'Rua 1995', 'feminino', TO_DATE('03/03/2000','DD/MM/YYYY'));

INSERT INTO CLIENTE (CPF, EMAIL, NOME, ENDERECO, SEXO, DATA_NASC) VALUES ('893.957.988-81','cliente 03', 'cliente03@gmail.com', 'Rua 1310', 'masculino', TO_DATE('07/04/1931','DD/MM/YYYY'));

INSERT INTO CLIENTE (CPF, EMAIL, NOME, ENDERECO, SEXO, DATA_NASC) VALUES ('770.740.518-96','cliente 04', 'cliente04@gmail.com', 'Rua 1655', 'feminino', TO_DATE('06/04/1938','DD/MM/YYYY'));

INSERT INTO CLIENTE (CPF, EMAIL, NOME, ENDERECO, SEXO, DATA_NASC) VALUES ('859.451.727-24','cliente 05', 'cliente05@gmail.com', 'Rua 1911', 'masculino', TO_DATE('05/07/1914','DD/MM/YYYY'));

INSERT INTO CLIENTE (CPF, EMAIL, NOME, ENDERECO, SEXO, DATA_NASC) VALUES ('306.691.129-27','cliente 06', 'cliente06@gmail.com', 'Rua 1109', 'feminino', TO_DATE('07/03/1932','DD/MM/YYYY'));

INSERT INTO CLIENTE (CPF, EMAIL, NOME, ENDERECO, SEXO, DATA_NASC) VALUES ('127.273.873-96','cliente 07', 'cliente07@gmail.com', 'Rua 1811', 'masculino', TO_DATE('02/07/1960','DD/MM/YYYY'));

INSERT INTO CLIENTE (CPF, EMAIL, NOME, ENDERECO, SEXO, DATA_NASC) VALUES ('241.999.345-51','cliente 08', 'cliente08@gmail.com', 'Rua 1463', 'feminino', TO_DATE('09/05/1949','DD/MM/YYYY'));

INSERT INTO CLIENTE (CPF, EMAIL, NOME, ENDERECO, SEXO, DATA_NASC) VALUES ('994.475.365-45','cliente 09', 'cliente09@gmail.com', 'Rua 1262', 'masculino', TO_DATE('01/04/1934','DD/MM/YYYY'));

INSERT INTO CLIENTE (CPF, EMAIL, NOME, ENDERECO, SEXO, DATA_NASC) VALUES ('411.644.681-18','cliente 010', 'cliente010@gmail.com', 'Rua 1512', 'feminino', TO_DATE('09/08/1984','DD/MM/YYYY'));

INSERT INTO CLIENTE (CPF, EMAIL, NOME, ENDERECO, SEXO, DATA_NASC) VALUES ('384.609.817-33','cliente 011', 'cliente011@gmail.com', 'Rua 1659', 'masculino', TO_DATE('03/01/1920','DD/MM/YYYY'));

INSERT INTO CLIENTE (CPF, EMAIL, NOME, ENDERECO, SEXO, DATA_NASC) VALUES ('968.633.879-73','cliente 012', 'cliente012@gmail.com', 'Rua 1572', 'feminino', TO_DATE('04/04/1947','DD/MM/YYYY'));

INSERT INTO CLIENTE (CPF, EMAIL, NOME, ENDERECO, SEXO, DATA_NASC) VALUES ('413.172.440-83','cliente 013', 'cliente013@gmail.com', 'Rua 1883', 'masculino', TO_DATE('06/09/1950','DD/MM/YYYY'));

INSERT INTO CLIENTE (CPF, EMAIL, NOME, ENDERECO, SEXO, DATA_NASC) VALUES ('437.890.685-31','cliente 014', 'cliente014@gmail.com', 'Rua 1239', 'feminino', TO_DATE('04/08/1984','DD/MM/YYYY'));

INSERT INTO CLIENTE (CPF, EMAIL, NOME, ENDERECO, SEXO, DATA_NASC) VALUES ('767.633.900-37','cliente 015', 'cliente015@gmail.com', 'Rua 1014', 'masculino', TO_DATE('02/05/1949','DD/MM/YYYY'));

INSERT INTO CLIENTE (CPF, EMAIL, NOME, ENDERECO, SEXO, DATA_NASC) VALUES ('327.802.327-55','cliente 016', 'cliente016@gmail.com', 'Rua 1623', 'feminino', TO_DATE('05/06/1963','DD/MM/YYYY'));

INSERT INTO CLIENTE (CPF, EMAIL, NOME, ENDERECO, SEXO, DATA_NASC) VALUES ('208.442.600-98','cliente 017', 'cliente017@gmail.com', 'Rua 1136', 'masculino', TO_DATE('01/08/1952','DD/MM/YYYY'));

INSERT INTO CLIENTE (CPF, EMAIL, NOME, ENDERECO, SEXO, DATA_NASC) VALUES ('393.970.471-96','cliente 018', 'cliente018@gmail.com', 'Rua 1991', 'feminino', TO_DATE('01/06/1951','DD/MM/YYYY'));

INSERT INTO CLIENTE (CPF, EMAIL, NOME, ENDERECO, SEXO, DATA_NASC) VALUES ('283.808.522-57','cliente 019', 'cliente019@gmail.com', 'Rua 1043', 'masculino', TO_DATE('03/03/1994','DD/MM/YYYY'));

-----Dependentes------

INSERT INTO DEPENDENTE (CPF, DATA_NASC, NOME, CPF_CLIENTE) VALUES ('716.926.988-45', TO_DATE('01/03/1952','DD/MM/YYYY'),'dependente 01', '640.276.825-12');

INSERT INTO DEPENDENTE (CPF, DATA_NASC, NOME, CPF_CLIENTE) VALUES ('781.925.239-52', TO_DATE('03/08/1973','DD/MM/YYYY'),'dependente 02', '640.276.825-12');

INSERT INTO DEPENDENTE (CPF, DATA_NASC, NOME, CPF_CLIENTE) VALUES ('978.129.505-62', TO_DATE('02/01/1921','DD/MM/YYYY'),'dependente 03', '640.276.825-12');

INSERT INTO DEPENDENTE (CPF, DATA_NASC, NOME, CPF_CLIENTE) VALUES ('756.306.254-35', TO_DATE('05/08/1926','DD/MM/YYYY'),'dependente 04', '597.488.215-67');

INSERT INTO DEPENDENTE (CPF, DATA_NASC, NOME, CPF_CLIENTE) VALUES ('329.290.889-37', TO_DATE('01/07/1929','DD/MM/YYYY'),'dependente 05', '916.213.794-50');

INSERT INTO DEPENDENTE (CPF, DATA_NASC, NOME, CPF_CLIENTE) VALUES ('284.972.755-86', TO_DATE('05/05/1916','DD/MM/YYYY'),'dependente 06', '893.957.988-81');

INSERT INTO DEPENDENTE (CPF, DATA_NASC, NOME, CPF_CLIENTE) VALUES ('980.600.719-73', TO_DATE('09/05/1969','DD/MM/YYYY'),'dependente 07', '893.957.988-81');

INSERT INTO DEPENDENTE (CPF, DATA_NASC, NOME, CPF_CLIENTE) VALUES ('350.734.402-68', TO_DATE('09/07/1983','DD/MM/YYYY'),'dependente 08', '893.957.988-81');

INSERT INTO DEPENDENTE (CPF, DATA_NASC, NOME, CPF_CLIENTE) VALUES ('622.347.780-36', TO_DATE('04/08/1916','DD/MM/YYYY'),'dependente 09', '893.957.988-81');

INSERT INTO DEPENDENTE (CPF, DATA_NASC, NOME, CPF_CLIENTE) VALUES ('577.850.894-11', TO_DATE('08/06/1966','DD/MM/YYYY'),'dependente 010', '770.740.518-96');

INSERT INTO DEPENDENTE (CPF, DATA_NASC, NOME, CPF_CLIENTE) VALUES ('732.941.684-69', TO_DATE('06/06/1940','DD/MM/YYYY'),'dependente 011', '770.740.518-96');

INSERT INTO DEPENDENTE (CPF, DATA_NASC, NOME, CPF_CLIENTE) VALUES ('583.368.290-25', TO_DATE('07/09/1968','DD/MM/YYYY'),'dependente 012', '859.451.727-24');

INSERT INTO DEPENDENTE (CPF, DATA_NASC, NOME, CPF_CLIENTE) VALUES ('333.211.290-73', TO_DATE('05/05/1940','DD/MM/YYYY'),'dependente 013', '306.691.129-27');

INSERT INTO DEPENDENTE (CPF, DATA_NASC, NOME, CPF_CLIENTE) VALUES ('235.163.522-14', TO_DATE('03/04/1941','DD/MM/YYYY'),'dependente 014', '306.691.129-27');

INSERT INTO DEPENDENTE (CPF, DATA_NASC, NOME, CPF_CLIENTE) VALUES ('194.177.906-58', TO_DATE('02/01/1922','DD/MM/YYYY'),'dependente 015', '306.691.129-27');

INSERT INTO DEPENDENTE (CPF, DATA_NASC, NOME, CPF_CLIENTE) VALUES ('711.303.554-39', TO_DATE('05/01/1924','DD/MM/YYYY'),'dependente 016', '127.273.873-96');

INSERT INTO DEPENDENTE (CPF, DATA_NASC, NOME, CPF_CLIENTE) VALUES ('446.152.233-71', TO_DATE('09/05/1995','DD/MM/YYYY'),'dependente 017', '127.273.873-96');

INSERT INTO DEPENDENTE (CPF, DATA_NASC, NOME, CPF_CLIENTE) VALUES ('460.589.144-64', TO_DATE('03/03/1910','DD/MM/YYYY'),'dependente 018', '127.273.873-96');

INSERT INTO DEPENDENTE (CPF, DATA_NASC, NOME, CPF_CLIENTE) VALUES ('442.998.481-43', TO_DATE('02/05/1923','DD/MM/YYYY'),'dependente 019', '241.999.345-51');

INSERT INTO DEPENDENTE (CPF, DATA_NASC, NOME, CPF_CLIENTE) VALUES ('137.831.650-38', TO_DATE('03/06/1987','DD/MM/YYYY'),'dependente 020', '241.999.345-51');

INSERT INTO DEPENDENTE (CPF, DATA_NASC, NOME, CPF_CLIENTE) VALUES ('365.650.240-18', TO_DATE('09/03/1952','DD/MM/YYYY'),'dependente 021', '241.999.345-51');

INSERT INTO DEPENDENTE (CPF, DATA_NASC, NOME, CPF_CLIENTE) VALUES ('257.932.475-92', TO_DATE('08/07/1935','DD/MM/YYYY'),'dependente 022', '994.475.365-45');

INSERT INTO DEPENDENTE (CPF, DATA_NASC, NOME, CPF_CLIENTE) VALUES ('462.899.131-27', TO_DATE('07/01/1938','DD/MM/YYYY'),'dependente 023', '411.644.681-18');

INSERT INTO DEPENDENTE (CPF, DATA_NASC, NOME, CPF_CLIENTE) VALUES ('872.343.999-90', TO_DATE('09/07/1940','DD/MM/YYYY'),'dependente 024', '411.644.681-18');

INSERT INTO DEPENDENTE (CPF, DATA_NASC, NOME, CPF_CLIENTE) VALUES ('349.608.428-28', TO_DATE('06/06/1969','DD/MM/YYYY'),'dependente 025', '411.644.681-18');

INSERT INTO DEPENDENTE (CPF, DATA_NASC, NOME, CPF_CLIENTE) VALUES ('887.851.141-22', TO_DATE('08/05/1998','DD/MM/YYYY'),'dependente 026', '384.609.817-33');

INSERT INTO DEPENDENTE (CPF, DATA_NASC, NOME, CPF_CLIENTE) VALUES ('569.711.600-79', TO_DATE('02/05/1929','DD/MM/YYYY'),'dependente 027', '384.609.817-33');

INSERT INTO DEPENDENTE (CPF, DATA_NASC, NOME, CPF_CLIENTE) VALUES ('514.323.762-20', TO_DATE('05/06/1913','DD/MM/YYYY'),'dependente 028', '968.633.879-73');

INSERT INTO DEPENDENTE (CPF, DATA_NASC, NOME, CPF_CLIENTE) VALUES ('555.662.586-30', TO_DATE('07/04/2016','DD/MM/YYYY'),'dependente 029', '968.633.879-73');

INSERT INTO DEPENDENTE (CPF, DATA_NASC, NOME, CPF_CLIENTE) VALUES ('715.535.158-30', TO_DATE('02/04/1983','DD/MM/YYYY'),'dependente 030', '968.633.879-73');

INSERT INTO DEPENDENTE (CPF, DATA_NASC, NOME, CPF_CLIENTE) VALUES ('183.928.127-65', TO_DATE('07/02/1998','DD/MM/YYYY'),'dependente 031', '413.172.440-83');

INSERT INTO DEPENDENTE (CPF, DATA_NASC, NOME, CPF_CLIENTE) VALUES ('769.422.251-25', TO_DATE('01/02/1922','DD/MM/YYYY'),'dependente 032', '413.172.440-83');

INSERT INTO DEPENDENTE (CPF, DATA_NASC, NOME, CPF_CLIENTE) VALUES ('529.369.946-46', TO_DATE('04/01/1971','DD/MM/YYYY'),'dependente 033', '437.890.685-31');

INSERT INTO DEPENDENTE (CPF, DATA_NASC, NOME, CPF_CLIENTE) VALUES ('776.650.575-99', TO_DATE('03/01/1976','DD/MM/YYYY'),'dependente 034', '437.890.685-31');

INSERT INTO DEPENDENTE (CPF, DATA_NASC, NOME, CPF_CLIENTE) VALUES ('454.225.195-80', TO_DATE('09/05/2004','DD/MM/YYYY'),'dependente 035', '437.890.685-31');

INSERT INTO DEPENDENTE (CPF, DATA_NASC, NOME, CPF_CLIENTE) VALUES ('242.848.623-31', TO_DATE('07/09/2009','DD/MM/YYYY'),'dependente 036', '767.633.900-37');

INSERT INTO DEPENDENTE (CPF, DATA_NASC, NOME, CPF_CLIENTE) VALUES ('119.334.529-77', TO_DATE('08/04/1931','DD/MM/YYYY'),'dependente 037', '767.633.900-37');

INSERT INTO DEPENDENTE (CPF, DATA_NASC, NOME, CPF_CLIENTE) VALUES ('254.498.889-53', TO_DATE('01/07/1996','DD/MM/YYYY'),'dependente 038', '327.802.327-55');

INSERT INTO DEPENDENTE (CPF, DATA_NASC, NOME, CPF_CLIENTE) VALUES ('162.441.688-93', TO_DATE('07/02/2013','DD/MM/YYYY'),'dependente 039', '327.802.327-55');

INSERT INTO DEPENDENTE (CPF, DATA_NASC, NOME, CPF_CLIENTE) VALUES ('606.932.562-59', TO_DATE('03/05/1912','DD/MM/YYYY'),'dependente 040', '327.802.327-55');

INSERT INTO DEPENDENTE (CPF, DATA_NASC, NOME, CPF_CLIENTE) VALUES ('365.122.609-14', TO_DATE('03/04/1938','DD/MM/YYYY'),'dependente 041', '327.802.327-55');

INSERT INTO DEPENDENTE (CPF, DATA_NASC, NOME, CPF_CLIENTE) VALUES ('995.435.526-17', TO_DATE('01/01/1916','DD/MM/YYYY'),'dependente 042', '327.802.327-55');

INSERT INTO DEPENDENTE (CPF, DATA_NASC, NOME, CPF_CLIENTE) VALUES ('210.465.796-17', TO_DATE('09/06/1962','DD/MM/YYYY'),'dependente 043', '208.442.600-98');

INSERT INTO DEPENDENTE (CPF, DATA_NASC, NOME, CPF_CLIENTE) VALUES ('739.665.294-31', TO_DATE('05/01/1992','DD/MM/YYYY'),'dependente 044', '208.442.600-98');

INSERT INTO DEPENDENTE (CPF, DATA_NASC, NOME, CPF_CLIENTE) VALUES ('252.635.367-35', TO_DATE('07/09/1922','DD/MM/YYYY'),'dependente 045', '393.970.471-96');

INSERT INTO DEPENDENTE (CPF, DATA_NASC, NOME, CPF_CLIENTE) VALUES ('523.113.590-75', TO_DATE('08/08/1940','DD/MM/YYYY'),'dependente 046', '393.970.471-96');

INSERT INTO DEPENDENTE (CPF, DATA_NASC, NOME, CPF_CLIENTE) VALUES ('488.301.969-82', TO_DATE('05/04/1930','DD/MM/YYYY'),'dependente 047', '283.808.522-57');

INSERT INTO DEPENDENTE (CPF, DATA_NASC, NOME, CPF_CLIENTE) VALUES ('337.273.780-21', TO_DATE('09/09/2003','DD/MM/YYYY'),'dependente 048', '283.808.522-57');

-----Avaliação------

INSERT INTO AVALIACAO (ID, NOTA, DATA, COMENTARIO, CPF_CLIENTE) VALUES (1, 9, TO_DATE('01/07/2019','DD/MM/YYYY'), 'Muito Bom','640.276.825-12');

INSERT INTO AVALIACAO (ID, NOTA, DATA, COMENTARIO, CPF_CLIENTE) VALUES (3, 4, TO_DATE('09/06/2019','DD/MM/YYYY'), 'Ruim','916.213.794-50');

INSERT INTO AVALIACAO (ID, NOTA, DATA, COMENTARIO, CPF_CLIENTE) VALUES (5, 6, TO_DATE('06/01/2019','DD/MM/YYYY'), 'Bom','770.740.518-96');

INSERT INTO AVALIACAO (ID, NOTA, DATA, COMENTARIO, CPF_CLIENTE) VALUES (7, 10, TO_DATE('03/02/2019','DD/MM/YYYY'), 'Muito Bom','306.691.129-27');

INSERT INTO AVALIACAO (ID, NOTA, DATA, COMENTARIO, CPF_CLIENTE) VALUES (9, 7, TO_DATE('09/06/2019','DD/MM/YYYY'), 'Top','241.999.345-51');

INSERT INTO AVALIACAO (ID, NOTA, DATA, COMENTARIO, CPF_CLIENTE) VALUES (11, 10, TO_DATE('01/08/2019','DD/MM/YYYY'), 'Péssimo','411.644.681-18');

INSERT INTO AVALIACAO (ID, NOTA, DATA, COMENTARIO, CPF_CLIENTE) VALUES (13, 4, TO_DATE('06/01/2019','DD/MM/YYYY'), 'Ok','968.633.879-73');

INSERT INTO AVALIACAO (ID, NOTA, DATA, COMENTARIO, CPF_CLIENTE) VALUES (15, 9, TO_DATE('01/04/2019','DD/MM/YYYY'), 'Top','437.890.685-31');

INSERT INTO AVALIACAO (ID, NOTA, DATA, COMENTARIO, CPF_CLIENTE) VALUES (17, 10, TO_DATE('06/06/2019','DD/MM/YYYY'), 'Muito Bom','327.802.327-55');

INSERT INTO AVALIACAO (ID, NOTA, DATA, COMENTARIO, CPF_CLIENTE) VALUES (19, 8, TO_DATE('07/08/2019','DD/MM/YYYY'), 'Bom','393.970.471-96');

-----Funcionários-----

INSERT INTO FUNCIONARIO (CPF, NOME, DATA_NASC, SALARIO, FUNCAO) VALUES ('295.618.657-19','funcionario 00', TO_DATE('05/07/1953','DD/MM/YYYY'), 1255.00,'camareiro');

INSERT INTO FUNCIONARIO (CPF, NOME, DATA_NASC, SALARIO, FUNCAO) VALUES ('580.624.861-22','funcionario 01', TO_DATE('01/02/1930','DD/MM/YYYY'), 1078.00,'técnico');

INSERT INTO FUNCIONARIO (CPF, NOME, DATA_NASC, SALARIO, FUNCAO) VALUES ('960.720.203-16','funcionario 02', TO_DATE('01/08/1913','DD/MM/YYYY'), 1096.00,'camareiro');

INSERT INTO FUNCIONARIO (CPF, NOME, DATA_NASC, SALARIO, FUNCAO) VALUES ('628.428.197-96','funcionario 03', TO_DATE('08/04/2017','DD/MM/YYYY'), 1463.00,'técnico');

INSERT INTO FUNCIONARIO (CPF, NOME, DATA_NASC, SALARIO, FUNCAO) VALUES ('272.102.377-33','funcionario 04', TO_DATE('03/03/2016','DD/MM/YYYY'), 1010.00,'camareiro');

INSERT INTO FUNCIONARIO (CPF, NOME, DATA_NASC, SALARIO, FUNCAO) VALUES ('932.764.544-79','funcionario 05', TO_DATE('06/02/1941','DD/MM/YYYY'), 1453.00,'técnico');

INSERT INTO FUNCIONARIO (CPF, NOME, DATA_NASC, SALARIO, FUNCAO) VALUES ('674.846.703-40','funcionario 06', TO_DATE('03/06/2002','DD/MM/YYYY'), 1484.00,'camareiro');

INSERT INTO FUNCIONARIO (CPF, NOME, DATA_NASC, SALARIO, FUNCAO) VALUES ('657.463.114-29','funcionario 07', TO_DATE('07/09/1921','DD/MM/YYYY'), 1404.00,'técnico');

INSERT INTO FUNCIONARIO (CPF, NOME, DATA_NASC, SALARIO, FUNCAO) VALUES ('347.168.514-23','funcionario 08', TO_DATE('05/01/1991','DD/MM/YYYY'), 1353.00,'camareiro');

INSERT INTO FUNCIONARIO (CPF, NOME, DATA_NASC, SALARIO, FUNCAO) VALUES ('845.607.469-85','funcionario 09', TO_DATE('02/07/1973','DD/MM/YYYY'), 1495.00,'técnico');

-----Quarto------

INSERT INTO QUARTO (NUMERO, TIPO, VISTA, VALOR_DIARIA) VALUES ('180-G', 'frontal', 'triplo', 182.00);

INSERT INTO QUARTO (NUMERO, TIPO, VISTA, VALOR_DIARIA) VALUES ('D-269', 'lateral', 'duplo casal', 118.00);

INSERT INTO QUARTO (NUMERO, TIPO, VISTA, VALOR_DIARIA) VALUES ('113-Q', 'frontal', 'triplo', 160.00);

INSERT INTO QUARTO (NUMERO, TIPO, VISTA, VALOR_DIARIA) VALUES ('I-288', 'lateral', 'simples', 297.00);

INSERT INTO QUARTO (NUMERO, TIPO, VISTA, VALOR_DIARIA) VALUES ('189-O', 'frontal', 'duplo twin', 196.00);

INSERT INTO QUARTO (NUMERO, TIPO, VISTA, VALOR_DIARIA) VALUES ('N-279', 'lateral', 'duplo casal', 153.00);

INSERT INTO QUARTO (NUMERO, TIPO, VISTA, VALOR_DIARIA) VALUES ('248-F', 'frontal', 'triplo', 288.00);

INSERT INTO QUARTO (NUMERO, TIPO, VISTA, VALOR_DIARIA) VALUES ('O-135', 'lateral', 'duplo twin', 175.00);

INSERT INTO QUARTO (NUMERO, TIPO, VISTA, VALOR_DIARIA) VALUES ('211-F', 'frontal', 'duplo casal', 204.00);

INSERT INTO QUARTO (NUMERO, TIPO, VISTA, VALOR_DIARIA) VALUES ('U-126', 'lateral', 'triplo', 195.00);

INSERT INTO QUARTO (NUMERO, TIPO, VISTA, VALOR_DIARIA) VALUES ('251-A', 'frontal', 'triplo', 244.00);

INSERT INTO QUARTO (NUMERO, TIPO, VISTA, VALOR_DIARIA) VALUES ('T-281', 'lateral', 'triplo', 139.00);

INSERT INTO QUARTO (NUMERO, TIPO, VISTA, VALOR_DIARIA) VALUES ('257-U', 'frontal', 'duplo twin', 282.00);

INSERT INTO QUARTO (NUMERO, TIPO, VISTA, VALOR_DIARIA) VALUES ('Q-159', 'lateral', 'simples', 218.00);

INSERT INTO QUARTO (NUMERO, TIPO, VISTA, VALOR_DIARIA) VALUES ('183-F', 'frontal', 'simples', 116.00);

INSERT INTO QUARTO (NUMERO, TIPO, VISTA, VALOR_DIARIA) VALUES ('F-151', 'lateral', 'simples', 152.00);

INSERT INTO QUARTO (NUMERO, TIPO, VISTA, VALOR_DIARIA) VALUES ('163-Q', 'frontal', 'triplo', 254.00);

INSERT INTO QUARTO (NUMERO, TIPO, VISTA, VALOR_DIARIA) VALUES ('I-177', 'lateral', 'simples', 194.00);

INSERT INTO QUARTO (NUMERO, TIPO, VISTA, VALOR_DIARIA) VALUES ('154-V', 'frontal', 'triplo', 118.00);

INSERT INTO QUARTO (NUMERO, TIPO, VISTA, VALOR_DIARIA) VALUES ('J-271', 'lateral', 'duplo casal', 118.00);

INSERT INTO QUARTO (NUMERO, TIPO, VISTA, VALOR_DIARIA) VALUES ('198-Y', 'frontal', 'simples', 126.00);

INSERT INTO QUARTO (NUMERO, TIPO, VISTA, VALOR_DIARIA) VALUES ('H-180', 'lateral', 'duplo casal', 252.00);

INSERT INTO QUARTO (NUMERO, TIPO, VISTA, VALOR_DIARIA) VALUES ('243-B', 'frontal', 'simples', 104.00);

INSERT INTO QUARTO (NUMERO, TIPO, VISTA, VALOR_DIARIA) VALUES ('O-112', 'lateral', 'triplo', 240.00);

INSERT INTO QUARTO (NUMERO, TIPO, VISTA, VALOR_DIARIA) VALUES ('222-T', 'frontal', 'duplo twin', 219.00);

INSERT INTO QUARTO (NUMERO, TIPO, VISTA, VALOR_DIARIA) VALUES ('W-147', 'lateral', 'duplo casal', 105.00);

INSERT INTO QUARTO (NUMERO, TIPO, VISTA, VALOR_DIARIA) VALUES ('191-M', 'frontal', 'simples', 279.00);

INSERT INTO QUARTO (NUMERO, TIPO, VISTA, VALOR_DIARIA) VALUES ('K-286', 'lateral', 'duplo twin', 241.00);

INSERT INTO QUARTO (NUMERO, TIPO, VISTA, VALOR_DIARIA) VALUES ('256-B', 'frontal', 'duplo casal', 122.00);

INSERT INTO QUARTO (NUMERO, TIPO, VISTA, VALOR_DIARIA) VALUES ('O-257', 'lateral', 'simples', 236.00);

-----Produto------

INSERT INTO PRODUTO (ID, TIPO, NOME, VALOR, DESCRICAO) VALUES (1, 'Restaurante', 'produto 0', 10, 163.00);

INSERT INTO PRODUTO (ID, TIPO, NOME, VALOR, DESCRICAO) VALUES (2, 'Restaurante', 'produto 1', 2, 178.00);

INSERT INTO PRODUTO (ID, TIPO, NOME, VALOR, DESCRICAO) VALUES (3, 'Lavanderia', 'produto 2', 5, 99.00);

INSERT INTO PRODUTO (ID, TIPO, NOME, VALOR, DESCRICAO) VALUES (4, 'Bar', 'produto 3', 9, 35.00);

INSERT INTO PRODUTO (ID, TIPO, NOME, VALOR, DESCRICAO) VALUES (5, 'Frigobar', 'produto 4', 8, 13.00);

INSERT INTO PRODUTO (ID, TIPO, NOME, VALOR, DESCRICAO) VALUES (6, 'Frigobar', 'produto 5', 7, 66.00);

INSERT INTO PRODUTO (ID, TIPO, NOME, VALOR, DESCRICAO) VALUES (7, 'Lavanderia', 'produto 6', 6, 45.00);

INSERT INTO PRODUTO (ID, TIPO, NOME, VALOR, DESCRICAO) VALUES (8, 'Restaurante', 'produto 7', 1, 149.00);

INSERT INTO PRODUTO (ID, TIPO, NOME, VALOR, DESCRICAO) VALUES (9, 'Bar', 'produto 8', 6, 17.00);

INSERT INTO PRODUTO (ID, TIPO, NOME, VALOR, DESCRICAO) VALUES (10, 'Frigobar', 'produto 9', 2, 65.00);

INSERT INTO PRODUTO (ID, TIPO, NOME, VALOR, DESCRICAO) VALUES (11, 'Lavanderia', 'produto 10', 5, 153.00);

INSERT INTO PRODUTO (ID, TIPO, NOME, VALOR, DESCRICAO) VALUES (12, 'Restaurante', 'produto 11', 2, 179.00);

INSERT INTO PRODUTO (ID, TIPO, NOME, VALOR, DESCRICAO) VALUES (13, 'Restaurante', 'produto 12', 5, 176.00);

INSERT INTO PRODUTO (ID, TIPO, NOME, VALOR, DESCRICAO) VALUES (14, 'Restaurante', 'produto 13', 9, 98.00);

INSERT INTO PRODUTO (ID, TIPO, NOME, VALOR, DESCRICAO) VALUES (15, 'Restaurante', 'produto 14', 3, 68.00);

INSERT INTO PRODUTO (ID, TIPO, NOME, VALOR, DESCRICAO) VALUES (16, 'Lavanderia', 'produto 15', 8, 29.00);

INSERT INTO PRODUTO (ID, TIPO, NOME, VALOR, DESCRICAO) VALUES (17, 'Lavanderia', 'produto 16', 10, 170.00);

INSERT INTO PRODUTO (ID, TIPO, NOME, VALOR, DESCRICAO) VALUES (18, 'Bar', 'produto 17', 5, 36.00);

INSERT INTO PRODUTO (ID, TIPO, NOME, VALOR, DESCRICAO) VALUES (19, 'Restaurante', 'produto 18', 3, 93.00);

INSERT INTO PRODUTO (ID, TIPO, NOME, VALOR, DESCRICAO) VALUES (20, 'Bar', 'produto 19', 4, 19.00);

INSERT INTO PRODUTO (ID, TIPO, NOME, VALOR, DESCRICAO) VALUES (21, 'Restaurante', 'produto 20', 2, 173.00);

INSERT INTO PRODUTO (ID, TIPO, NOME, VALOR, DESCRICAO) VALUES (22, 'Frigobar', 'produto 21', 10, 8.00);

INSERT INTO PRODUTO (ID, TIPO, NOME, VALOR, DESCRICAO) VALUES (23, 'Frigobar', 'produto 22', 10, 199.00);

INSERT INTO PRODUTO (ID, TIPO, NOME, VALOR, DESCRICAO) VALUES (24, 'Lavanderia', 'produto 23', 3, 60.00);

INSERT INTO PRODUTO (ID, TIPO, NOME, VALOR, DESCRICAO) VALUES (25, 'Bar', 'produto 24', 6, 168.00);

INSERT INTO PRODUTO (ID, TIPO, NOME, VALOR, DESCRICAO) VALUES (26, 'Restaurante', 'produto 25', 4, 126.00);

INSERT INTO PRODUTO (ID, TIPO, NOME, VALOR, DESCRICAO) VALUES (27, 'Lavanderia', 'produto 26', 2, 29.00);

INSERT INTO PRODUTO (ID, TIPO, NOME, VALOR, DESCRICAO) VALUES (28, 'Frigobar', 'produto 27', 3, 139.00);

INSERT INTO PRODUTO (ID, TIPO, NOME, VALOR, DESCRICAO) VALUES (29, 'Lavanderia', 'produto 28', 9, 105.00);

INSERT INTO PRODUTO (ID, TIPO, NOME, VALOR, DESCRICAO) VALUES (30, 'Bar', 'produto 29', 2, 180.00);

INSERT INTO PRODUTO (ID, TIPO, NOME, VALOR, DESCRICAO) VALUES (31, 'Frigobar', 'produto 30', 5, 143.00);

INSERT INTO PRODUTO (ID, TIPO, NOME, VALOR, DESCRICAO) VALUES (32, 'Lavanderia', 'produto 31', 5, 66.00);

INSERT INTO PRODUTO (ID, TIPO, NOME, VALOR, DESCRICAO) VALUES (33, 'Frigobar', 'produto 32', 1, 119.00);

INSERT INTO PRODUTO (ID, TIPO, NOME, VALOR, DESCRICAO) VALUES (34, 'Lavanderia', 'produto 33', 2, 14.00);

INSERT INTO PRODUTO (ID, TIPO, NOME, VALOR, DESCRICAO) VALUES (35, 'Frigobar', 'produto 34', 10, 150.00);

INSERT INTO PRODUTO (ID, TIPO, NOME, VALOR, DESCRICAO) VALUES (36, 'Restaurante', 'produto 35', 4, 141.00);

INSERT INTO PRODUTO (ID, TIPO, NOME, VALOR, DESCRICAO) VALUES (37, 'Frigobar', 'produto 36', 10, 30.00);

INSERT INTO PRODUTO (ID, TIPO, NOME, VALOR, DESCRICAO) VALUES (38, 'Frigobar', 'produto 37', 7, 101.00);

INSERT INTO PRODUTO (ID, TIPO, NOME, VALOR, DESCRICAO) VALUES (39, 'Frigobar', 'produto 38', 9, 148.00);

INSERT INTO PRODUTO (ID, TIPO, NOME, VALOR, DESCRICAO) VALUES (40, 'Lavanderia', 'produto 39', 7, 178.00);

INSERT INTO PRODUTO (ID, TIPO, NOME, VALOR, DESCRICAO) VALUES (41, 'Lavanderia', 'produto 40', 10, 101.00);

INSERT INTO PRODUTO (ID, TIPO, NOME, VALOR, DESCRICAO) VALUES (42, 'Bar', 'produto 41', 1, 113.00);

INSERT INTO PRODUTO (ID, TIPO, NOME, VALOR, DESCRICAO) VALUES (43, 'Restaurante', 'produto 42', 9, 53.00);

INSERT INTO PRODUTO (ID, TIPO, NOME, VALOR, DESCRICAO) VALUES (44, 'Restaurante', 'produto 43', 5, 150.00);

INSERT INTO PRODUTO (ID, TIPO, NOME, VALOR, DESCRICAO) VALUES (45, 'Frigobar', 'produto 44', 2, 77.00);

INSERT INTO PRODUTO (ID, TIPO, NOME, VALOR, DESCRICAO) VALUES (46, 'Frigobar', 'produto 45', 1, 168.00);

INSERT INTO PRODUTO (ID, TIPO, NOME, VALOR, DESCRICAO) VALUES (47, 'Bar', 'produto 46', 4, 138.00);

INSERT INTO PRODUTO (ID, TIPO, NOME, VALOR, DESCRICAO) VALUES (48, 'Restaurante', 'produto 47', 4, 24.00);

INSERT INTO PRODUTO (ID, TIPO, NOME, VALOR, DESCRICAO) VALUES (49, 'Restaurante', 'produto 48', 3, 22.00);

INSERT INTO PRODUTO (ID, TIPO, NOME, VALOR, DESCRICAO) VALUES (50, 'Bar', 'produto 49', 2, 46.00);

INSERT INTO PRODUTO (ID, TIPO, NOME, VALOR, DESCRICAO) VALUES (51, 'Bar', 'produto 50', 7, 84.00);

INSERT INTO PRODUTO (ID, TIPO, NOME, VALOR, DESCRICAO) VALUES (52, 'Bar', 'produto 51', 7, 138.00);

INSERT INTO PRODUTO (ID, TIPO, NOME, VALOR, DESCRICAO) VALUES (53, 'Restaurante', 'produto 52', 9, 200.00);

INSERT INTO PRODUTO (ID, TIPO, NOME, VALOR, DESCRICAO) VALUES (54, 'Bar', 'produto 53', 9, 200.00);

INSERT INTO PRODUTO (ID, TIPO, NOME, VALOR, DESCRICAO) VALUES (55, 'Bar', 'produto 54', 6, 107.00);

INSERT INTO PRODUTO (ID, TIPO, NOME, VALOR, DESCRICAO) VALUES (56, 'Lavanderia', 'produto 55', 6, 194.00);

INSERT INTO PRODUTO (ID, TIPO, NOME, VALOR, DESCRICAO) VALUES (57, 'Restaurante', 'produto 56', 5, 166.00);

INSERT INTO PRODUTO (ID, TIPO, NOME, VALOR, DESCRICAO) VALUES (58, 'Frigobar', 'produto 57', 2, 86.00);

INSERT INTO PRODUTO (ID, TIPO, NOME, VALOR, DESCRICAO) VALUES (59, 'Restaurante', 'produto 58', 7, 29.00);

INSERT INTO PRODUTO (ID, TIPO, NOME, VALOR, DESCRICAO) VALUES (60, 'Frigobar', 'produto 59', 5, 72.00);

INSERT INTO PRODUTO (ID, TIPO, NOME, VALOR, DESCRICAO) VALUES (61, 'Restaurante', 'produto 60', 1, 156.00);

INSERT INTO PRODUTO (ID, TIPO, NOME, VALOR, DESCRICAO) VALUES (62, 'Restaurante', 'produto 61', 9, 137.00);

INSERT INTO PRODUTO (ID, TIPO, NOME, VALOR, DESCRICAO) VALUES (63, 'Frigobar', 'produto 62', 1, 158.00);

INSERT INTO PRODUTO (ID, TIPO, NOME, VALOR, DESCRICAO) VALUES (64, 'Lavanderia', 'produto 63', 6, 94.00);

INSERT INTO PRODUTO (ID, TIPO, NOME, VALOR, DESCRICAO) VALUES (65, 'Restaurante', 'produto 64', 1, 122.00);

INSERT INTO PRODUTO (ID, TIPO, NOME, VALOR, DESCRICAO) VALUES (66, 'Lavanderia', 'produto 65', 8, 24.00);

INSERT INTO PRODUTO (ID, TIPO, NOME, VALOR, DESCRICAO) VALUES (67, 'Frigobar', 'produto 66', 1, 127.00);

INSERT INTO PRODUTO (ID, TIPO, NOME, VALOR, DESCRICAO) VALUES (68, 'Lavanderia', 'produto 67', 7, 158.00);

INSERT INTO PRODUTO (ID, TIPO, NOME, VALOR, DESCRICAO) VALUES (69, 'Lavanderia', 'produto 68', 1, 158.00);

INSERT INTO PRODUTO (ID, TIPO, NOME, VALOR, DESCRICAO) VALUES (70, 'Frigobar', 'produto 69', 6, 107.00);

INSERT INTO PRODUTO (ID, TIPO, NOME, VALOR, DESCRICAO) VALUES (71, 'Bar', 'produto 70', 4, 57.00);

INSERT INTO PRODUTO (ID, TIPO, NOME, VALOR, DESCRICAO) VALUES (72, 'Bar', 'produto 71', 4, 156.00);

INSERT INTO PRODUTO (ID, TIPO, NOME, VALOR, DESCRICAO) VALUES (73, 'Frigobar', 'produto 72', 4, 84.00);

INSERT INTO PRODUTO (ID, TIPO, NOME, VALOR, DESCRICAO) VALUES (74, 'Restaurante', 'produto 73', 1, 35.00);

INSERT INTO PRODUTO (ID, TIPO, NOME, VALOR, DESCRICAO) VALUES (75, 'Lavanderia', 'produto 74', 1, 162.00);

INSERT INTO PRODUTO (ID, TIPO, NOME, VALOR, DESCRICAO) VALUES (76, 'Bar', 'produto 75', 3, 98.00);

INSERT INTO PRODUTO (ID, TIPO, NOME, VALOR, DESCRICAO) VALUES (77, 'Lavanderia', 'produto 76', 7, 160.00);

INSERT INTO PRODUTO (ID, TIPO, NOME, VALOR, DESCRICAO) VALUES (78, 'Lavanderia', 'produto 77', 4, 38.00);

INSERT INTO PRODUTO (ID, TIPO, NOME, VALOR, DESCRICAO) VALUES (79, 'Restaurante', 'produto 78', 10, 165.00);

INSERT INTO PRODUTO (ID, TIPO, NOME, VALOR, DESCRICAO) VALUES (80, 'Frigobar', 'produto 79', 3, 96.00);

INSERT INTO PRODUTO (ID, TIPO, NOME, VALOR, DESCRICAO) VALUES (81, 'Lavanderia', 'produto 80', 9, 18.00);

INSERT INTO PRODUTO (ID, TIPO, NOME, VALOR, DESCRICAO) VALUES (82, 'Restaurante', 'produto 81', 6, 173.00);

INSERT INTO PRODUTO (ID, TIPO, NOME, VALOR, DESCRICAO) VALUES (83, 'Restaurante', 'produto 82', 3, 144.00);

INSERT INTO PRODUTO (ID, TIPO, NOME, VALOR, DESCRICAO) VALUES (84, 'Bar', 'produto 83', 9, 61.00);

INSERT INTO PRODUTO (ID, TIPO, NOME, VALOR, DESCRICAO) VALUES (85, 'Lavanderia', 'produto 84', 9, 29.00);

INSERT INTO PRODUTO (ID, TIPO, NOME, VALOR, DESCRICAO) VALUES (86, 'Lavanderia', 'produto 85', 7, 86.00);

INSERT INTO PRODUTO (ID, TIPO, NOME, VALOR, DESCRICAO) VALUES (87, 'Restaurante', 'produto 86', 8, 70.00);

INSERT INTO PRODUTO (ID, TIPO, NOME, VALOR, DESCRICAO) VALUES (88, 'Frigobar', 'produto 87', 4, 159.00);

INSERT INTO PRODUTO (ID, TIPO, NOME, VALOR, DESCRICAO) VALUES (89, 'Bar', 'produto 88', 6, 95.00);

INSERT INTO PRODUTO (ID, TIPO, NOME, VALOR, DESCRICAO) VALUES (90, 'Frigobar', 'produto 89', 9, 92.00);

INSERT INTO PRODUTO (ID, TIPO, NOME, VALOR, DESCRICAO) VALUES (91, 'Lavanderia', 'produto 90', 10, 71.00);

INSERT INTO PRODUTO (ID, TIPO, NOME, VALOR, DESCRICAO) VALUES (92, 'Restaurante', 'produto 91', 9, 91.00);

INSERT INTO PRODUTO (ID, TIPO, NOME, VALOR, DESCRICAO) VALUES (93, 'Bar', 'produto 92', 7, 78.00);

INSERT INTO PRODUTO (ID, TIPO, NOME, VALOR, DESCRICAO) VALUES (94, 'Restaurante', 'produto 93', 5, 192.00);

INSERT INTO PRODUTO (ID, TIPO, NOME, VALOR, DESCRICAO) VALUES (95, 'Bar', 'produto 94', 10, 82.00);

INSERT INTO PRODUTO (ID, TIPO, NOME, VALOR, DESCRICAO) VALUES (96, 'Frigobar', 'produto 95', 8, 13.00);

INSERT INTO PRODUTO (ID, TIPO, NOME, VALOR, DESCRICAO) VALUES (97, 'Frigobar', 'produto 96', 6, 186.00);

INSERT INTO PRODUTO (ID, TIPO, NOME, VALOR, DESCRICAO) VALUES (98, 'Frigobar', 'produto 97', 1, 145.00);

INSERT INTO PRODUTO (ID, TIPO, NOME, VALOR, DESCRICAO) VALUES (99, 'Frigobar', 'produto 98', 2, 13.00);

INSERT INTO PRODUTO (ID, TIPO, NOME, VALOR, DESCRICAO) VALUES (100, 'Lavanderia', 'produto 99', 1, 73.00);

-----Telefone------

INSERT INTO TELEFONE (TELEFONE, CPF_CLIENTE) VALUES ('(29) 31165-3915', '640.276.825-12');

INSERT INTO TELEFONE (TELEFONE, CPF_CLIENTE) VALUES ('(14) 14183-8088', '597.488.215-67');

INSERT INTO TELEFONE (TELEFONE, CPF_CLIENTE) VALUES ('(84) 83509-7705', '597.488.215-67');

INSERT INTO TELEFONE (TELEFONE, CPF_CLIENTE) VALUES ('(90) 28873-8446', '916.213.794-50');

INSERT INTO TELEFONE (TELEFONE, CPF_CLIENTE) VALUES ('(75) 16400-4591', '916.213.794-50');

INSERT INTO TELEFONE (TELEFONE, CPF_CLIENTE) VALUES ('(24) 16837-7878', '893.957.988-81');

INSERT INTO TELEFONE (TELEFONE, CPF_CLIENTE) VALUES ('(29) 52103-7487', '893.957.988-81');

INSERT INTO TELEFONE (TELEFONE, CPF_CLIENTE) VALUES ('(64) 98729-9360', '770.740.518-96');

INSERT INTO TELEFONE (TELEFONE, CPF_CLIENTE) VALUES ('(47) 82483-5638', '770.740.518-96');

INSERT INTO TELEFONE (TELEFONE, CPF_CLIENTE) VALUES ('(91) 75307-5594', '859.451.727-24');

INSERT INTO TELEFONE (TELEFONE, CPF_CLIENTE) VALUES ('(46) 63843-2139', '306.691.129-27');

INSERT INTO TELEFONE (TELEFONE, CPF_CLIENTE) VALUES ('(22) 99562-4872', '306.691.129-27');

INSERT INTO TELEFONE (TELEFONE, CPF_CLIENTE) VALUES ('(37) 57228-5919', '127.273.873-96');

INSERT INTO TELEFONE (TELEFONE, CPF_CLIENTE) VALUES ('(32) 76318-6142', '127.273.873-96');

INSERT INTO TELEFONE (TELEFONE, CPF_CLIENTE) VALUES ('(54) 67836-9069', '241.999.345-51');

INSERT INTO TELEFONE (TELEFONE, CPF_CLIENTE) VALUES ('(95) 29986-9673', '994.475.365-45');

INSERT INTO TELEFONE (TELEFONE, CPF_CLIENTE) VALUES ('(33) 22351-5391', '994.475.365-45');

INSERT INTO TELEFONE (TELEFONE, CPF_CLIENTE) VALUES ('(68) 28426-4664', '411.644.681-18');

INSERT INTO TELEFONE (TELEFONE, CPF_CLIENTE) VALUES ('(97) 66609-4077', '411.644.681-18');

INSERT INTO TELEFONE (TELEFONE, CPF_CLIENTE) VALUES ('(34) 98328-2999', '384.609.817-33');

INSERT INTO TELEFONE (TELEFONE, CPF_CLIENTE) VALUES ('(98) 42132-2125', '968.633.879-73');

INSERT INTO TELEFONE (TELEFONE, CPF_CLIENTE) VALUES ('(19) 42962-3570', '413.172.440-83');

INSERT INTO TELEFONE (TELEFONE, CPF_CLIENTE) VALUES ('(82) 45127-8631', '413.172.440-83');

INSERT INTO TELEFONE (TELEFONE, CPF_CLIENTE) VALUES ('(94) 87213-1485', '437.890.685-31');

INSERT INTO TELEFONE (TELEFONE, CPF_CLIENTE) VALUES ('(83) 78232-2165', '437.890.685-31');

INSERT INTO TELEFONE (TELEFONE, CPF_CLIENTE) VALUES ('(32) 87440-1425', '767.633.900-37');

INSERT INTO TELEFONE (TELEFONE, CPF_CLIENTE) VALUES ('(88) 99916-8143', '327.802.327-55');

INSERT INTO TELEFONE (TELEFONE, CPF_CLIENTE) VALUES ('(94) 87294-9945', '327.802.327-55');

INSERT INTO TELEFONE (TELEFONE, CPF_CLIENTE) VALUES ('(39) 95558-1033', '208.442.600-98');

INSERT INTO TELEFONE (TELEFONE, CPF_CLIENTE) VALUES ('(31) 56166-8558', '393.970.471-96');

INSERT INTO TELEFONE (TELEFONE, CPF_CLIENTE) VALUES ('(98) 43907-4107', '393.970.471-96');

INSERT INTO TELEFONE (TELEFONE, CPF_CLIENTE) VALUES ('(40) 99637-2419', '283.808.522-57');

-----Equipamentos------

INSERT INTO EQUIPAMENTO (EQUIPAMENTO, NUMERO_QUARTO) VALUES ('TV a cabo 01', '180-G');

INSERT INTO EQUIPAMENTO (EQUIPAMENTO, NUMERO_QUARTO) VALUES ('frigobar 02', '180-G');

INSERT INTO EQUIPAMENTO (EQUIPAMENTO, NUMERO_QUARTO) VALUES ('TV a cabo 01', 'D-269');

INSERT INTO EQUIPAMENTO (EQUIPAMENTO, NUMERO_QUARTO) VALUES ('frigobar 02', 'D-269');

INSERT INTO EQUIPAMENTO (EQUIPAMENTO, NUMERO_QUARTO) VALUES ('frigobar 03', 'D-269');

INSERT INTO EQUIPAMENTO (EQUIPAMENTO, NUMERO_QUARTO) VALUES ('televisão 01', '113-Q');

INSERT INTO EQUIPAMENTO (EQUIPAMENTO, NUMERO_QUARTO) VALUES ('TV a cabo 02', '113-Q');

INSERT INTO EQUIPAMENTO (EQUIPAMENTO, NUMERO_QUARTO) VALUES ('TV a cabo 03', '113-Q');

INSERT INTO EQUIPAMENTO (EQUIPAMENTO, NUMERO_QUARTO) VALUES ('televisão 04', '113-Q');

INSERT INTO EQUIPAMENTO (EQUIPAMENTO, NUMERO_QUARTO) VALUES ('TV a cabo 01', 'I-288');

INSERT INTO EQUIPAMENTO (EQUIPAMENTO, NUMERO_QUARTO) VALUES ('TV a cabo 02', 'I-288');

INSERT INTO EQUIPAMENTO (EQUIPAMENTO, NUMERO_QUARTO) VALUES ('televisão 03', 'I-288');

INSERT INTO EQUIPAMENTO (EQUIPAMENTO, NUMERO_QUARTO) VALUES ('ar 04', 'I-288');

INSERT INTO EQUIPAMENTO (EQUIPAMENTO, NUMERO_QUARTO) VALUES ('TV a cabo 01', '189-O');

INSERT INTO EQUIPAMENTO (EQUIPAMENTO, NUMERO_QUARTO) VALUES ('frigobar 02', '189-O');

INSERT INTO EQUIPAMENTO (EQUIPAMENTO, NUMERO_QUARTO) VALUES ('frigobar 01', 'N-279');

INSERT INTO EQUIPAMENTO (EQUIPAMENTO, NUMERO_QUARTO) VALUES ('frigobar 02', 'N-279');

INSERT INTO EQUIPAMENTO (EQUIPAMENTO, NUMERO_QUARTO) VALUES ('ar 03', 'N-279');

INSERT INTO EQUIPAMENTO (EQUIPAMENTO, NUMERO_QUARTO) VALUES ('TV a cabo 04', 'N-279');

INSERT INTO EQUIPAMENTO (EQUIPAMENTO, NUMERO_QUARTO) VALUES ('ar 05', 'N-279');

INSERT INTO EQUIPAMENTO (EQUIPAMENTO, NUMERO_QUARTO) VALUES ('televisão 01', '248-F');

INSERT INTO EQUIPAMENTO (EQUIPAMENTO, NUMERO_QUARTO) VALUES ('ar 02', '248-F');

INSERT INTO EQUIPAMENTO (EQUIPAMENTO, NUMERO_QUARTO) VALUES ('ar 03', '248-F');

INSERT INTO EQUIPAMENTO (EQUIPAMENTO, NUMERO_QUARTO) VALUES ('TV a cabo 01', 'O-135');

INSERT INTO EQUIPAMENTO (EQUIPAMENTO, NUMERO_QUARTO) VALUES ('televisão 02', 'O-135');

INSERT INTO EQUIPAMENTO (EQUIPAMENTO, NUMERO_QUARTO) VALUES ('televisão 01', '211-F');

INSERT INTO EQUIPAMENTO (EQUIPAMENTO, NUMERO_QUARTO) VALUES ('ar 02', '211-F');

INSERT INTO EQUIPAMENTO (EQUIPAMENTO, NUMERO_QUARTO) VALUES ('ar 03', '211-F');

INSERT INTO EQUIPAMENTO (EQUIPAMENTO, NUMERO_QUARTO) VALUES ('frigobar 01', 'U-126');

INSERT INTO EQUIPAMENTO (EQUIPAMENTO, NUMERO_QUARTO) VALUES ('televisão 02', 'U-126');

INSERT INTO EQUIPAMENTO (EQUIPAMENTO, NUMERO_QUARTO) VALUES ('frigobar 01', '251-A');

INSERT INTO EQUIPAMENTO (EQUIPAMENTO, NUMERO_QUARTO) VALUES ('televisão 02', '251-A');

INSERT INTO EQUIPAMENTO (EQUIPAMENTO, NUMERO_QUARTO) VALUES ('TV a cabo 03', '251-A');

INSERT INTO EQUIPAMENTO (EQUIPAMENTO, NUMERO_QUARTO) VALUES ('ar 01', 'T-281');

INSERT INTO EQUIPAMENTO (EQUIPAMENTO, NUMERO_QUARTO) VALUES ('ar 02', 'T-281');

INSERT INTO EQUIPAMENTO (EQUIPAMENTO, NUMERO_QUARTO) VALUES ('televisão 03', 'T-281');

INSERT INTO EQUIPAMENTO (EQUIPAMENTO, NUMERO_QUARTO) VALUES ('TV a cabo 01', '257-U');

INSERT INTO EQUIPAMENTO (EQUIPAMENTO, NUMERO_QUARTO) VALUES ('frigobar 02', '257-U');

INSERT INTO EQUIPAMENTO (EQUIPAMENTO, NUMERO_QUARTO) VALUES ('TV a cabo 03', '257-U');

INSERT INTO EQUIPAMENTO (EQUIPAMENTO, NUMERO_QUARTO) VALUES ('frigobar 04', '257-U');

INSERT INTO EQUIPAMENTO (EQUIPAMENTO, NUMERO_QUARTO) VALUES ('ar 05', '257-U');

INSERT INTO EQUIPAMENTO (EQUIPAMENTO, NUMERO_QUARTO) VALUES ('TV a cabo 01', 'Q-159');

INSERT INTO EQUIPAMENTO (EQUIPAMENTO, NUMERO_QUARTO) VALUES ('TV a cabo 02', 'Q-159');

INSERT INTO EQUIPAMENTO (EQUIPAMENTO, NUMERO_QUARTO) VALUES ('TV a cabo 03', 'Q-159');

INSERT INTO EQUIPAMENTO (EQUIPAMENTO, NUMERO_QUARTO) VALUES ('frigobar 01', '183-F');

INSERT INTO EQUIPAMENTO (EQUIPAMENTO, NUMERO_QUARTO) VALUES ('televisão 02', '183-F');

INSERT INTO EQUIPAMENTO (EQUIPAMENTO, NUMERO_QUARTO) VALUES ('ar 03', '183-F');

INSERT INTO EQUIPAMENTO (EQUIPAMENTO, NUMERO_QUARTO) VALUES ('ar 01', 'F-151');

INSERT INTO EQUIPAMENTO (EQUIPAMENTO, NUMERO_QUARTO) VALUES ('ar 01', '163-Q');

INSERT INTO EQUIPAMENTO (EQUIPAMENTO, NUMERO_QUARTO) VALUES ('TV a cabo 02', '163-Q');

INSERT INTO EQUIPAMENTO (EQUIPAMENTO, NUMERO_QUARTO) VALUES ('ar 03', '163-Q');

INSERT INTO EQUIPAMENTO (EQUIPAMENTO, NUMERO_QUARTO) VALUES ('televisão 01', 'I-177');

INSERT INTO EQUIPAMENTO (EQUIPAMENTO, NUMERO_QUARTO) VALUES ('ar 02', 'I-177');

INSERT INTO EQUIPAMENTO (EQUIPAMENTO, NUMERO_QUARTO) VALUES ('frigobar 03', 'I-177');

INSERT INTO EQUIPAMENTO (EQUIPAMENTO, NUMERO_QUARTO) VALUES ('TV a cabo 01', '154-V');

INSERT INTO EQUIPAMENTO (EQUIPAMENTO, NUMERO_QUARTO) VALUES ('televisão 02', '154-V');

INSERT INTO EQUIPAMENTO (EQUIPAMENTO, NUMERO_QUARTO) VALUES ('TV a cabo 01', 'J-271');

INSERT INTO EQUIPAMENTO (EQUIPAMENTO, NUMERO_QUARTO) VALUES ('frigobar 01', '198-Y');

INSERT INTO EQUIPAMENTO (EQUIPAMENTO, NUMERO_QUARTO) VALUES ('televisão 01', 'H-180');

INSERT INTO EQUIPAMENTO (EQUIPAMENTO, NUMERO_QUARTO) VALUES ('televisão 01', '243-B');

INSERT INTO EQUIPAMENTO (EQUIPAMENTO, NUMERO_QUARTO) VALUES ('ar 01', 'O-112');

INSERT INTO EQUIPAMENTO (EQUIPAMENTO, NUMERO_QUARTO) VALUES ('TV a cabo 02', 'O-112');

INSERT INTO EQUIPAMENTO (EQUIPAMENTO, NUMERO_QUARTO) VALUES ('ar 01', '222-T');

INSERT INTO EQUIPAMENTO (EQUIPAMENTO, NUMERO_QUARTO) VALUES ('TV a cabo 02', '222-T');

INSERT INTO EQUIPAMENTO (EQUIPAMENTO, NUMERO_QUARTO) VALUES ('TV a cabo 03', '222-T');

INSERT INTO EQUIPAMENTO (EQUIPAMENTO, NUMERO_QUARTO) VALUES ('ar 01', 'W-147');

INSERT INTO EQUIPAMENTO (EQUIPAMENTO, NUMERO_QUARTO) VALUES ('TV a cabo 02', 'W-147');

INSERT INTO EQUIPAMENTO (EQUIPAMENTO, NUMERO_QUARTO) VALUES ('frigobar 01', '191-M');

INSERT INTO EQUIPAMENTO (EQUIPAMENTO, NUMERO_QUARTO) VALUES ('televisão 02', '191-M');

INSERT INTO EQUIPAMENTO (EQUIPAMENTO, NUMERO_QUARTO) VALUES ('ar 03', '191-M');

INSERT INTO EQUIPAMENTO (EQUIPAMENTO, NUMERO_QUARTO) VALUES ('televisão 04', '191-M');

INSERT INTO EQUIPAMENTO (EQUIPAMENTO, NUMERO_QUARTO) VALUES ('frigobar 01', 'K-286');

INSERT INTO EQUIPAMENTO (EQUIPAMENTO, NUMERO_QUARTO) VALUES ('TV a cabo 02', 'K-286');

INSERT INTO EQUIPAMENTO (EQUIPAMENTO, NUMERO_QUARTO) VALUES ('frigobar 03', 'K-286');

INSERT INTO EQUIPAMENTO (EQUIPAMENTO, NUMERO_QUARTO) VALUES ('frigobar 04', 'K-286');

INSERT INTO EQUIPAMENTO (EQUIPAMENTO, NUMERO_QUARTO) VALUES ('ar 01', '256-B');

INSERT INTO EQUIPAMENTO (EQUIPAMENTO, NUMERO_QUARTO) VALUES ('televisão 02', '256-B');

INSERT INTO EQUIPAMENTO (EQUIPAMENTO, NUMERO_QUARTO) VALUES ('frigobar 01', 'O-257');

-----Hospeda------

INSERT INTO HOSPEDA (ID_HOSPEDAGEM, DIA_CHECK_IN, DIA_CHECK_OUT, CPF_CLIENTE, NUMERO_QUARTO) VALUES (1, TO_DATE('04/04/2012','DD/MM/YYYY'), TO_DATE('06/04/2012','DD/MM/YYYY'), '640.276.825-12', 'I-177');

INSERT INTO HOSPEDA (ID_HOSPEDAGEM, DIA_CHECK_IN, DIA_CHECK_OUT, CPF_CLIENTE, NUMERO_QUARTO) VALUES (2, TO_DATE('02/07/2016','DD/MM/YYYY'), TO_DATE('04/07/2016','DD/MM/YYYY'), '597.488.215-67', '222-T');

INSERT INTO HOSPEDA (ID_HOSPEDAGEM, DIA_CHECK_IN, DIA_CHECK_OUT, CPF_CLIENTE, NUMERO_QUARTO) VALUES (3, TO_DATE('01/06/2016','DD/MM/YYYY'), TO_DATE('05/06/2016','DD/MM/YYYY'), '916.213.794-50', 'D-269');

INSERT INTO HOSPEDA (ID_HOSPEDAGEM, DIA_CHECK_IN, DIA_CHECK_OUT, CPF_CLIENTE, NUMERO_QUARTO) VALUES (4, TO_DATE('04/09/2018','DD/MM/YYYY'), TO_DATE('05/09/2018','DD/MM/YYYY'), '916.213.794-50', '251-A');

INSERT INTO HOSPEDA (ID_HOSPEDAGEM, DIA_CHECK_IN, DIA_CHECK_OUT, CPF_CLIENTE, NUMERO_QUARTO) VALUES (5, TO_DATE('05/09/2010','DD/MM/YYYY'), TO_DATE('07/09/2010','DD/MM/YYYY'), '893.957.988-81', '183-F');

INSERT INTO HOSPEDA (ID_HOSPEDAGEM, DIA_CHECK_IN, DIA_CHECK_OUT, CPF_CLIENTE, NUMERO_QUARTO) VALUES (6, TO_DATE('04/01/2012','DD/MM/YYYY'), TO_DATE('05/01/2012','DD/MM/YYYY'), '770.740.518-96', 'N-279');

INSERT INTO HOSPEDA (ID_HOSPEDAGEM, DIA_CHECK_IN, DIA_CHECK_OUT, CPF_CLIENTE, NUMERO_QUARTO) VALUES (7, TO_DATE('05/01/2017','DD/MM/YYYY'), TO_DATE('09/01/2017','DD/MM/YYYY'), '859.451.727-24', 'Q-159');

INSERT INTO HOSPEDA (ID_HOSPEDAGEM, DIA_CHECK_IN, DIA_CHECK_OUT, CPF_CLIENTE, NUMERO_QUARTO) VALUES (8, TO_DATE('04/03/2010','DD/MM/YYYY'), TO_DATE('06/03/2010','DD/MM/YYYY'), '859.451.727-24', 'T-281');

INSERT INTO HOSPEDA (ID_HOSPEDAGEM, DIA_CHECK_IN, DIA_CHECK_OUT, CPF_CLIENTE, NUMERO_QUARTO) VALUES (9, TO_DATE('05/01/2011','DD/MM/YYYY'), TO_DATE('09/01/2011','DD/MM/YYYY'), '306.691.129-27', 'N-279');

INSERT INTO HOSPEDA (ID_HOSPEDAGEM, DIA_CHECK_IN, DIA_CHECK_OUT, CPF_CLIENTE, NUMERO_QUARTO) VALUES (10, TO_DATE('02/02/2014','DD/MM/YYYY'), TO_DATE('05/02/2014','DD/MM/YYYY'), '127.273.873-96', '154-V');

INSERT INTO HOSPEDA (ID_HOSPEDAGEM, DIA_CHECK_IN, DIA_CHECK_OUT, CPF_CLIENTE, NUMERO_QUARTO) VALUES (11, TO_DATE('04/05/2019','DD/MM/YYYY'), TO_DATE('08/05/2019','DD/MM/YYYY'), '127.273.873-96', 'K-286');

INSERT INTO HOSPEDA (ID_HOSPEDAGEM, DIA_CHECK_IN, DIA_CHECK_OUT, CPF_CLIENTE, NUMERO_QUARTO) VALUES (12, TO_DATE('05/04/2014','DD/MM/YYYY'), TO_DATE('06/04/2014','DD/MM/YYYY'), '241.999.345-51', '256-B');

INSERT INTO HOSPEDA (ID_HOSPEDAGEM, DIA_CHECK_IN, DIA_CHECK_OUT, CPF_CLIENTE, NUMERO_QUARTO) VALUES (13, TO_DATE('02/02/2010','DD/MM/YYYY'), TO_DATE('06/02/2010','DD/MM/YYYY'), '994.475.365-45', '113-Q');

INSERT INTO HOSPEDA (ID_HOSPEDAGEM, DIA_CHECK_IN, DIA_CHECK_OUT, CPF_CLIENTE, NUMERO_QUARTO) VALUES (14, TO_DATE('01/01/2018','DD/MM/YYYY'), TO_DATE('02/01/2018','DD/MM/YYYY'), '994.475.365-45', 'H-180');

INSERT INTO HOSPEDA (ID_HOSPEDAGEM, DIA_CHECK_IN, DIA_CHECK_OUT, CPF_CLIENTE, NUMERO_QUARTO) VALUES (15, TO_DATE('03/04/2011','DD/MM/YYYY'), TO_DATE('06/04/2011','DD/MM/YYYY'), '411.644.681-18', '256-B');

INSERT INTO HOSPEDA (ID_HOSPEDAGEM, DIA_CHECK_IN, DIA_CHECK_OUT, CPF_CLIENTE, NUMERO_QUARTO) VALUES (16, TO_DATE('05/07/2017','DD/MM/YYYY'), TO_DATE('08/07/2017','DD/MM/YYYY'), '384.609.817-33', 'J-271');

INSERT INTO HOSPEDA (ID_HOSPEDAGEM, DIA_CHECK_IN, DIA_CHECK_OUT, CPF_CLIENTE, NUMERO_QUARTO) VALUES (17, TO_DATE('01/01/2018','DD/MM/YYYY'), TO_DATE('04/01/2018','DD/MM/YYYY'), '968.633.879-73', '222-T');

INSERT INTO HOSPEDA (ID_HOSPEDAGEM, DIA_CHECK_IN, DIA_CHECK_OUT, CPF_CLIENTE, NUMERO_QUARTO) VALUES (18, TO_DATE('01/01/2011','DD/MM/YYYY'), TO_DATE('02/01/2011','DD/MM/YYYY'), '968.633.879-73', 'O-257');

INSERT INTO HOSPEDA (ID_HOSPEDAGEM, DIA_CHECK_IN, DIA_CHECK_OUT, CPF_CLIENTE, NUMERO_QUARTO) VALUES (19, TO_DATE('02/01/2012','DD/MM/YYYY'), TO_DATE('06/01/2012','DD/MM/YYYY'), '413.172.440-83', '163-Q');

INSERT INTO HOSPEDA (ID_HOSPEDAGEM, DIA_CHECK_IN, DIA_CHECK_OUT, CPF_CLIENTE, NUMERO_QUARTO) VALUES (20, TO_DATE('02/01/2019','DD/MM/YYYY'), TO_DATE('04/01/2019','DD/MM/YYYY'), '413.172.440-83', '154-V');

INSERT INTO HOSPEDA (ID_HOSPEDAGEM, DIA_CHECK_IN, DIA_CHECK_OUT, CPF_CLIENTE, NUMERO_QUARTO) VALUES (21, TO_DATE('04/07/2019','DD/MM/YYYY'), TO_DATE('05/07/2019','DD/MM/YYYY'), '437.890.685-31', '191-M');

INSERT INTO HOSPEDA (ID_HOSPEDAGEM, DIA_CHECK_IN, DIA_CHECK_OUT, CPF_CLIENTE, NUMERO_QUARTO) VALUES (22, TO_DATE('03/07/2018','DD/MM/YYYY'), TO_DATE('06/07/2018','DD/MM/YYYY'), '437.890.685-31', '256-B');

INSERT INTO HOSPEDA (ID_HOSPEDAGEM, DIA_CHECK_IN, DIA_CHECK_OUT, CPF_CLIENTE, NUMERO_QUARTO) VALUES (23, TO_DATE('01/04/2011','DD/MM/YYYY'), TO_DATE('05/04/2011','DD/MM/YYYY'), '767.633.900-37', '251-A');

INSERT INTO HOSPEDA (ID_HOSPEDAGEM, DIA_CHECK_IN, DIA_CHECK_OUT, CPF_CLIENTE, NUMERO_QUARTO) VALUES (24, TO_DATE('02/02/2018','DD/MM/YYYY'), TO_DATE('05/02/2018','DD/MM/YYYY'), '767.633.900-37', 'W-147');

INSERT INTO HOSPEDA (ID_HOSPEDAGEM, DIA_CHECK_IN, DIA_CHECK_OUT, CPF_CLIENTE, NUMERO_QUARTO) VALUES (25, TO_DATE('01/04/2019','DD/MM/YYYY'), TO_DATE('05/04/2019','DD/MM/YYYY'), '327.802.327-55', 'D-269');

INSERT INTO HOSPEDA (ID_HOSPEDAGEM, DIA_CHECK_IN, DIA_CHECK_OUT, CPF_CLIENTE, NUMERO_QUARTO) VALUES (26, TO_DATE('05/05/2018','DD/MM/YYYY'), TO_DATE('08/05/2018','DD/MM/YYYY'), '327.802.327-55', '198-Y');

INSERT INTO HOSPEDA (ID_HOSPEDAGEM, DIA_CHECK_IN, DIA_CHECK_OUT, CPF_CLIENTE, NUMERO_QUARTO) VALUES (27, TO_DATE('05/07/2013','DD/MM/YYYY'), TO_DATE('06/07/2013','DD/MM/YYYY'), '208.442.600-98', '191-M');

INSERT INTO HOSPEDA (ID_HOSPEDAGEM, DIA_CHECK_IN, DIA_CHECK_OUT, CPF_CLIENTE, NUMERO_QUARTO) VALUES (28, TO_DATE('02/05/2015','DD/MM/YYYY'), TO_DATE('06/05/2015','DD/MM/YYYY'), '208.442.600-98', 'D-269');

INSERT INTO HOSPEDA (ID_HOSPEDAGEM, DIA_CHECK_IN, DIA_CHECK_OUT, CPF_CLIENTE, NUMERO_QUARTO) VALUES (29, TO_DATE('01/01/2012','DD/MM/YYYY'), TO_DATE('04/01/2012','DD/MM/YYYY'), '393.970.471-96', '180-G');

INSERT INTO HOSPEDA (ID_HOSPEDAGEM, DIA_CHECK_IN, DIA_CHECK_OUT, CPF_CLIENTE, NUMERO_QUARTO) VALUES (30, TO_DATE('01/06/2016','DD/MM/YYYY'), TO_DATE('05/06/2016','DD/MM/YYYY'), '283.808.522-57', 'I-177');

INSERT INTO HOSPEDA (ID_HOSPEDAGEM, DIA_CHECK_IN, DIA_CHECK_OUT, CPF_CLIENTE, NUMERO_QUARTO) VALUES (31, TO_DATE('02/08/2017','DD/MM/YYYY'), TO_DATE('06/08/2017','DD/MM/YYYY'), '283.808.522-57', 'O-135');

-----Reserva------

INSERT INTO RESERVA (ID_RESERVA, CPF_CLIENTE, NUMERO_QUARTO, DIA_CHECK_IN, DIA_CHECK_OUT) VALUES (1, '640.276.825-12', '163-Q', TO_DATE('02/05/2016','DD/MM/YYYY'), TO_DATE('04/05/2016','DD/MM/YYYY'));

INSERT INTO RESERVA (ID_RESERVA, CPF_CLIENTE, NUMERO_QUARTO, DIA_CHECK_IN, DIA_CHECK_OUT) VALUES (2, '597.488.215-67', '154-V', TO_DATE('03/06/2015','DD/MM/YYYY'), TO_DATE('04/06/2015','DD/MM/YYYY'));

INSERT INTO RESERVA (ID_RESERVA, CPF_CLIENTE, NUMERO_QUARTO, DIA_CHECK_IN, DIA_CHECK_OUT) VALUES (3, '597.488.215-67', '222-T', TO_DATE('05/06/2010','DD/MM/YYYY'), TO_DATE('06/06/2010','DD/MM/YYYY'));

INSERT INTO RESERVA (ID_RESERVA, CPF_CLIENTE, NUMERO_QUARTO, DIA_CHECK_IN, DIA_CHECK_OUT) VALUES (4, '597.488.215-67', 'K-286', TO_DATE('04/09/2011','DD/MM/YYYY'), TO_DATE('05/09/2011','DD/MM/YYYY'));

INSERT INTO RESERVA (ID_RESERVA, CPF_CLIENTE, NUMERO_QUARTO, DIA_CHECK_IN, DIA_CHECK_OUT) VALUES (5, '916.213.794-50', '256-B', TO_DATE('04/07/2010','DD/MM/YYYY'), TO_DATE('08/07/2010','DD/MM/YYYY'));

INSERT INTO RESERVA (ID_RESERVA, CPF_CLIENTE, NUMERO_QUARTO, DIA_CHECK_IN, DIA_CHECK_OUT) VALUES (6, '916.213.794-50', '251-A', TO_DATE('02/03/2015','DD/MM/YYYY'), TO_DATE('04/03/2015','DD/MM/YYYY'));

INSERT INTO RESERVA (ID_RESERVA, CPF_CLIENTE, NUMERO_QUARTO, DIA_CHECK_IN, DIA_CHECK_OUT) VALUES (7, '893.957.988-81', 'J-271', TO_DATE('01/08/2013','DD/MM/YYYY'), TO_DATE('02/08/2013','DD/MM/YYYY'));

INSERT INTO RESERVA (ID_RESERVA, CPF_CLIENTE, NUMERO_QUARTO, DIA_CHECK_IN, DIA_CHECK_OUT) VALUES (8, '893.957.988-81', 'O-135', TO_DATE('03/02/2011','DD/MM/YYYY'), TO_DATE('04/02/2011','DD/MM/YYYY'));

INSERT INTO RESERVA (ID_RESERVA, CPF_CLIENTE, NUMERO_QUARTO, DIA_CHECK_IN, DIA_CHECK_OUT) VALUES (9, '893.957.988-81', '222-T', TO_DATE('05/06/2018','DD/MM/YYYY'), TO_DATE('07/06/2018','DD/MM/YYYY'));

INSERT INTO RESERVA (ID_RESERVA, CPF_CLIENTE, NUMERO_QUARTO, DIA_CHECK_IN, DIA_CHECK_OUT) VALUES (10, '770.740.518-96', '256-B', TO_DATE('04/04/2015','DD/MM/YYYY'), TO_DATE('07/04/2015','DD/MM/YYYY'));

INSERT INTO RESERVA (ID_RESERVA, CPF_CLIENTE, NUMERO_QUARTO, DIA_CHECK_IN, DIA_CHECK_OUT) VALUES (11, '770.740.518-96', '211-F', TO_DATE('04/02/2011','DD/MM/YYYY'), TO_DATE('08/02/2011','DD/MM/YYYY'));

INSERT INTO RESERVA (ID_RESERVA, CPF_CLIENTE, NUMERO_QUARTO, DIA_CHECK_IN, DIA_CHECK_OUT) VALUES (12, '859.451.727-24', '198-Y', TO_DATE('02/03/2015','DD/MM/YYYY'), TO_DATE('03/03/2015','DD/MM/YYYY'));

INSERT INTO RESERVA (ID_RESERVA, CPF_CLIENTE, NUMERO_QUARTO, DIA_CHECK_IN, DIA_CHECK_OUT) VALUES (13, '859.451.727-24', 'T-281', TO_DATE('05/07/2017','DD/MM/YYYY'), TO_DATE('08/07/2017','DD/MM/YYYY'));

INSERT INTO RESERVA (ID_RESERVA, CPF_CLIENTE, NUMERO_QUARTO, DIA_CHECK_IN, DIA_CHECK_OUT) VALUES (14, '859.451.727-24', 'K-286', TO_DATE('01/05/2014','DD/MM/YYYY'), TO_DATE('03/05/2014','DD/MM/YYYY'));

INSERT INTO RESERVA (ID_RESERVA, CPF_CLIENTE, NUMERO_QUARTO, DIA_CHECK_IN, DIA_CHECK_OUT) VALUES (15, '306.691.129-27', '243-B', TO_DATE('01/06/2012','DD/MM/YYYY'), TO_DATE('02/06/2012','DD/MM/YYYY'));

INSERT INTO RESERVA (ID_RESERVA, CPF_CLIENTE, NUMERO_QUARTO, DIA_CHECK_IN, DIA_CHECK_OUT) VALUES (16, '306.691.129-27', '257-U', TO_DATE('03/08/2013','DD/MM/YYYY'), TO_DATE('05/08/2013','DD/MM/YYYY'));

INSERT INTO RESERVA (ID_RESERVA, CPF_CLIENTE, NUMERO_QUARTO, DIA_CHECK_IN, DIA_CHECK_OUT) VALUES (17, '127.273.873-96', '163-Q', TO_DATE('04/02/2010','DD/MM/YYYY'), TO_DATE('05/02/2010','DD/MM/YYYY'));

INSERT INTO RESERVA (ID_RESERVA, CPF_CLIENTE, NUMERO_QUARTO, DIA_CHECK_IN, DIA_CHECK_OUT) VALUES (18, '241.999.345-51', 'H-180', TO_DATE('01/07/2017','DD/MM/YYYY'), TO_DATE('04/07/2017','DD/MM/YYYY'));

INSERT INTO RESERVA (ID_RESERVA, CPF_CLIENTE, NUMERO_QUARTO, DIA_CHECK_IN, DIA_CHECK_OUT) VALUES (19, '241.999.345-51', 'O-135', TO_DATE('05/01/2011','DD/MM/YYYY'), TO_DATE('07/01/2011','DD/MM/YYYY'));

INSERT INTO RESERVA (ID_RESERVA, CPF_CLIENTE, NUMERO_QUARTO, DIA_CHECK_IN, DIA_CHECK_OUT) VALUES (20, '994.475.365-45', 'K-286', TO_DATE('04/05/2017','DD/MM/YYYY'), TO_DATE('06/05/2017','DD/MM/YYYY'));

INSERT INTO RESERVA (ID_RESERVA, CPF_CLIENTE, NUMERO_QUARTO, DIA_CHECK_IN, DIA_CHECK_OUT) VALUES (21, '994.475.365-45', 'J-271', TO_DATE('05/05/2012','DD/MM/YYYY'), TO_DATE('09/05/2012','DD/MM/YYYY'));

INSERT INTO RESERVA (ID_RESERVA, CPF_CLIENTE, NUMERO_QUARTO, DIA_CHECK_IN, DIA_CHECK_OUT) VALUES (22, '411.644.681-18', 'O-135', TO_DATE('04/08/2014','DD/MM/YYYY'), TO_DATE('05/08/2014','DD/MM/YYYY'));

INSERT INTO RESERVA (ID_RESERVA, CPF_CLIENTE, NUMERO_QUARTO, DIA_CHECK_IN, DIA_CHECK_OUT) VALUES (23, '411.644.681-18', '198-Y', TO_DATE('04/04/2018','DD/MM/YYYY'), TO_DATE('08/04/2018','DD/MM/YYYY'));

INSERT INTO RESERVA (ID_RESERVA, CPF_CLIENTE, NUMERO_QUARTO, DIA_CHECK_IN, DIA_CHECK_OUT) VALUES (24, '411.644.681-18', '163-Q', TO_DATE('02/05/2012','DD/MM/YYYY'), TO_DATE('06/05/2012','DD/MM/YYYY'));

INSERT INTO RESERVA (ID_RESERVA, CPF_CLIENTE, NUMERO_QUARTO, DIA_CHECK_IN, DIA_CHECK_OUT) VALUES (25, '384.609.817-33', '113-Q', TO_DATE('02/01/2019','DD/MM/YYYY'), TO_DATE('06/01/2019','DD/MM/YYYY'));

INSERT INTO RESERVA (ID_RESERVA, CPF_CLIENTE, NUMERO_QUARTO, DIA_CHECK_IN, DIA_CHECK_OUT) VALUES (26, '968.633.879-73', '154-V', TO_DATE('02/02/2014','DD/MM/YYYY'), TO_DATE('06/02/2014','DD/MM/YYYY'));

INSERT INTO RESERVA (ID_RESERVA, CPF_CLIENTE, NUMERO_QUARTO, DIA_CHECK_IN, DIA_CHECK_OUT) VALUES (27, '968.633.879-73', '154-V', TO_DATE('04/06/2012','DD/MM/YYYY'), TO_DATE('06/06/2012','DD/MM/YYYY'));

INSERT INTO RESERVA (ID_RESERVA, CPF_CLIENTE, NUMERO_QUARTO, DIA_CHECK_IN, DIA_CHECK_OUT) VALUES (28, '413.172.440-83', 'I-177', TO_DATE('02/05/2014','DD/MM/YYYY'), TO_DATE('03/05/2014','DD/MM/YYYY'));

INSERT INTO RESERVA (ID_RESERVA, CPF_CLIENTE, NUMERO_QUARTO, DIA_CHECK_IN, DIA_CHECK_OUT) VALUES (29, '413.172.440-83', 'O-112', TO_DATE('02/06/2010','DD/MM/YYYY'), TO_DATE('05/06/2010','DD/MM/YYYY'));

INSERT INTO RESERVA (ID_RESERVA, CPF_CLIENTE, NUMERO_QUARTO, DIA_CHECK_IN, DIA_CHECK_OUT) VALUES (30, '437.890.685-31', '163-Q', TO_DATE('01/06/2010','DD/MM/YYYY'), TO_DATE('02/06/2010','DD/MM/YYYY'));

INSERT INTO RESERVA (ID_RESERVA, CPF_CLIENTE, NUMERO_QUARTO, DIA_CHECK_IN, DIA_CHECK_OUT) VALUES (31, '437.890.685-31', '163-Q', TO_DATE('02/08/2016','DD/MM/YYYY'), TO_DATE('03/08/2016','DD/MM/YYYY'));

INSERT INTO RESERVA (ID_RESERVA, CPF_CLIENTE, NUMERO_QUARTO, DIA_CHECK_IN, DIA_CHECK_OUT) VALUES (32, '767.633.900-37', 'K-286', TO_DATE('05/06/2014','DD/MM/YYYY'), TO_DATE('06/06/2014','DD/MM/YYYY'));

INSERT INTO RESERVA (ID_RESERVA, CPF_CLIENTE, NUMERO_QUARTO, DIA_CHECK_IN, DIA_CHECK_OUT) VALUES (33, '327.802.327-55', 'O-135', TO_DATE('05/08/2012','DD/MM/YYYY'), TO_DATE('06/08/2012','DD/MM/YYYY'));

INSERT INTO RESERVA (ID_RESERVA, CPF_CLIENTE, NUMERO_QUARTO, DIA_CHECK_IN, DIA_CHECK_OUT) VALUES (34, '208.442.600-98', '113-Q', TO_DATE('01/03/2014','DD/MM/YYYY'), TO_DATE('02/03/2014','DD/MM/YYYY'));

INSERT INTO RESERVA (ID_RESERVA, CPF_CLIENTE, NUMERO_QUARTO, DIA_CHECK_IN, DIA_CHECK_OUT) VALUES (35, '393.970.471-96', '189-O', TO_DATE('04/01/2015','DD/MM/YYYY'), TO_DATE('06/01/2015','DD/MM/YYYY'));

INSERT INTO RESERVA (ID_RESERVA, CPF_CLIENTE, NUMERO_QUARTO, DIA_CHECK_IN, DIA_CHECK_OUT) VALUES (36, '393.970.471-96', 'K-286', TO_DATE('01/08/2016','DD/MM/YYYY'), TO_DATE('04/08/2016','DD/MM/YYYY'));

INSERT INTO RESERVA (ID_RESERVA, CPF_CLIENTE, NUMERO_QUARTO, DIA_CHECK_IN, DIA_CHECK_OUT) VALUES (37, '283.808.522-57', 'I-177', TO_DATE('02/08/2018','DD/MM/YYYY'), TO_DATE('04/08/2018','DD/MM/YYYY'));

-----Venda------

INSERT INTO VENDA (ID_VENDA, ID_PRODUTO, NUMERO_QUARTO, DATA, QUANTIDADE) VALUES (1, 55, 'K-286', TO_DATE('06/09/2017','DD/MM/YYYY'), 4);

INSERT INTO VENDA (ID_VENDA, ID_PRODUTO, NUMERO_QUARTO, DATA, QUANTIDADE) VALUES (2, 82, 'O-257', TO_DATE('09/09/2018','DD/MM/YYYY'), 3);

INSERT INTO VENDA (ID_VENDA, ID_PRODUTO, NUMERO_QUARTO, DATA, QUANTIDADE) VALUES (3, 71, 'T-281', TO_DATE('08/07/2015','DD/MM/YYYY'), 4);

INSERT INTO VENDA (ID_VENDA, ID_PRODUTO, NUMERO_QUARTO, DATA, QUANTIDADE) VALUES (4, 95, 'K-286', TO_DATE('08/03/2018','DD/MM/YYYY'), 2);

INSERT INTO VENDA (ID_VENDA, ID_PRODUTO, NUMERO_QUARTO, DATA, QUANTIDADE) VALUES (5, 28, '248-F', TO_DATE('08/08/2017','DD/MM/YYYY'), 4);

INSERT INTO VENDA (ID_VENDA, ID_PRODUTO, NUMERO_QUARTO, DATA, QUANTIDADE) VALUES (6, 59, '257-U', TO_DATE('04/02/2016','DD/MM/YYYY'), 4);

INSERT INTO VENDA (ID_VENDA, ID_PRODUTO, NUMERO_QUARTO, DATA, QUANTIDADE) VALUES (7, 63, 'W-147', TO_DATE('09/01/2018','DD/MM/YYYY'), 1);

INSERT INTO VENDA (ID_VENDA, ID_PRODUTO, NUMERO_QUARTO, DATA, QUANTIDADE) VALUES (8, 22, '256-B', TO_DATE('03/02/2015','DD/MM/YYYY'), 4);

INSERT INTO VENDA (ID_VENDA, ID_PRODUTO, NUMERO_QUARTO, DATA, QUANTIDADE) VALUES (9, 21, 'K-286', TO_DATE('08/07/2019','DD/MM/YYYY'), 3);

INSERT INTO VENDA (ID_VENDA, ID_PRODUTO, NUMERO_QUARTO, DATA, QUANTIDADE) VALUES (10, 83, '189-O', TO_DATE('05/05/2018','DD/MM/YYYY'), 3);

INSERT INTO VENDA (ID_VENDA, ID_PRODUTO, NUMERO_QUARTO, DATA, QUANTIDADE) VALUES (11, 44, '251-A', TO_DATE('02/09/2018','DD/MM/YYYY'), 5);

INSERT INTO VENDA (ID_VENDA, ID_PRODUTO, NUMERO_QUARTO, DATA, QUANTIDADE) VALUES (12, 20, 'N-279', TO_DATE('09/06/2018','DD/MM/YYYY'), 3);

INSERT INTO VENDA (ID_VENDA, ID_PRODUTO, NUMERO_QUARTO, DATA, QUANTIDADE) VALUES (13, 81, '191-M', TO_DATE('03/04/2015','DD/MM/YYYY'), 1);

INSERT INTO VENDA (ID_VENDA, ID_PRODUTO, NUMERO_QUARTO, DATA, QUANTIDADE) VALUES (14, 53, '198-Y', TO_DATE('06/09/2019','DD/MM/YYYY'), 1);

INSERT INTO VENDA (ID_VENDA, ID_PRODUTO, NUMERO_QUARTO, DATA, QUANTIDADE) VALUES (15, 20, '191-M', TO_DATE('09/02/2015','DD/MM/YYYY'), 1);

INSERT INTO VENDA (ID_VENDA, ID_PRODUTO, NUMERO_QUARTO, DATA, QUANTIDADE) VALUES (16, 54, 'O-112', TO_DATE('06/08/2019','DD/MM/YYYY'), 2);

INSERT INTO VENDA (ID_VENDA, ID_PRODUTO, NUMERO_QUARTO, DATA, QUANTIDADE) VALUES (17, 9, 'H-180', TO_DATE('06/04/2019','DD/MM/YYYY'), 1);

INSERT INTO VENDA (ID_VENDA, ID_PRODUTO, NUMERO_QUARTO, DATA, QUANTIDADE) VALUES (18, 96, 'J-271', TO_DATE('09/06/2016','DD/MM/YYYY'), 1);

INSERT INTO VENDA (ID_VENDA, ID_PRODUTO, NUMERO_QUARTO, DATA, QUANTIDADE) VALUES (19, 10, '154-V', TO_DATE('03/05/2018','DD/MM/YYYY'), 5);

INSERT INTO VENDA (ID_VENDA, ID_PRODUTO, NUMERO_QUARTO, DATA, QUANTIDADE) VALUES (20, 5, 'I-177', TO_DATE('05/02/2017','DD/MM/YYYY'), 4);

INSERT INTO VENDA (ID_VENDA, ID_PRODUTO, NUMERO_QUARTO, DATA, QUANTIDADE) VALUES (21, 77, 'T-281', TO_DATE('09/01/2016','DD/MM/YYYY'), 1);

INSERT INTO VENDA (ID_VENDA, ID_PRODUTO, NUMERO_QUARTO, DATA, QUANTIDADE) VALUES (22, 71, '211-F', TO_DATE('06/06/2018','DD/MM/YYYY'), 2);

INSERT INTO VENDA (ID_VENDA, ID_PRODUTO, NUMERO_QUARTO, DATA, QUANTIDADE) VALUES (23, 18, 'F-151', TO_DATE('07/03/2018','DD/MM/YYYY'), 4);

INSERT INTO VENDA (ID_VENDA, ID_PRODUTO, NUMERO_QUARTO, DATA, QUANTIDADE) VALUES (24, 60, 'H-180', TO_DATE('02/03/2017','DD/MM/YYYY'), 2);

INSERT INTO VENDA (ID_VENDA, ID_PRODUTO, NUMERO_QUARTO, DATA, QUANTIDADE) VALUES (25, 9, '198-Y', TO_DATE('04/04/2017','DD/MM/YYYY'), 3);

INSERT INTO VENDA (ID_VENDA, ID_PRODUTO, NUMERO_QUARTO, DATA, QUANTIDADE) VALUES (26, 23, '222-T', TO_DATE('05/07/2016','DD/MM/YYYY'), 2);

INSERT INTO VENDA (ID_VENDA, ID_PRODUTO, NUMERO_QUARTO, DATA, QUANTIDADE) VALUES (27, 53, '222-T', TO_DATE('08/09/2015','DD/MM/YYYY'), 4);

INSERT INTO VENDA (ID_VENDA, ID_PRODUTO, NUMERO_QUARTO, DATA, QUANTIDADE) VALUES (28, 7, '163-Q', TO_DATE('02/07/2018','DD/MM/YYYY'), 1);

INSERT INTO VENDA (ID_VENDA, ID_PRODUTO, NUMERO_QUARTO, DATA, QUANTIDADE) VALUES (29, 54, 'Q-159', TO_DATE('05/01/2016','DD/MM/YYYY'), 3);

INSERT INTO VENDA (ID_VENDA, ID_PRODUTO, NUMERO_QUARTO, DATA, QUANTIDADE) VALUES (30, 4, '222-T', TO_DATE('04/03/2017','DD/MM/YYYY'), 2);

INSERT INTO VENDA (ID_VENDA, ID_PRODUTO, NUMERO_QUARTO, DATA, QUANTIDADE) VALUES (31, 40, 'K-286', TO_DATE('05/07/2018','DD/MM/YYYY'), 2);

INSERT INTO VENDA (ID_VENDA, ID_PRODUTO, NUMERO_QUARTO, DATA, QUANTIDADE) VALUES (32, 20, '257-U', TO_DATE('05/09/2016','DD/MM/YYYY'), 5);

INSERT INTO VENDA (ID_VENDA, ID_PRODUTO, NUMERO_QUARTO, DATA, QUANTIDADE) VALUES (33, 80, 'K-286', TO_DATE('04/05/2019','DD/MM/YYYY'), 3);

INSERT INTO VENDA (ID_VENDA, ID_PRODUTO, NUMERO_QUARTO, DATA, QUANTIDADE) VALUES (34, 86, 'Q-159', TO_DATE('09/05/2015','DD/MM/YYYY'), 5);

INSERT INTO VENDA (ID_VENDA, ID_PRODUTO, NUMERO_QUARTO, DATA, QUANTIDADE) VALUES (35, 74, 'H-180', TO_DATE('04/09/2019','DD/MM/YYYY'), 1);

INSERT INTO VENDA (ID_VENDA, ID_PRODUTO, NUMERO_QUARTO, DATA, QUANTIDADE) VALUES (36, 21, '243-B', TO_DATE('05/05/2019','DD/MM/YYYY'), 1);

INSERT INTO VENDA (ID_VENDA, ID_PRODUTO, NUMERO_QUARTO, DATA, QUANTIDADE) VALUES (37, 84, '243-B', TO_DATE('08/09/2015','DD/MM/YYYY'), 5);

INSERT INTO VENDA (ID_VENDA, ID_PRODUTO, NUMERO_QUARTO, DATA, QUANTIDADE) VALUES (38, 12, 'T-281', TO_DATE('07/05/2017','DD/MM/YYYY'), 4);

INSERT INTO VENDA (ID_VENDA, ID_PRODUTO, NUMERO_QUARTO, DATA, QUANTIDADE) VALUES (39, 10, 'W-147', TO_DATE('06/03/2017','DD/MM/YYYY'), 4);

INSERT INTO VENDA (ID_VENDA, ID_PRODUTO, NUMERO_QUARTO, DATA, QUANTIDADE) VALUES (40, 37, '251-A', TO_DATE('01/05/2016','DD/MM/YYYY'), 5);

INSERT INTO VENDA (ID_VENDA, ID_PRODUTO, NUMERO_QUARTO, DATA, QUANTIDADE) VALUES (41, 8, 'I-288', TO_DATE('09/02/2017','DD/MM/YYYY'), 5);

INSERT INTO VENDA (ID_VENDA, ID_PRODUTO, NUMERO_QUARTO, DATA, QUANTIDADE) VALUES (42, 78, '180-G', TO_DATE('09/02/2015','DD/MM/YYYY'), 5);

INSERT INTO VENDA (ID_VENDA, ID_PRODUTO, NUMERO_QUARTO, DATA, QUANTIDADE) VALUES (43, 12, '163-Q', TO_DATE('06/04/2019','DD/MM/YYYY'), 2);

INSERT INTO VENDA (ID_VENDA, ID_PRODUTO, NUMERO_QUARTO, DATA, QUANTIDADE) VALUES (44, 55, '191-M', TO_DATE('06/08/2016','DD/MM/YYYY'), 5);

INSERT INTO VENDA (ID_VENDA, ID_PRODUTO, NUMERO_QUARTO, DATA, QUANTIDADE) VALUES (45, 70, '163-Q', TO_DATE('05/04/2017','DD/MM/YYYY'), 2);

INSERT INTO VENDA (ID_VENDA, ID_PRODUTO, NUMERO_QUARTO, DATA, QUANTIDADE) VALUES (46, 22, '243-B', TO_DATE('04/05/2015','DD/MM/YYYY'), 5);

INSERT INTO VENDA (ID_VENDA, ID_PRODUTO, NUMERO_QUARTO, DATA, QUANTIDADE) VALUES (47, 75, '243-B', TO_DATE('03/03/2016','DD/MM/YYYY'), 4);

INSERT INTO VENDA (ID_VENDA, ID_PRODUTO, NUMERO_QUARTO, DATA, QUANTIDADE) VALUES (48, 73, 'T-281', TO_DATE('02/05/2015','DD/MM/YYYY'), 3);

INSERT INTO VENDA (ID_VENDA, ID_PRODUTO, NUMERO_QUARTO, DATA, QUANTIDADE) VALUES (49, 97, 'W-147', TO_DATE('03/08/2015','DD/MM/YYYY'), 3);

INSERT INTO VENDA (ID_VENDA, ID_PRODUTO, NUMERO_QUARTO, DATA, QUANTIDADE) VALUES (50, 58, 'O-135', TO_DATE('09/06/2016','DD/MM/YYYY'), 5);

INSERT INTO VENDA (ID_VENDA, ID_PRODUTO, NUMERO_QUARTO, DATA, QUANTIDADE) VALUES (51, 41, '154-V', TO_DATE('07/07/2019','DD/MM/YYYY'), 3);

INSERT INTO VENDA (ID_VENDA, ID_PRODUTO, NUMERO_QUARTO, DATA, QUANTIDADE) VALUES (52, 46, '113-Q', TO_DATE('08/04/2016','DD/MM/YYYY'), 3);

INSERT INTO VENDA (ID_VENDA, ID_PRODUTO, NUMERO_QUARTO, DATA, QUANTIDADE) VALUES (53, 44, 'U-126', TO_DATE('09/02/2016','DD/MM/YYYY'), 3);

INSERT INTO VENDA (ID_VENDA, ID_PRODUTO, NUMERO_QUARTO, DATA, QUANTIDADE) VALUES (54, 39, '256-B', TO_DATE('04/03/2015','DD/MM/YYYY'), 5);

INSERT INTO VENDA (ID_VENDA, ID_PRODUTO, NUMERO_QUARTO, DATA, QUANTIDADE) VALUES (55, 97, '257-U', TO_DATE('07/07/2018','DD/MM/YYYY'), 2);

INSERT INTO VENDA (ID_VENDA, ID_PRODUTO, NUMERO_QUARTO, DATA, QUANTIDADE) VALUES (56, 6, '211-F', TO_DATE('07/02/2016','DD/MM/YYYY'), 5);

INSERT INTO VENDA (ID_VENDA, ID_PRODUTO, NUMERO_QUARTO, DATA, QUANTIDADE) VALUES (57, 15, 'D-269', TO_DATE('02/09/2017','DD/MM/YYYY'), 4);

INSERT INTO VENDA (ID_VENDA, ID_PRODUTO, NUMERO_QUARTO, DATA, QUANTIDADE) VALUES (58, 100, 'F-151', TO_DATE('05/09/2016','DD/MM/YYYY'), 1);

INSERT INTO VENDA (ID_VENDA, ID_PRODUTO, NUMERO_QUARTO, DATA, QUANTIDADE) VALUES (59, 45, 'D-269', TO_DATE('02/04/2016','DD/MM/YYYY'), 4);

INSERT INTO VENDA (ID_VENDA, ID_PRODUTO, NUMERO_QUARTO, DATA, QUANTIDADE) VALUES (60, 62, '243-B', TO_DATE('09/08/2018','DD/MM/YYYY'), 5);

INSERT INTO VENDA (ID_VENDA, ID_PRODUTO, NUMERO_QUARTO, DATA, QUANTIDADE) VALUES (61, 46, '222-T', TO_DATE('06/01/2018','DD/MM/YYYY'), 4);

INSERT INTO VENDA (ID_VENDA, ID_PRODUTO, NUMERO_QUARTO, DATA, QUANTIDADE) VALUES (62, 48, '256-B', TO_DATE('05/05/2017','DD/MM/YYYY'), 2);

INSERT INTO VENDA (ID_VENDA, ID_PRODUTO, NUMERO_QUARTO, DATA, QUANTIDADE) VALUES (63, 13, '154-V', TO_DATE('09/05/2015','DD/MM/YYYY'), 4);

INSERT INTO VENDA (ID_VENDA, ID_PRODUTO, NUMERO_QUARTO, DATA, QUANTIDADE) VALUES (64, 47, '180-G', TO_DATE('02/09/2017','DD/MM/YYYY'), 2);

INSERT INTO VENDA (ID_VENDA, ID_PRODUTO, NUMERO_QUARTO, DATA, QUANTIDADE) VALUES (65, 27, '243-B', TO_DATE('06/01/2016','DD/MM/YYYY'), 3);

INSERT INTO VENDA (ID_VENDA, ID_PRODUTO, NUMERO_QUARTO, DATA, QUANTIDADE) VALUES (66, 79, 'U-126', TO_DATE('09/08/2018','DD/MM/YYYY'), 2);

INSERT INTO VENDA (ID_VENDA, ID_PRODUTO, NUMERO_QUARTO, DATA, QUANTIDADE) VALUES (67, 37, 'U-126', TO_DATE('02/09/2017','DD/MM/YYYY'), 1);

INSERT INTO VENDA (ID_VENDA, ID_PRODUTO, NUMERO_QUARTO, DATA, QUANTIDADE) VALUES (68, 68, 'O-257', TO_DATE('02/02/2015','DD/MM/YYYY'), 3);

INSERT INTO VENDA (ID_VENDA, ID_PRODUTO, NUMERO_QUARTO, DATA, QUANTIDADE) VALUES (69, 46, '222-T', TO_DATE('08/02/2017','DD/MM/YYYY'), 5);

INSERT INTO VENDA (ID_VENDA, ID_PRODUTO, NUMERO_QUARTO, DATA, QUANTIDADE) VALUES (70, 28, 'W-147', TO_DATE('03/04/2018','DD/MM/YYYY'), 1);

INSERT INTO VENDA (ID_VENDA, ID_PRODUTO, NUMERO_QUARTO, DATA, QUANTIDADE) VALUES (71, 46, '154-V', TO_DATE('03/06/2017','DD/MM/YYYY'), 4);

INSERT INTO VENDA (ID_VENDA, ID_PRODUTO, NUMERO_QUARTO, DATA, QUANTIDADE) VALUES (72, 50, 'K-286', TO_DATE('05/08/2015','DD/MM/YYYY'), 5);

INSERT INTO VENDA (ID_VENDA, ID_PRODUTO, NUMERO_QUARTO, DATA, QUANTIDADE) VALUES (73, 47, 'I-177', TO_DATE('06/08/2018','DD/MM/YYYY'), 4);

INSERT INTO VENDA (ID_VENDA, ID_PRODUTO, NUMERO_QUARTO, DATA, QUANTIDADE) VALUES (74, 57, 'F-151', TO_DATE('06/08/2017','DD/MM/YYYY'), 2);

INSERT INTO VENDA (ID_VENDA, ID_PRODUTO, NUMERO_QUARTO, DATA, QUANTIDADE) VALUES (75, 68, 'D-269', TO_DATE('05/08/2016','DD/MM/YYYY'), 4);

INSERT INTO VENDA (ID_VENDA, ID_PRODUTO, NUMERO_QUARTO, DATA, QUANTIDADE) VALUES (76, 11, 'O-112', TO_DATE('08/04/2017','DD/MM/YYYY'), 4);

INSERT INTO VENDA (ID_VENDA, ID_PRODUTO, NUMERO_QUARTO, DATA, QUANTIDADE) VALUES (77, 65, 'W-147', TO_DATE('04/05/2018','DD/MM/YYYY'), 4);

INSERT INTO VENDA (ID_VENDA, ID_PRODUTO, NUMERO_QUARTO, DATA, QUANTIDADE) VALUES (78, 52, 'K-286', TO_DATE('06/09/2016','DD/MM/YYYY'), 4);

INSERT INTO VENDA (ID_VENDA, ID_PRODUTO, NUMERO_QUARTO, DATA, QUANTIDADE) VALUES (79, 98, 'U-126', TO_DATE('03/03/2015','DD/MM/YYYY'), 5);

INSERT INTO VENDA (ID_VENDA, ID_PRODUTO, NUMERO_QUARTO, DATA, QUANTIDADE) VALUES (80, 96, 'O-112', TO_DATE('06/03/2017','DD/MM/YYYY'), 4);

INSERT INTO VENDA (ID_VENDA, ID_PRODUTO, NUMERO_QUARTO, DATA, QUANTIDADE) VALUES (81, 85, '198-Y', TO_DATE('06/07/2018','DD/MM/YYYY'), 4);

INSERT INTO VENDA (ID_VENDA, ID_PRODUTO, NUMERO_QUARTO, DATA, QUANTIDADE) VALUES (82, 2, '243-B', TO_DATE('06/06/2019','DD/MM/YYYY'), 5);

INSERT INTO VENDA (ID_VENDA, ID_PRODUTO, NUMERO_QUARTO, DATA, QUANTIDADE) VALUES (83, 50, 'O-112', TO_DATE('02/07/2016','DD/MM/YYYY'), 2);

INSERT INTO VENDA (ID_VENDA, ID_PRODUTO, NUMERO_QUARTO, DATA, QUANTIDADE) VALUES (84, 93, 'O-257', TO_DATE('07/04/2019','DD/MM/YYYY'), 3);

INSERT INTO VENDA (ID_VENDA, ID_PRODUTO, NUMERO_QUARTO, DATA, QUANTIDADE) VALUES (85, 55, '222-T', TO_DATE('09/08/2016','DD/MM/YYYY'), 1);

INSERT INTO VENDA (ID_VENDA, ID_PRODUTO, NUMERO_QUARTO, DATA, QUANTIDADE) VALUES (86, 55, 'W-147', TO_DATE('01/07/2016','DD/MM/YYYY'), 1);

INSERT INTO VENDA (ID_VENDA, ID_PRODUTO, NUMERO_QUARTO, DATA, QUANTIDADE) VALUES (87, 56, 'O-257', TO_DATE('06/06/2018','DD/MM/YYYY'), 2);

INSERT INTO VENDA (ID_VENDA, ID_PRODUTO, NUMERO_QUARTO, DATA, QUANTIDADE) VALUES (88, 60, '222-T', TO_DATE('07/06/2018','DD/MM/YYYY'), 5);

INSERT INTO VENDA (ID_VENDA, ID_PRODUTO, NUMERO_QUARTO, DATA, QUANTIDADE) VALUES (89, 40, 'J-271', TO_DATE('01/02/2015','DD/MM/YYYY'), 1);

INSERT INTO VENDA (ID_VENDA, ID_PRODUTO, NUMERO_QUARTO, DATA, QUANTIDADE) VALUES (90, 89, '251-A', TO_DATE('01/08/2018','DD/MM/YYYY'), 4);

INSERT INTO VENDA (ID_VENDA, ID_PRODUTO, NUMERO_QUARTO, DATA, QUANTIDADE) VALUES (91, 13, 'I-177', TO_DATE('09/03/2019','DD/MM/YYYY'), 1);

INSERT INTO VENDA (ID_VENDA, ID_PRODUTO, NUMERO_QUARTO, DATA, QUANTIDADE) VALUES (92, 45, '257-U', TO_DATE('07/02/2016','DD/MM/YYYY'), 5);

INSERT INTO VENDA (ID_VENDA, ID_PRODUTO, NUMERO_QUARTO, DATA, QUANTIDADE) VALUES (93, 65, '113-Q', TO_DATE('04/08/2015','DD/MM/YYYY'), 1);

INSERT INTO VENDA (ID_VENDA, ID_PRODUTO, NUMERO_QUARTO, DATA, QUANTIDADE) VALUES (94, 86, '222-T', TO_DATE('04/01/2015','DD/MM/YYYY'), 2);

INSERT INTO VENDA (ID_VENDA, ID_PRODUTO, NUMERO_QUARTO, DATA, QUANTIDADE) VALUES (95, 60, '256-B', TO_DATE('01/01/2019','DD/MM/YYYY'), 5);

INSERT INTO VENDA (ID_VENDA, ID_PRODUTO, NUMERO_QUARTO, DATA, QUANTIDADE) VALUES (96, 74, 'K-286', TO_DATE('05/08/2018','DD/MM/YYYY'), 3);

INSERT INTO VENDA (ID_VENDA, ID_PRODUTO, NUMERO_QUARTO, DATA, QUANTIDADE) VALUES (97, 99, 'F-151', TO_DATE('09/01/2015','DD/MM/YYYY'), 1);

INSERT INTO VENDA (ID_VENDA, ID_PRODUTO, NUMERO_QUARTO, DATA, QUANTIDADE) VALUES (98, 92, '189-O', TO_DATE('07/06/2015','DD/MM/YYYY'), 1);

INSERT INTO VENDA (ID_VENDA, ID_PRODUTO, NUMERO_QUARTO, DATA, QUANTIDADE) VALUES (99, 65, '189-O', TO_DATE('09/07/2018','DD/MM/YYYY'), 2);

INSERT INTO VENDA (ID_VENDA, ID_PRODUTO, NUMERO_QUARTO, DATA, QUANTIDADE) VALUES (100, 64, 'W-147', TO_DATE('08/09/2019','DD/MM/YYYY'), 3);

INSERT INTO VENDA (ID_VENDA, ID_PRODUTO, NUMERO_QUARTO, DATA, QUANTIDADE) VALUES (101, 100, '248-F', TO_DATE('07/09/2016','DD/MM/YYYY'), 1);

INSERT INTO VENDA (ID_VENDA, ID_PRODUTO, NUMERO_QUARTO, DATA, QUANTIDADE) VALUES (102, 10, '183-F', TO_DATE('01/09/2016','DD/MM/YYYY'), 4);

INSERT INTO VENDA (ID_VENDA, ID_PRODUTO, NUMERO_QUARTO, DATA, QUANTIDADE) VALUES (103, 74, 'D-269', TO_DATE('06/01/2015','DD/MM/YYYY'), 3);

INSERT INTO VENDA (ID_VENDA, ID_PRODUTO, NUMERO_QUARTO, DATA, QUANTIDADE) VALUES (104, 71, 'N-279', TO_DATE('08/03/2019','DD/MM/YYYY'), 3);

INSERT INTO VENDA (ID_VENDA, ID_PRODUTO, NUMERO_QUARTO, DATA, QUANTIDADE) VALUES (105, 53, '222-T', TO_DATE('07/03/2016','DD/MM/YYYY'), 1);

INSERT INTO VENDA (ID_VENDA, ID_PRODUTO, NUMERO_QUARTO, DATA, QUANTIDADE) VALUES (106, 17, '189-O', TO_DATE('06/01/2017','DD/MM/YYYY'), 3);

INSERT INTO VENDA (ID_VENDA, ID_PRODUTO, NUMERO_QUARTO, DATA, QUANTIDADE) VALUES (107, 2, 'H-180', TO_DATE('06/06/2019','DD/MM/YYYY'), 3);

INSERT INTO VENDA (ID_VENDA, ID_PRODUTO, NUMERO_QUARTO, DATA, QUANTIDADE) VALUES (108, 43, '189-O', TO_DATE('01/06/2015','DD/MM/YYYY'), 1);

INSERT INTO VENDA (ID_VENDA, ID_PRODUTO, NUMERO_QUARTO, DATA, QUANTIDADE) VALUES (109, 51, 'J-271', TO_DATE('04/08/2017','DD/MM/YYYY'), 5);

INSERT INTO VENDA (ID_VENDA, ID_PRODUTO, NUMERO_QUARTO, DATA, QUANTIDADE) VALUES (110, 47, '256-B', TO_DATE('05/07/2019','DD/MM/YYYY'), 2);

INSERT INTO VENDA (ID_VENDA, ID_PRODUTO, NUMERO_QUARTO, DATA, QUANTIDADE) VALUES (111, 85, '189-O', TO_DATE('08/05/2019','DD/MM/YYYY'), 2);

INSERT INTO VENDA (ID_VENDA, ID_PRODUTO, NUMERO_QUARTO, DATA, QUANTIDADE) VALUES (112, 79, 'W-147', TO_DATE('02/08/2016','DD/MM/YYYY'), 5);

INSERT INTO VENDA (ID_VENDA, ID_PRODUTO, NUMERO_QUARTO, DATA, QUANTIDADE) VALUES (113, 99, 'J-271', TO_DATE('07/01/2018','DD/MM/YYYY'), 5);

INSERT INTO VENDA (ID_VENDA, ID_PRODUTO, NUMERO_QUARTO, DATA, QUANTIDADE) VALUES (114, 46, '191-M', TO_DATE('05/04/2019','DD/MM/YYYY'), 3);

INSERT INTO VENDA (ID_VENDA, ID_PRODUTO, NUMERO_QUARTO, DATA, QUANTIDADE) VALUES (115, 25, '198-Y', TO_DATE('03/04/2019','DD/MM/YYYY'), 5);

INSERT INTO VENDA (ID_VENDA, ID_PRODUTO, NUMERO_QUARTO, DATA, QUANTIDADE) VALUES (116, 83, 'J-271', TO_DATE('06/05/2016','DD/MM/YYYY'), 2);

INSERT INTO VENDA (ID_VENDA, ID_PRODUTO, NUMERO_QUARTO, DATA, QUANTIDADE) VALUES (117, 92, '256-B', TO_DATE('07/01/2015','DD/MM/YYYY'), 3);

INSERT INTO VENDA (ID_VENDA, ID_PRODUTO, NUMERO_QUARTO, DATA, QUANTIDADE) VALUES (118, 39, '154-V', TO_DATE('05/05/2019','DD/MM/YYYY'), 4);

INSERT INTO VENDA (ID_VENDA, ID_PRODUTO, NUMERO_QUARTO, DATA, QUANTIDADE) VALUES (119, 44, '191-M', TO_DATE('05/09/2017','DD/MM/YYYY'), 3);

INSERT INTO VENDA (ID_VENDA, ID_PRODUTO, NUMERO_QUARTO, DATA, QUANTIDADE) VALUES (120, 15, 'O-257', TO_DATE('09/03/2015','DD/MM/YYYY'), 2);

INSERT INTO VENDA (ID_VENDA, ID_PRODUTO, NUMERO_QUARTO, DATA, QUANTIDADE) VALUES (121, 30, '248-F', TO_DATE('01/05/2015','DD/MM/YYYY'), 2);

INSERT INTO VENDA (ID_VENDA, ID_PRODUTO, NUMERO_QUARTO, DATA, QUANTIDADE) VALUES (122, 5, 'T-281', TO_DATE('04/01/2018','DD/MM/YYYY'), 2);

INSERT INTO VENDA (ID_VENDA, ID_PRODUTO, NUMERO_QUARTO, DATA, QUANTIDADE) VALUES (123, 2, '256-B', TO_DATE('06/06/2018','DD/MM/YYYY'), 5);

INSERT INTO VENDA (ID_VENDA, ID_PRODUTO, NUMERO_QUARTO, DATA, QUANTIDADE) VALUES (124, 29, '256-B', TO_DATE('08/08/2015','DD/MM/YYYY'), 4);

INSERT INTO VENDA (ID_VENDA, ID_PRODUTO, NUMERO_QUARTO, DATA, QUANTIDADE) VALUES (125, 7, 'I-177', TO_DATE('07/05/2019','DD/MM/YYYY'), 5);

INSERT INTO VENDA (ID_VENDA, ID_PRODUTO, NUMERO_QUARTO, DATA, QUANTIDADE) VALUES (126, 98, 'O-257', TO_DATE('07/06/2016','DD/MM/YYYY'), 1);

INSERT INTO VENDA (ID_VENDA, ID_PRODUTO, NUMERO_QUARTO, DATA, QUANTIDADE) VALUES (127, 25, '222-T', TO_DATE('04/06/2018','DD/MM/YYYY'), 4);

INSERT INTO VENDA (ID_VENDA, ID_PRODUTO, NUMERO_QUARTO, DATA, QUANTIDADE) VALUES (128, 78, '154-V', TO_DATE('07/06/2016','DD/MM/YYYY'), 4);

INSERT INTO VENDA (ID_VENDA, ID_PRODUTO, NUMERO_QUARTO, DATA, QUANTIDADE) VALUES (129, 31, 'U-126', TO_DATE('05/07/2015','DD/MM/YYYY'), 2);

INSERT INTO VENDA (ID_VENDA, ID_PRODUTO, NUMERO_QUARTO, DATA, QUANTIDADE) VALUES (130, 49, '189-O', TO_DATE('06/02/2016','DD/MM/YYYY'), 2);

INSERT INTO VENDA (ID_VENDA, ID_PRODUTO, NUMERO_QUARTO, DATA, QUANTIDADE) VALUES (131, 68, '154-V', TO_DATE('03/06/2016','DD/MM/YYYY'), 5);

INSERT INTO VENDA (ID_VENDA, ID_PRODUTO, NUMERO_QUARTO, DATA, QUANTIDADE) VALUES (132, 82, '154-V', TO_DATE('09/09/2017','DD/MM/YYYY'), 3);

INSERT INTO VENDA (ID_VENDA, ID_PRODUTO, NUMERO_QUARTO, DATA, QUANTIDADE) VALUES (133, 99, '163-Q', TO_DATE('09/07/2017','DD/MM/YYYY'), 2);

INSERT INTO VENDA (ID_VENDA, ID_PRODUTO, NUMERO_QUARTO, DATA, QUANTIDADE) VALUES (134, 47, '251-A', TO_DATE('05/05/2017','DD/MM/YYYY'), 4);

INSERT INTO VENDA (ID_VENDA, ID_PRODUTO, NUMERO_QUARTO, DATA, QUANTIDADE) VALUES (135, 100, 'O-112', TO_DATE('09/06/2016','DD/MM/YYYY'), 1);

INSERT INTO VENDA (ID_VENDA, ID_PRODUTO, NUMERO_QUARTO, DATA, QUANTIDADE) VALUES (136, 16, '251-A', TO_DATE('03/02/2015','DD/MM/YYYY'), 1);

INSERT INTO VENDA (ID_VENDA, ID_PRODUTO, NUMERO_QUARTO, DATA, QUANTIDADE) VALUES (137, 55, 'I-288', TO_DATE('01/04/2016','DD/MM/YYYY'), 4);

INSERT INTO VENDA (ID_VENDA, ID_PRODUTO, NUMERO_QUARTO, DATA, QUANTIDADE) VALUES (138, 58, 'O-135', TO_DATE('02/04/2018','DD/MM/YYYY'), 1);

INSERT INTO VENDA (ID_VENDA, ID_PRODUTO, NUMERO_QUARTO, DATA, QUANTIDADE) VALUES (139, 98, 'W-147', TO_DATE('05/02/2015','DD/MM/YYYY'), 4);

INSERT INTO VENDA (ID_VENDA, ID_PRODUTO, NUMERO_QUARTO, DATA, QUANTIDADE) VALUES (140, 36, 'H-180', TO_DATE('02/03/2016','DD/MM/YYYY'), 3);

INSERT INTO VENDA (ID_VENDA, ID_PRODUTO, NUMERO_QUARTO, DATA, QUANTIDADE) VALUES (141, 20, 'W-147', TO_DATE('08/04/2017','DD/MM/YYYY'), 2);

INSERT INTO VENDA (ID_VENDA, ID_PRODUTO, NUMERO_QUARTO, DATA, QUANTIDADE) VALUES (142, 78, 'K-286', TO_DATE('05/02/2019','DD/MM/YYYY'), 2);

INSERT INTO VENDA (ID_VENDA, ID_PRODUTO, NUMERO_QUARTO, DATA, QUANTIDADE) VALUES (143, 88, 'F-151', TO_DATE('05/08/2015','DD/MM/YYYY'), 5);

INSERT INTO VENDA (ID_VENDA, ID_PRODUTO, NUMERO_QUARTO, DATA, QUANTIDADE) VALUES (144, 52, 'N-279', TO_DATE('02/09/2017','DD/MM/YYYY'), 3);

INSERT INTO VENDA (ID_VENDA, ID_PRODUTO, NUMERO_QUARTO, DATA, QUANTIDADE) VALUES (145, 50, '198-Y', TO_DATE('06/04/2017','DD/MM/YYYY'), 2);

INSERT INTO VENDA (ID_VENDA, ID_PRODUTO, NUMERO_QUARTO, DATA, QUANTIDADE) VALUES (146, 30, '191-M', TO_DATE('08/08/2018','DD/MM/YYYY'), 3);

INSERT INTO VENDA (ID_VENDA, ID_PRODUTO, NUMERO_QUARTO, DATA, QUANTIDADE) VALUES (147, 8, '163-Q', TO_DATE('03/08/2018','DD/MM/YYYY'), 1);

INSERT INTO VENDA (ID_VENDA, ID_PRODUTO, NUMERO_QUARTO, DATA, QUANTIDADE) VALUES (148, 55, '113-Q', TO_DATE('08/04/2018','DD/MM/YYYY'), 1);

INSERT INTO VENDA (ID_VENDA, ID_PRODUTO, NUMERO_QUARTO, DATA, QUANTIDADE) VALUES (149, 30, 'J-271', TO_DATE('06/07/2015','DD/MM/YYYY'), 3);

INSERT INTO VENDA (ID_VENDA, ID_PRODUTO, NUMERO_QUARTO, DATA, QUANTIDADE) VALUES (150, 44, 'O-112', TO_DATE('02/03/2019','DD/MM/YYYY'), 5);

-----Manutenção------

INSERT INTO MANUTENCAO (ID_MANUTENCAO, CPF_FUNCIONARIO, NUMERO_QUARTO, DATA, TIPO_MANUTENCAO, OBSERVACAO) VALUES (1, '580.624.861-22', 'D-269', TO_DATE('05/04/2019','DD/MM/YYYY'), 'conserto', 'Uma bela e linda observação');

INSERT INTO MANUTENCAO (ID_MANUTENCAO, CPF_FUNCIONARIO, NUMERO_QUARTO, DATA, TIPO_MANUTENCAO, OBSERVACAO) VALUES (2, '272.102.377-33', '163-Q', TO_DATE('08/03/2017','DD/MM/YYYY'), 'conserto', 'Uma bela e linda observação');

INSERT INTO MANUTENCAO (ID_MANUTENCAO, CPF_FUNCIONARIO, NUMERO_QUARTO, DATA, TIPO_MANUTENCAO, OBSERVACAO) VALUES (3, '960.720.203-16', 'U-126', TO_DATE('06/02/2018','DD/MM/YYYY'), 'limpeza', 'Uma bela e linda observação');

INSERT INTO MANUTENCAO (ID_MANUTENCAO, CPF_FUNCIONARIO, NUMERO_QUARTO, DATA, TIPO_MANUTENCAO, OBSERVACAO) VALUES (4, '347.168.514-23', '180-G', TO_DATE('03/04/2018','DD/MM/YYYY'), 'conserto', 'Uma bela e linda observação');

INSERT INTO MANUTENCAO (ID_MANUTENCAO, CPF_FUNCIONARIO, NUMERO_QUARTO, DATA, TIPO_MANUTENCAO, OBSERVACAO) VALUES (5, '960.720.203-16', '163-Q', TO_DATE('02/03/2015','DD/MM/YYYY'), 'conserto', 'Nenhuma');

INSERT INTO MANUTENCAO (ID_MANUTENCAO, CPF_FUNCIONARIO, NUMERO_QUARTO, DATA, TIPO_MANUTENCAO, OBSERVACAO) VALUES (6, '657.463.114-29', '257-U', TO_DATE('01/03/2018','DD/MM/YYYY'), 'conserto', 'Uma bela e linda observação');

INSERT INTO MANUTENCAO (ID_MANUTENCAO, CPF_FUNCIONARIO, NUMERO_QUARTO, DATA, TIPO_MANUTENCAO, OBSERVACAO) VALUES (7, '580.624.861-22', 'O-135', TO_DATE('09/02/2019','DD/MM/YYYY'), 'conserto', 'Nenhuma');

INSERT INTO MANUTENCAO (ID_MANUTENCAO, CPF_FUNCIONARIO, NUMERO_QUARTO, DATA, TIPO_MANUTENCAO, OBSERVACAO) VALUES (8, '674.846.703-40', 'O-257', TO_DATE('06/03/2017','DD/MM/YYYY'), 'limpeza', 'Nenhuma');

INSERT INTO MANUTENCAO (ID_MANUTENCAO, CPF_FUNCIONARIO, NUMERO_QUARTO, DATA, TIPO_MANUTENCAO, OBSERVACAO) VALUES (9, '674.846.703-40', '163-Q', TO_DATE('04/05/2016','DD/MM/YYYY'), 'conserto', 'Uma bela e linda observação');

INSERT INTO MANUTENCAO (ID_MANUTENCAO, CPF_FUNCIONARIO, NUMERO_QUARTO, DATA, TIPO_MANUTENCAO, OBSERVACAO) VALUES (10, '580.624.861-22', '163-Q', TO_DATE('09/07/2019','DD/MM/YYYY'), 'conserto', 'Nenhuma');

INSERT INTO MANUTENCAO (ID_MANUTENCAO, CPF_FUNCIONARIO, NUMERO_QUARTO, DATA, TIPO_MANUTENCAO, OBSERVACAO) VALUES (11, '674.846.703-40', '189-O', TO_DATE('04/08/2019','DD/MM/YYYY'), 'conserto', 'Nenhuma');

INSERT INTO MANUTENCAO (ID_MANUTENCAO, CPF_FUNCIONARIO, NUMERO_QUARTO, DATA, TIPO_MANUTENCAO, OBSERVACAO) VALUES (12, '295.618.657-19', 'I-177', TO_DATE('03/09/2019','DD/MM/YYYY'), 'limpeza', 'Uma bela e linda observação');

INSERT INTO MANUTENCAO (ID_MANUTENCAO, CPF_FUNCIONARIO, NUMERO_QUARTO, DATA, TIPO_MANUTENCAO, OBSERVACAO) VALUES (13, '674.846.703-40', 'T-281', TO_DATE('04/03/2019','DD/MM/YYYY'), 'conserto', 'Uma bela e linda observação');

INSERT INTO MANUTENCAO (ID_MANUTENCAO, CPF_FUNCIONARIO, NUMERO_QUARTO, DATA, TIPO_MANUTENCAO, OBSERVACAO) VALUES (14, '295.618.657-19', 'Q-159', TO_DATE('04/06/2019','DD/MM/YYYY'), 'limpeza', 'Nenhuma');

INSERT INTO MANUTENCAO (ID_MANUTENCAO, CPF_FUNCIONARIO, NUMERO_QUARTO, DATA, TIPO_MANUTENCAO, OBSERVACAO) VALUES (15, '932.764.544-79', 'U-126', TO_DATE('02/01/2017','DD/MM/YYYY'), 'conserto', 'Uma bela e linda observação');

INSERT INTO MANUTENCAO (ID_MANUTENCAO, CPF_FUNCIONARIO, NUMERO_QUARTO, DATA, TIPO_MANUTENCAO, OBSERVACAO) VALUES (16, '932.764.544-79', '191-M', TO_DATE('08/09/2016','DD/MM/YYYY'), 'conserto', 'Nenhuma');

INSERT INTO MANUTENCAO (ID_MANUTENCAO, CPF_FUNCIONARIO, NUMERO_QUARTO, DATA, TIPO_MANUTENCAO, OBSERVACAO) VALUES (17, '295.618.657-19', 'F-151', TO_DATE('09/07/2017','DD/MM/YYYY'), 'conserto', 'Uma bela e linda observação');

INSERT INTO MANUTENCAO (ID_MANUTENCAO, CPF_FUNCIONARIO, NUMERO_QUARTO, DATA, TIPO_MANUTENCAO, OBSERVACAO) VALUES (18, '932.764.544-79', '211-F', TO_DATE('06/08/2015','DD/MM/YYYY'), 'limpeza', 'Nenhuma');

INSERT INTO MANUTENCAO (ID_MANUTENCAO, CPF_FUNCIONARIO, NUMERO_QUARTO, DATA, TIPO_MANUTENCAO, OBSERVACAO) VALUES (19, '580.624.861-22', '180-G', TO_DATE('05/09/2015','DD/MM/YYYY'), 'limpeza', 'Nenhuma');

INSERT INTO MANUTENCAO (ID_MANUTENCAO, CPF_FUNCIONARIO, NUMERO_QUARTO, DATA, TIPO_MANUTENCAO, OBSERVACAO) VALUES (20, '932.764.544-79', '191-M', TO_DATE('06/08/2015','DD/MM/YYYY'), 'limpeza', 'Uma bela e linda observação');

INSERT INTO MANUTENCAO (ID_MANUTENCAO, CPF_FUNCIONARIO, NUMERO_QUARTO, DATA, TIPO_MANUTENCAO, OBSERVACAO) VALUES (21, '628.428.197-96', 'I-288', TO_DATE('03/05/2018','DD/MM/YYYY'), 'limpeza', 'Nenhuma');

INSERT INTO MANUTENCAO (ID_MANUTENCAO, CPF_FUNCIONARIO, NUMERO_QUARTO, DATA, TIPO_MANUTENCAO, OBSERVACAO) VALUES (22, '628.428.197-96', '222-T', TO_DATE('04/06/2018','DD/MM/YYYY'), 'conserto', 'Uma bela e linda observação');

INSERT INTO MANUTENCAO (ID_MANUTENCAO, CPF_FUNCIONARIO, NUMERO_QUARTO, DATA, TIPO_MANUTENCAO, OBSERVACAO) VALUES (23, '272.102.377-33', '163-Q', TO_DATE('05/04/2016','DD/MM/YYYY'), 'limpeza', 'Uma bela e linda observação');

INSERT INTO MANUTENCAO (ID_MANUTENCAO, CPF_FUNCIONARIO, NUMERO_QUARTO, DATA, TIPO_MANUTENCAO, OBSERVACAO) VALUES (24, '295.618.657-19', '113-Q', TO_DATE('04/04/2017','DD/MM/YYYY'), 'conserto', 'Nenhuma');

INSERT INTO MANUTENCAO (ID_MANUTENCAO, CPF_FUNCIONARIO, NUMERO_QUARTO, DATA, TIPO_MANUTENCAO, OBSERVACAO) VALUES (25, '845.607.469-85', '256-B', TO_DATE('02/01/2019','DD/MM/YYYY'), 'limpeza', 'Nenhuma');

INSERT INTO MANUTENCAO (ID_MANUTENCAO, CPF_FUNCIONARIO, NUMERO_QUARTO, DATA, TIPO_MANUTENCAO, OBSERVACAO) VALUES (26, '845.607.469-85', 'U-126', TO_DATE('07/09/2015','DD/MM/YYYY'), 'limpeza', 'Uma bela e linda observação');

INSERT INTO MANUTENCAO (ID_MANUTENCAO, CPF_FUNCIONARIO, NUMERO_QUARTO, DATA, TIPO_MANUTENCAO, OBSERVACAO) VALUES (27, '628.428.197-96', '257-U', TO_DATE('02/08/2018','DD/MM/YYYY'), 'limpeza', 'Uma bela e linda observação');

INSERT INTO MANUTENCAO (ID_MANUTENCAO, CPF_FUNCIONARIO, NUMERO_QUARTO, DATA, TIPO_MANUTENCAO, OBSERVACAO) VALUES (28, '295.618.657-19', 'O-112', TO_DATE('08/03/2016','DD/MM/YYYY'), 'limpeza', 'Uma bela e linda observação');

INSERT INTO MANUTENCAO (ID_MANUTENCAO, CPF_FUNCIONARIO, NUMERO_QUARTO, DATA, TIPO_MANUTENCAO, OBSERVACAO) VALUES (29, '580.624.861-22', '163-Q', TO_DATE('09/05/2017','DD/MM/YYYY'), 'conserto', 'Uma bela e linda observação');

INSERT INTO MANUTENCAO (ID_MANUTENCAO, CPF_FUNCIONARIO, NUMERO_QUARTO, DATA, TIPO_MANUTENCAO, OBSERVACAO) VALUES (30, '932.764.544-79', '248-F', TO_DATE('08/09/2018','DD/MM/YYYY'), 'conserto', 'Uma bela e linda observação');

INSERT INTO MANUTENCAO (ID_MANUTENCAO, CPF_FUNCIONARIO, NUMERO_QUARTO, DATA, TIPO_MANUTENCAO, OBSERVACAO) VALUES (31, '347.168.514-23', '243-B', TO_DATE('01/09/2016','DD/MM/YYYY'), 'limpeza', 'Nenhuma');

INSERT INTO MANUTENCAO (ID_MANUTENCAO, CPF_FUNCIONARIO, NUMERO_QUARTO, DATA, TIPO_MANUTENCAO, OBSERVACAO) VALUES (32, '580.624.861-22', 'U-126', TO_DATE('08/09/2018','DD/MM/YYYY'), 'conserto', 'Uma bela e linda observação');

INSERT INTO MANUTENCAO (ID_MANUTENCAO, CPF_FUNCIONARIO, NUMERO_QUARTO, DATA, TIPO_MANUTENCAO, OBSERVACAO) VALUES (33, '580.624.861-22', 'I-288', TO_DATE('06/02/2016','DD/MM/YYYY'), 'limpeza', 'Nenhuma');

INSERT INTO MANUTENCAO (ID_MANUTENCAO, CPF_FUNCIONARIO, NUMERO_QUARTO, DATA, TIPO_MANUTENCAO, OBSERVACAO) VALUES (34, '295.618.657-19', '191-M', TO_DATE('02/09/2018','DD/MM/YYYY'), 'conserto', 'Nenhuma');

INSERT INTO MANUTENCAO (ID_MANUTENCAO, CPF_FUNCIONARIO, NUMERO_QUARTO, DATA, TIPO_MANUTENCAO, OBSERVACAO) VALUES (35, '657.463.114-29', '154-V', TO_DATE('08/06/2018','DD/MM/YYYY'), 'conserto', 'Nenhuma');

INSERT INTO MANUTENCAO (ID_MANUTENCAO, CPF_FUNCIONARIO, NUMERO_QUARTO, DATA, TIPO_MANUTENCAO, OBSERVACAO) VALUES (36, '960.720.203-16', '113-Q', TO_DATE('08/04/2015','DD/MM/YYYY'), 'limpeza', 'Uma bela e linda observação');

INSERT INTO MANUTENCAO (ID_MANUTENCAO, CPF_FUNCIONARIO, NUMERO_QUARTO, DATA, TIPO_MANUTENCAO, OBSERVACAO) VALUES (37, '960.720.203-16', 'W-147', TO_DATE('01/06/2019','DD/MM/YYYY'), 'conserto', 'Nenhuma');

INSERT INTO MANUTENCAO (ID_MANUTENCAO, CPF_FUNCIONARIO, NUMERO_QUARTO, DATA, TIPO_MANUTENCAO, OBSERVACAO) VALUES (38, '932.764.544-79', '257-U', TO_DATE('05/09/2017','DD/MM/YYYY'), 'limpeza', 'Uma bela e linda observação');

INSERT INTO MANUTENCAO (ID_MANUTENCAO, CPF_FUNCIONARIO, NUMERO_QUARTO, DATA, TIPO_MANUTENCAO, OBSERVACAO) VALUES (39, '580.624.861-22', '189-O', TO_DATE('09/09/2015','DD/MM/YYYY'), 'limpeza', 'Uma bela e linda observação');

INSERT INTO MANUTENCAO (ID_MANUTENCAO, CPF_FUNCIONARIO, NUMERO_QUARTO, DATA, TIPO_MANUTENCAO, OBSERVACAO) VALUES (40, '845.607.469-85', 'W-147', TO_DATE('03/08/2019','DD/MM/YYYY'), 'conserto', 'Uma bela e linda observação');

INSERT INTO MANUTENCAO (ID_MANUTENCAO, CPF_FUNCIONARIO, NUMERO_QUARTO, DATA, TIPO_MANUTENCAO, OBSERVACAO) VALUES (41, '628.428.197-96', 'I-177', TO_DATE('07/01/2018','DD/MM/YYYY'), 'conserto', 'Nenhuma');

INSERT INTO MANUTENCAO (ID_MANUTENCAO, CPF_FUNCIONARIO, NUMERO_QUARTO, DATA, TIPO_MANUTENCAO, OBSERVACAO) VALUES (42, '674.846.703-40', 'U-126', TO_DATE('05/06/2015','DD/MM/YYYY'), 'conserto', 'Uma bela e linda observação');

INSERT INTO MANUTENCAO (ID_MANUTENCAO, CPF_FUNCIONARIO, NUMERO_QUARTO, DATA, TIPO_MANUTENCAO, OBSERVACAO) VALUES (43, '580.624.861-22', '163-Q', TO_DATE('06/06/2017','DD/MM/YYYY'), 'conserto', 'Nenhuma');

INSERT INTO MANUTENCAO (ID_MANUTENCAO, CPF_FUNCIONARIO, NUMERO_QUARTO, DATA, TIPO_MANUTENCAO, OBSERVACAO) VALUES (44, '674.846.703-40', '222-T', TO_DATE('05/06/2016','DD/MM/YYYY'), 'conserto', 'Uma bela e linda observação');

INSERT INTO MANUTENCAO (ID_MANUTENCAO, CPF_FUNCIONARIO, NUMERO_QUARTO, DATA, TIPO_MANUTENCAO, OBSERVACAO) VALUES (45, '628.428.197-96', 'I-177', TO_DATE('05/07/2016','DD/MM/YYYY'), 'conserto', 'Uma bela e linda observação');

INSERT INTO MANUTENCAO (ID_MANUTENCAO, CPF_FUNCIONARIO, NUMERO_QUARTO, DATA, TIPO_MANUTENCAO, OBSERVACAO) VALUES (46, '347.168.514-23', '163-Q', TO_DATE('09/03/2017','DD/MM/YYYY'), 'limpeza', 'Nenhuma');

INSERT INTO MANUTENCAO (ID_MANUTENCAO, CPF_FUNCIONARIO, NUMERO_QUARTO, DATA, TIPO_MANUTENCAO, OBSERVACAO) VALUES (47, '674.846.703-40', '183-F', TO_DATE('03/07/2017','DD/MM/YYYY'), 'conserto', 'Nenhuma');

INSERT INTO MANUTENCAO (ID_MANUTENCAO, CPF_FUNCIONARIO, NUMERO_QUARTO, DATA, TIPO_MANUTENCAO, OBSERVACAO) VALUES (48, '347.168.514-23', 'O-135', TO_DATE('06/09/2017','DD/MM/YYYY'), 'conserto', 'Nenhuma');

INSERT INTO MANUTENCAO (ID_MANUTENCAO, CPF_FUNCIONARIO, NUMERO_QUARTO, DATA, TIPO_MANUTENCAO, OBSERVACAO) VALUES (49, '295.618.657-19', '243-B', TO_DATE('05/02/2019','DD/MM/YYYY'), 'limpeza', 'Uma bela e linda observação');

INSERT INTO MANUTENCAO (ID_MANUTENCAO, CPF_FUNCIONARIO, NUMERO_QUARTO, DATA, TIPO_MANUTENCAO, OBSERVACAO) VALUES (50, '580.624.861-22', '113-Q', TO_DATE('07/05/2018','DD/MM/YYYY'), 'conserto', 'Nenhuma');

