-----Clientes-----

INSERT INTO CLIENTE (CPF, EMAIL, NOME, ENDERECO, SEXO, DATA_NASC) VALUES ('551.415.868-29','cliente 00', 'cliente00@gmail.com', 'Rua 1916', 'feminino', TO_DATE('04/09/1932','DD/MM/YYYY'));

INSERT INTO CLIENTE (CPF, EMAIL, NOME, ENDERECO, SEXO, DATA_NASC) VALUES ('554.558.609-34','cliente 01', 'cliente01@gmail.com', 'Rua 1599', 'masculino', TO_DATE('05/05/1997','DD/MM/YYYY'));

INSERT INTO CLIENTE (CPF, EMAIL, NOME, ENDERECO, SEXO, DATA_NASC) VALUES ('972.160.430-77','cliente 02', 'cliente02@gmail.com', 'Rua 1933', 'feminino', TO_DATE('03/03/2011','DD/MM/YYYY'));

INSERT INTO CLIENTE (CPF, EMAIL, NOME, ENDERECO, SEXO, DATA_NASC) VALUES ('870.676.435-40','cliente 03', 'cliente03@gmail.com', 'Rua 1522', 'masculino', TO_DATE('07/03/1928','DD/MM/YYYY'));

INSERT INTO CLIENTE (CPF, EMAIL, NOME, ENDERECO, SEXO, DATA_NASC) VALUES ('769.281.696-40','cliente 04', 'cliente04@gmail.com', 'Rua 1790', 'feminino', TO_DATE('01/08/1934','DD/MM/YYYY'));

INSERT INTO CLIENTE (CPF, EMAIL, NOME, ENDERECO, SEXO, DATA_NASC) VALUES ('940.615.578-50','cliente 05', 'cliente05@gmail.com', 'Rua 1397', 'masculino', TO_DATE('07/05/1946','DD/MM/YYYY'));

INSERT INTO CLIENTE (CPF, EMAIL, NOME, ENDERECO, SEXO, DATA_NASC) VALUES ('694.910.219-72','cliente 06', 'cliente06@gmail.com', 'Rua 1667', 'feminino', TO_DATE('02/02/2016','DD/MM/YYYY'));

INSERT INTO CLIENTE (CPF, EMAIL, NOME, ENDERECO, SEXO, DATA_NASC) VALUES ('574.108.668-48','cliente 07', 'cliente07@gmail.com', 'Rua 1504', 'masculino', TO_DATE('02/03/2003','DD/MM/YYYY'));

INSERT INTO CLIENTE (CPF, EMAIL, NOME, ENDERECO, SEXO, DATA_NASC) VALUES ('822.129.658-33','cliente 08', 'cliente08@gmail.com', 'Rua 1243', 'feminino', TO_DATE('04/09/1943','DD/MM/YYYY'));

INSERT INTO CLIENTE (CPF, EMAIL, NOME, ENDERECO, SEXO, DATA_NASC) VALUES ('833.412.636-10','cliente 09', 'cliente09@gmail.com', 'Rua 1572', 'masculino', TO_DATE('04/06/1983','DD/MM/YYYY'));

INSERT INTO CLIENTE (CPF, EMAIL, NOME, ENDERECO, SEXO, DATA_NASC) VALUES ('162.188.111-39','cliente 010', 'cliente010@gmail.com', 'Rua 1729', 'feminino', TO_DATE('03/09/1943','DD/MM/YYYY'));

INSERT INTO CLIENTE (CPF, EMAIL, NOME, ENDERECO, SEXO, DATA_NASC) VALUES ('498.236.926-70','cliente 011', 'cliente011@gmail.com', 'Rua 1071', 'masculino', TO_DATE('01/08/2008','DD/MM/YYYY'));

INSERT INTO CLIENTE (CPF, EMAIL, NOME, ENDERECO, SEXO, DATA_NASC) VALUES ('704.514.643-56','cliente 012', 'cliente012@gmail.com', 'Rua 1266', 'feminino', TO_DATE('04/06/2018','DD/MM/YYYY'));

INSERT INTO CLIENTE (CPF, EMAIL, NOME, ENDERECO, SEXO, DATA_NASC) VALUES ('678.249.758-36','cliente 013', 'cliente013@gmail.com', 'Rua 1702', 'masculino', TO_DATE('09/06/2006','DD/MM/YYYY'));

INSERT INTO CLIENTE (CPF, EMAIL, NOME, ENDERECO, SEXO, DATA_NASC) VALUES ('775.155.422-72','cliente 014', 'cliente014@gmail.com', 'Rua 1823', 'feminino', TO_DATE('09/02/1957','DD/MM/YYYY'));

INSERT INTO CLIENTE (CPF, EMAIL, NOME, ENDERECO, SEXO, DATA_NASC) VALUES ('517.290.382-33','cliente 015', 'cliente015@gmail.com', 'Rua 1272', 'masculino', TO_DATE('07/03/1932','DD/MM/YYYY'));

INSERT INTO CLIENTE (CPF, EMAIL, NOME, ENDERECO, SEXO, DATA_NASC) VALUES ('859.877.736-82','cliente 016', 'cliente016@gmail.com', 'Rua 1001', 'feminino', TO_DATE('08/04/1977','DD/MM/YYYY'));

INSERT INTO CLIENTE (CPF, EMAIL, NOME, ENDERECO, SEXO, DATA_NASC) VALUES ('381.461.517-93','cliente 017', 'cliente017@gmail.com', 'Rua 1199', 'masculino', TO_DATE('02/01/1961','DD/MM/YYYY'));

INSERT INTO CLIENTE (CPF, EMAIL, NOME, ENDERECO, SEXO, DATA_NASC) VALUES ('739.602.471-91','cliente 018', 'cliente018@gmail.com', 'Rua 1798', 'feminino', TO_DATE('05/02/2017','DD/MM/YYYY'));

INSERT INTO CLIENTE (CPF, EMAIL, NOME, ENDERECO, SEXO, DATA_NASC) VALUES ('989.194.402-24','cliente 019', 'cliente019@gmail.com', 'Rua 1719', 'masculino', TO_DATE('04/04/1993','DD/MM/YYYY'));

-----Dependentes------

INSERT INTO DEPENDENTE (CPF, DATA_NASC, NOME, CPF_CLIENTE) VALUES ('158.442.272-52', TO_DATE('05/09/1980','DD/MM/YYYY'),'dependente 01', '551.415.868-29');

INSERT INTO DEPENDENTE (CPF, DATA_NASC, NOME, CPF_CLIENTE) VALUES ('884.633.497-18', TO_DATE('09/09/1916','DD/MM/YYYY'),'dependente 02', '551.415.868-29');

INSERT INTO DEPENDENTE (CPF, DATA_NASC, NOME, CPF_CLIENTE) VALUES ('526.702.794-97', TO_DATE('02/05/1931','DD/MM/YYYY'),'dependente 03', '551.415.868-29');

INSERT INTO DEPENDENTE (CPF, DATA_NASC, NOME, CPF_CLIENTE) VALUES ('310.160.348-33', TO_DATE('07/06/1946','DD/MM/YYYY'),'dependente 04', '551.415.868-29');

INSERT INTO DEPENDENTE (CPF, DATA_NASC, NOME, CPF_CLIENTE) VALUES ('365.656.203-89', TO_DATE('01/01/1956','DD/MM/YYYY'),'dependente 05', '554.558.609-34');

INSERT INTO DEPENDENTE (CPF, DATA_NASC, NOME, CPF_CLIENTE) VALUES ('105.390.663-53', TO_DATE('03/09/1929','DD/MM/YYYY'),'dependente 06', '554.558.609-34');

INSERT INTO DEPENDENTE (CPF, DATA_NASC, NOME, CPF_CLIENTE) VALUES ('864.979.702-89', TO_DATE('08/09/1988','DD/MM/YYYY'),'dependente 07', '554.558.609-34');

INSERT INTO DEPENDENTE (CPF, DATA_NASC, NOME, CPF_CLIENTE) VALUES ('428.584.199-12', TO_DATE('09/02/1961','DD/MM/YYYY'),'dependente 08', '554.558.609-34');

INSERT INTO DEPENDENTE (CPF, DATA_NASC, NOME, CPF_CLIENTE) VALUES ('458.282.539-38', TO_DATE('03/09/1928','DD/MM/YYYY'),'dependente 09', '554.558.609-34');

INSERT INTO DEPENDENTE (CPF, DATA_NASC, NOME, CPF_CLIENTE) VALUES ('356.976.673-68', TO_DATE('09/05/1957','DD/MM/YYYY'),'dependente 010', '972.160.430-77');

INSERT INTO DEPENDENTE (CPF, DATA_NASC, NOME, CPF_CLIENTE) VALUES ('463.989.382-41', TO_DATE('09/06/1996','DD/MM/YYYY'),'dependente 011', '972.160.430-77');

INSERT INTO DEPENDENTE (CPF, DATA_NASC, NOME, CPF_CLIENTE) VALUES ('457.994.345-24', TO_DATE('03/03/2018','DD/MM/YYYY'),'dependente 012', '870.676.435-40');

INSERT INTO DEPENDENTE (CPF, DATA_NASC, NOME, CPF_CLIENTE) VALUES ('483.777.612-25', TO_DATE('03/02/2019','DD/MM/YYYY'),'dependente 013', '870.676.435-40');

INSERT INTO DEPENDENTE (CPF, DATA_NASC, NOME, CPF_CLIENTE) VALUES ('956.541.293-14', TO_DATE('01/06/2019','DD/MM/YYYY'),'dependente 014', '769.281.696-40');

INSERT INTO DEPENDENTE (CPF, DATA_NASC, NOME, CPF_CLIENTE) VALUES ('146.563.833-26', TO_DATE('09/03/1917','DD/MM/YYYY'),'dependente 015', '769.281.696-40');

INSERT INTO DEPENDENTE (CPF, DATA_NASC, NOME, CPF_CLIENTE) VALUES ('447.975.922-37', TO_DATE('03/05/2017','DD/MM/YYYY'),'dependente 016', '940.615.578-50');

INSERT INTO DEPENDENTE (CPF, DATA_NASC, NOME, CPF_CLIENTE) VALUES ('115.340.665-81', TO_DATE('02/06/1928','DD/MM/YYYY'),'dependente 017', '694.910.219-72');

INSERT INTO DEPENDENTE (CPF, DATA_NASC, NOME, CPF_CLIENTE) VALUES ('569.371.797-86', TO_DATE('02/02/1930','DD/MM/YYYY'),'dependente 018', '694.910.219-72');

INSERT INTO DEPENDENTE (CPF, DATA_NASC, NOME, CPF_CLIENTE) VALUES ('807.601.715-21', TO_DATE('03/07/1926','DD/MM/YYYY'),'dependente 019', '574.108.668-48');

INSERT INTO DEPENDENTE (CPF, DATA_NASC, NOME, CPF_CLIENTE) VALUES ('496.681.841-95', TO_DATE('08/08/1991','DD/MM/YYYY'),'dependente 020', '574.108.668-48');

INSERT INTO DEPENDENTE (CPF, DATA_NASC, NOME, CPF_CLIENTE) VALUES ('587.938.404-95', TO_DATE('07/04/1957','DD/MM/YYYY'),'dependente 021', '574.108.668-48');

INSERT INTO DEPENDENTE (CPF, DATA_NASC, NOME, CPF_CLIENTE) VALUES ('306.619.143-91', TO_DATE('08/07/1930','DD/MM/YYYY'),'dependente 022', '822.129.658-33');

INSERT INTO DEPENDENTE (CPF, DATA_NASC, NOME, CPF_CLIENTE) VALUES ('954.417.603-86', TO_DATE('06/02/2002','DD/MM/YYYY'),'dependente 023', '822.129.658-33');

INSERT INTO DEPENDENTE (CPF, DATA_NASC, NOME, CPF_CLIENTE) VALUES ('954.466.149-92', TO_DATE('01/02/2000','DD/MM/YYYY'),'dependente 024', '833.412.636-10');

INSERT INTO DEPENDENTE (CPF, DATA_NASC, NOME, CPF_CLIENTE) VALUES ('799.323.133-22', TO_DATE('03/09/1962','DD/MM/YYYY'),'dependente 025', '162.188.111-39');

INSERT INTO DEPENDENTE (CPF, DATA_NASC, NOME, CPF_CLIENTE) VALUES ('100.660.146-26', TO_DATE('02/04/1955','DD/MM/YYYY'),'dependente 026', '162.188.111-39');

INSERT INTO DEPENDENTE (CPF, DATA_NASC, NOME, CPF_CLIENTE) VALUES ('804.334.144-21', TO_DATE('09/04/2013','DD/MM/YYYY'),'dependente 027', '162.188.111-39');

INSERT INTO DEPENDENTE (CPF, DATA_NASC, NOME, CPF_CLIENTE) VALUES ('672.263.402-35', TO_DATE('08/06/1977','DD/MM/YYYY'),'dependente 028', '498.236.926-70');

INSERT INTO DEPENDENTE (CPF, DATA_NASC, NOME, CPF_CLIENTE) VALUES ('416.916.656-30', TO_DATE('09/05/1996','DD/MM/YYYY'),'dependente 029', '704.514.643-56');

INSERT INTO DEPENDENTE (CPF, DATA_NASC, NOME, CPF_CLIENTE) VALUES ('334.639.795-60', TO_DATE('05/04/2013','DD/MM/YYYY'),'dependente 030', '704.514.643-56');

INSERT INTO DEPENDENTE (CPF, DATA_NASC, NOME, CPF_CLIENTE) VALUES ('819.893.357-59', TO_DATE('01/06/1995','DD/MM/YYYY'),'dependente 031', '704.514.643-56');

INSERT INTO DEPENDENTE (CPF, DATA_NASC, NOME, CPF_CLIENTE) VALUES ('424.903.925-78', TO_DATE('06/07/1984','DD/MM/YYYY'),'dependente 032', '678.249.758-36');

INSERT INTO DEPENDENTE (CPF, DATA_NASC, NOME, CPF_CLIENTE) VALUES ('887.136.898-90', TO_DATE('08/02/1928','DD/MM/YYYY'),'dependente 033', '678.249.758-36');

INSERT INTO DEPENDENTE (CPF, DATA_NASC, NOME, CPF_CLIENTE) VALUES ('463.580.182-19', TO_DATE('07/03/2007','DD/MM/YYYY'),'dependente 034', '775.155.422-72');

INSERT INTO DEPENDENTE (CPF, DATA_NASC, NOME, CPF_CLIENTE) VALUES ('150.696.439-36', TO_DATE('03/06/1925','DD/MM/YYYY'),'dependente 035', '775.155.422-72');

INSERT INTO DEPENDENTE (CPF, DATA_NASC, NOME, CPF_CLIENTE) VALUES ('124.456.886-58', TO_DATE('07/07/1929','DD/MM/YYYY'),'dependente 036', '517.290.382-33');

INSERT INTO DEPENDENTE (CPF, DATA_NASC, NOME, CPF_CLIENTE) VALUES ('211.541.623-53', TO_DATE('01/01/2003','DD/MM/YYYY'),'dependente 037', '517.290.382-33');

INSERT INTO DEPENDENTE (CPF, DATA_NASC, NOME, CPF_CLIENTE) VALUES ('272.905.618-33', TO_DATE('05/01/2003','DD/MM/YYYY'),'dependente 038', '859.877.736-82');

INSERT INTO DEPENDENTE (CPF, DATA_NASC, NOME, CPF_CLIENTE) VALUES ('192.859.416-30', TO_DATE('04/06/1964','DD/MM/YYYY'),'dependente 039', '859.877.736-82');

INSERT INTO DEPENDENTE (CPF, DATA_NASC, NOME, CPF_CLIENTE) VALUES ('938.525.649-42', TO_DATE('03/07/1953','DD/MM/YYYY'),'dependente 040', '859.877.736-82');

INSERT INTO DEPENDENTE (CPF, DATA_NASC, NOME, CPF_CLIENTE) VALUES ('280.461.679-10', TO_DATE('09/01/1953','DD/MM/YYYY'),'dependente 041', '381.461.517-93');

INSERT INTO DEPENDENTE (CPF, DATA_NASC, NOME, CPF_CLIENTE) VALUES ('729.690.128-64', TO_DATE('09/02/1964','DD/MM/YYYY'),'dependente 042', '381.461.517-93');

INSERT INTO DEPENDENTE (CPF, DATA_NASC, NOME, CPF_CLIENTE) VALUES ('922.456.521-65', TO_DATE('03/06/2004','DD/MM/YYYY'),'dependente 043', '381.461.517-93');

INSERT INTO DEPENDENTE (CPF, DATA_NASC, NOME, CPF_CLIENTE) VALUES ('454.202.945-82', TO_DATE('08/05/1997','DD/MM/YYYY'),'dependente 044', '381.461.517-93');

INSERT INTO DEPENDENTE (CPF, DATA_NASC, NOME, CPF_CLIENTE) VALUES ('708.648.982-67', TO_DATE('01/05/1946','DD/MM/YYYY'),'dependente 045', '739.602.471-91');

INSERT INTO DEPENDENTE (CPF, DATA_NASC, NOME, CPF_CLIENTE) VALUES ('565.461.454-14', TO_DATE('06/09/1990','DD/MM/YYYY'),'dependente 046', '989.194.402-24');

INSERT INTO DEPENDENTE (CPF, DATA_NASC, NOME, CPF_CLIENTE) VALUES ('998.155.874-75', TO_DATE('08/01/1923','DD/MM/YYYY'),'dependente 047', '989.194.402-24');

-----Avaliação------

INSERT INTO AVALIACAO (ID, NOTA, DATA, COMENTARIO, CPF_CLIENTE) VALUES (1, 9, TO_DATE('09/06/2019','DD/MM/YYYY'), 'Top','551.415.868-29');

INSERT INTO AVALIACAO (ID, NOTA, DATA, COMENTARIO, CPF_CLIENTE) VALUES (3, 8, TO_DATE('09/04/2019','DD/MM/YYYY'), 'Muito Bom','972.160.430-77');

INSERT INTO AVALIACAO (ID, NOTA, DATA, COMENTARIO, CPF_CLIENTE) VALUES (5, 6, TO_DATE('02/02/2019','DD/MM/YYYY'), 'Péssimo','769.281.696-40');

INSERT INTO AVALIACAO (ID, NOTA, DATA, COMENTARIO, CPF_CLIENTE) VALUES (7, 5, TO_DATE('02/06/2019','DD/MM/YYYY'), 'Ruim','694.910.219-72');

INSERT INTO AVALIACAO (ID, NOTA, DATA, COMENTARIO, CPF_CLIENTE) VALUES (9, 9, TO_DATE('03/05/2019','DD/MM/YYYY'), 'Muito Bom','822.129.658-33');

INSERT INTO AVALIACAO (ID, NOTA, DATA, COMENTARIO, CPF_CLIENTE) VALUES (11, 1, TO_DATE('04/01/2019','DD/MM/YYYY'), 'Ruim','162.188.111-39');

INSERT INTO AVALIACAO (ID, NOTA, DATA, COMENTARIO, CPF_CLIENTE) VALUES (13, 7, TO_DATE('07/05/2019','DD/MM/YYYY'), 'Ruim','704.514.643-56');

INSERT INTO AVALIACAO (ID, NOTA, DATA, COMENTARIO, CPF_CLIENTE) VALUES (15, 10, TO_DATE('08/04/2019','DD/MM/YYYY'), 'Muito Bom','775.155.422-72');

INSERT INTO AVALIACAO (ID, NOTA, DATA, COMENTARIO, CPF_CLIENTE) VALUES (17, 6, TO_DATE('08/03/2019','DD/MM/YYYY'), 'Ruim','859.877.736-82');

INSERT INTO AVALIACAO (ID, NOTA, DATA, COMENTARIO, CPF_CLIENTE) VALUES (19, 5, TO_DATE('04/05/2019','DD/MM/YYYY'), 'Muito Bom','739.602.471-91');

-----Funcionários-----

INSERT INTO FUNCIONARIO (CPF, NOME, DATA_NASC, SALARIO, FUNCAO) VALUES ('726.629.178-92','funcionario 00', TO_DATE('05/07/1935','DD/MM/YYYY'), 1079.00,'camareiro');

INSERT INTO FUNCIONARIO (CPF, NOME, DATA_NASC, SALARIO, FUNCAO) VALUES ('545.272.939-34','funcionario 01', TO_DATE('08/01/2011','DD/MM/YYYY'), 1033.00,'técnico');

INSERT INTO FUNCIONARIO (CPF, NOME, DATA_NASC, SALARIO, FUNCAO) VALUES ('240.871.695-45','funcionario 02', TO_DATE('06/02/1926','DD/MM/YYYY'), 1001.00,'camareiro');

INSERT INTO FUNCIONARIO (CPF, NOME, DATA_NASC, SALARIO, FUNCAO) VALUES ('840.236.219-98','funcionario 03', TO_DATE('05/01/1982','DD/MM/YYYY'), 1268.00,'técnico');

INSERT INTO FUNCIONARIO (CPF, NOME, DATA_NASC, SALARIO, FUNCAO) VALUES ('533.251.310-48','funcionario 04', TO_DATE('01/09/1926','DD/MM/YYYY'), 1071.00,'camareiro');

INSERT INTO FUNCIONARIO (CPF, NOME, DATA_NASC, SALARIO, FUNCAO) VALUES ('959.413.202-22','funcionario 05', TO_DATE('05/03/1972','DD/MM/YYYY'), 1204.00,'técnico');

INSERT INTO FUNCIONARIO (CPF, NOME, DATA_NASC, SALARIO, FUNCAO) VALUES ('966.198.933-24','funcionario 06', TO_DATE('07/03/1965','DD/MM/YYYY'), 1174.00,'camareiro');

INSERT INTO FUNCIONARIO (CPF, NOME, DATA_NASC, SALARIO, FUNCAO) VALUES ('954.475.797-91','funcionario 07', TO_DATE('01/03/2014','DD/MM/YYYY'), 1498.00,'técnico');

INSERT INTO FUNCIONARIO (CPF, NOME, DATA_NASC, SALARIO, FUNCAO) VALUES ('817.397.148-66','funcionario 08', TO_DATE('01/04/1932','DD/MM/YYYY'), 1090.00,'camareiro');

INSERT INTO FUNCIONARIO (CPF, NOME, DATA_NASC, SALARIO, FUNCAO) VALUES ('276.461.101-99','funcionario 09', TO_DATE('06/03/1965','DD/MM/YYYY'), 1215.00,'técnico');

-----Quarto------

INSERT INTO QUARTO (NUMERO, TIPO, VISTA, VALOR_DIARIA) VALUES ('118', 'frontal', 'duplo casal', 176.00);

INSERT INTO QUARTO (NUMERO, TIPO, VISTA, VALOR_DIARIA) VALUES ('300', 'lateral', 'triplo', 242.00);

INSERT INTO QUARTO (NUMERO, TIPO, VISTA, VALOR_DIARIA) VALUES ('289', 'frontal', 'duplo twin', 121.00);

INSERT INTO QUARTO (NUMERO, TIPO, VISTA, VALOR_DIARIA) VALUES ('288', 'lateral', 'duplo twin', 166.00);

INSERT INTO QUARTO (NUMERO, TIPO, VISTA, VALOR_DIARIA) VALUES ('125', 'frontal', 'duplo twin', 179.00);

INSERT INTO QUARTO (NUMERO, TIPO, VISTA, VALOR_DIARIA) VALUES ('204', 'lateral', 'duplo twin', 203.00);

INSERT INTO QUARTO (NUMERO, TIPO, VISTA, VALOR_DIARIA) VALUES ('234', 'frontal', 'triplo', 198.00);

INSERT INTO QUARTO (NUMERO, TIPO, VISTA, VALOR_DIARIA) VALUES ('300', 'lateral', 'duplo twin', 198.00);

INSERT INTO QUARTO (NUMERO, TIPO, VISTA, VALOR_DIARIA) VALUES ('227', 'frontal', 'simples', 234.00);

INSERT INTO QUARTO (NUMERO, TIPO, VISTA, VALOR_DIARIA) VALUES ('246', 'lateral', 'triplo', 248.00);

INSERT INTO QUARTO (NUMERO, TIPO, VISTA, VALOR_DIARIA) VALUES ('143', 'frontal', 'triplo', 262.00);

INSERT INTO QUARTO (NUMERO, TIPO, VISTA, VALOR_DIARIA) VALUES ('245', 'lateral', 'triplo', 287.00);

INSERT INTO QUARTO (NUMERO, TIPO, VISTA, VALOR_DIARIA) VALUES ('219', 'frontal', 'simples', 169.00);

INSERT INTO QUARTO (NUMERO, TIPO, VISTA, VALOR_DIARIA) VALUES ('112', 'lateral', 'duplo twin', 222.00);

INSERT INTO QUARTO (NUMERO, TIPO, VISTA, VALOR_DIARIA) VALUES ('211', 'frontal', 'triplo', 226.00);

INSERT INTO QUARTO (NUMERO, TIPO, VISTA, VALOR_DIARIA) VALUES ('151', 'lateral', 'duplo twin', 135.00);

INSERT INTO QUARTO (NUMERO, TIPO, VISTA, VALOR_DIARIA) VALUES ('108', 'frontal', 'simples', 208.00);

INSERT INTO QUARTO (NUMERO, TIPO, VISTA, VALOR_DIARIA) VALUES ('289', 'lateral', 'triplo', 112.00);

INSERT INTO QUARTO (NUMERO, TIPO, VISTA, VALOR_DIARIA) VALUES ('199', 'frontal', 'triplo', 274.00);

INSERT INTO QUARTO (NUMERO, TIPO, VISTA, VALOR_DIARIA) VALUES ('297', 'lateral', 'duplo twin', 165.00);

INSERT INTO QUARTO (NUMERO, TIPO, VISTA, VALOR_DIARIA) VALUES ('242', 'frontal', 'triplo', 299.00);

INSERT INTO QUARTO (NUMERO, TIPO, VISTA, VALOR_DIARIA) VALUES ('201', 'lateral', 'simples', 141.00);

INSERT INTO QUARTO (NUMERO, TIPO, VISTA, VALOR_DIARIA) VALUES ('202', 'frontal', 'triplo', 128.00);

INSERT INTO QUARTO (NUMERO, TIPO, VISTA, VALOR_DIARIA) VALUES ('150', 'lateral', 'simples', 100.00);

INSERT INTO QUARTO (NUMERO, TIPO, VISTA, VALOR_DIARIA) VALUES ('245', 'frontal', 'duplo twin', 293.00);

INSERT INTO QUARTO (NUMERO, TIPO, VISTA, VALOR_DIARIA) VALUES ('156', 'lateral', 'simples', 121.00);

INSERT INTO QUARTO (NUMERO, TIPO, VISTA, VALOR_DIARIA) VALUES ('254', 'frontal', 'triplo', 128.00);

INSERT INTO QUARTO (NUMERO, TIPO, VISTA, VALOR_DIARIA) VALUES ('237', 'lateral', 'duplo twin', 166.00);

INSERT INTO QUARTO (NUMERO, TIPO, VISTA, VALOR_DIARIA) VALUES ('174', 'frontal', 'duplo casal', 284.00);

INSERT INTO QUARTO (NUMERO, TIPO, VISTA, VALOR_DIARIA) VALUES ('136', 'lateral', 'simples', 129.00);

-----Produto------

INSERT INTO PRODUTO (ID, TIPO, NOME, VALOR, DESCRICAO) VALUES (1, 'Lavanderia', 'produto 0', 9, 36.00);

INSERT INTO PRODUTO (ID, TIPO, NOME, VALOR, DESCRICAO) VALUES (2, 'Frigobar', 'produto 1', 7, 102.00);

INSERT INTO PRODUTO (ID, TIPO, NOME, VALOR, DESCRICAO) VALUES (3, 'Frigobar', 'produto 2', 4, 4.00);

INSERT INTO PRODUTO (ID, TIPO, NOME, VALOR, DESCRICAO) VALUES (4, 'Frigobar', 'produto 3', 3, 115.00);

INSERT INTO PRODUTO (ID, TIPO, NOME, VALOR, DESCRICAO) VALUES (5, 'Lavanderia', 'produto 4', 6, 22.00);

INSERT INTO PRODUTO (ID, TIPO, NOME, VALOR, DESCRICAO) VALUES (6, 'Restaurante', 'produto 5', 3, 40.00);

INSERT INTO PRODUTO (ID, TIPO, NOME, VALOR, DESCRICAO) VALUES (7, 'Bar', 'produto 6', 3, 129.00);

INSERT INTO PRODUTO (ID, TIPO, NOME, VALOR, DESCRICAO) VALUES (8, 'Bar', 'produto 7', 8, 165.00);

INSERT INTO PRODUTO (ID, TIPO, NOME, VALOR, DESCRICAO) VALUES (9, 'Restaurante', 'produto 8', 1, 135.00);

INSERT INTO PRODUTO (ID, TIPO, NOME, VALOR, DESCRICAO) VALUES (10, 'Bar', 'produto 9', 1, 86.00);

INSERT INTO PRODUTO (ID, TIPO, NOME, VALOR, DESCRICAO) VALUES (11, 'Lavanderia', 'produto 10', 10, 186.00);

INSERT INTO PRODUTO (ID, TIPO, NOME, VALOR, DESCRICAO) VALUES (12, 'Bar', 'produto 11', 9, 188.00);

INSERT INTO PRODUTO (ID, TIPO, NOME, VALOR, DESCRICAO) VALUES (13, 'Frigobar', 'produto 12', 10, 72.00);

INSERT INTO PRODUTO (ID, TIPO, NOME, VALOR, DESCRICAO) VALUES (14, 'Lavanderia', 'produto 13', 7, 88.00);

INSERT INTO PRODUTO (ID, TIPO, NOME, VALOR, DESCRICAO) VALUES (15, 'Restaurante', 'produto 14', 8, 170.00);

INSERT INTO PRODUTO (ID, TIPO, NOME, VALOR, DESCRICAO) VALUES (16, 'Restaurante', 'produto 15', 10, 147.00);

INSERT INTO PRODUTO (ID, TIPO, NOME, VALOR, DESCRICAO) VALUES (17, 'Frigobar', 'produto 16', 5, 164.00);

INSERT INTO PRODUTO (ID, TIPO, NOME, VALOR, DESCRICAO) VALUES (18, 'Bar', 'produto 17', 5, 121.00);

INSERT INTO PRODUTO (ID, TIPO, NOME, VALOR, DESCRICAO) VALUES (19, 'Restaurante', 'produto 18', 5, 85.00);

INSERT INTO PRODUTO (ID, TIPO, NOME, VALOR, DESCRICAO) VALUES (20, 'Restaurante', 'produto 19', 6, 113.00);

INSERT INTO PRODUTO (ID, TIPO, NOME, VALOR, DESCRICAO) VALUES (21, 'Bar', 'produto 20', 4, 196.00);

INSERT INTO PRODUTO (ID, TIPO, NOME, VALOR, DESCRICAO) VALUES (22, 'Bar', 'produto 21', 1, 97.00);

INSERT INTO PRODUTO (ID, TIPO, NOME, VALOR, DESCRICAO) VALUES (23, 'Restaurante', 'produto 22', 1, 82.00);

INSERT INTO PRODUTO (ID, TIPO, NOME, VALOR, DESCRICAO) VALUES (24, 'Lavanderia', 'produto 23', 3, 119.00);

INSERT INTO PRODUTO (ID, TIPO, NOME, VALOR, DESCRICAO) VALUES (25, 'Restaurante', 'produto 24', 8, 70.00);

INSERT INTO PRODUTO (ID, TIPO, NOME, VALOR, DESCRICAO) VALUES (26, 'Restaurante', 'produto 25', 8, 74.00);

INSERT INTO PRODUTO (ID, TIPO, NOME, VALOR, DESCRICAO) VALUES (27, 'Bar', 'produto 26', 7, 60.00);

INSERT INTO PRODUTO (ID, TIPO, NOME, VALOR, DESCRICAO) VALUES (28, 'Restaurante', 'produto 27', 2, 130.00);

INSERT INTO PRODUTO (ID, TIPO, NOME, VALOR, DESCRICAO) VALUES (29, 'Lavanderia', 'produto 28', 4, 169.00);

INSERT INTO PRODUTO (ID, TIPO, NOME, VALOR, DESCRICAO) VALUES (30, 'Bar', 'produto 29', 2, 111.00);

INSERT INTO PRODUTO (ID, TIPO, NOME, VALOR, DESCRICAO) VALUES (31, 'Lavanderia', 'produto 30', 8, 30.00);

INSERT INTO PRODUTO (ID, TIPO, NOME, VALOR, DESCRICAO) VALUES (32, 'Frigobar', 'produto 31', 7, 24.00);

INSERT INTO PRODUTO (ID, TIPO, NOME, VALOR, DESCRICAO) VALUES (33, 'Frigobar', 'produto 32', 5, 18.00);

INSERT INTO PRODUTO (ID, TIPO, NOME, VALOR, DESCRICAO) VALUES (34, 'Frigobar', 'produto 33', 6, 72.00);

INSERT INTO PRODUTO (ID, TIPO, NOME, VALOR, DESCRICAO) VALUES (35, 'Frigobar', 'produto 34', 8, 91.00);

INSERT INTO PRODUTO (ID, TIPO, NOME, VALOR, DESCRICAO) VALUES (36, 'Bar', 'produto 35', 1, 44.00);

INSERT INTO PRODUTO (ID, TIPO, NOME, VALOR, DESCRICAO) VALUES (37, 'Bar', 'produto 36', 10, 148.00);

INSERT INTO PRODUTO (ID, TIPO, NOME, VALOR, DESCRICAO) VALUES (38, 'Frigobar', 'produto 37', 8, 197.00);

INSERT INTO PRODUTO (ID, TIPO, NOME, VALOR, DESCRICAO) VALUES (39, 'Frigobar', 'produto 38', 2, 89.00);

INSERT INTO PRODUTO (ID, TIPO, NOME, VALOR, DESCRICAO) VALUES (40, 'Lavanderia', 'produto 39', 8, 134.00);

INSERT INTO PRODUTO (ID, TIPO, NOME, VALOR, DESCRICAO) VALUES (41, 'Restaurante', 'produto 40', 9, 1.00);

INSERT INTO PRODUTO (ID, TIPO, NOME, VALOR, DESCRICAO) VALUES (42, 'Lavanderia', 'produto 41', 9, 101.00);

INSERT INTO PRODUTO (ID, TIPO, NOME, VALOR, DESCRICAO) VALUES (43, 'Lavanderia', 'produto 42', 5, 67.00);

INSERT INTO PRODUTO (ID, TIPO, NOME, VALOR, DESCRICAO) VALUES (44, 'Restaurante', 'produto 43', 9, 18.00);

INSERT INTO PRODUTO (ID, TIPO, NOME, VALOR, DESCRICAO) VALUES (45, 'Lavanderia', 'produto 44', 4, 33.00);

INSERT INTO PRODUTO (ID, TIPO, NOME, VALOR, DESCRICAO) VALUES (46, 'Lavanderia', 'produto 45', 2, 70.00);

INSERT INTO PRODUTO (ID, TIPO, NOME, VALOR, DESCRICAO) VALUES (47, 'Lavanderia', 'produto 46', 7, 146.00);

INSERT INTO PRODUTO (ID, TIPO, NOME, VALOR, DESCRICAO) VALUES (48, 'Lavanderia', 'produto 47', 8, 184.00);

INSERT INTO PRODUTO (ID, TIPO, NOME, VALOR, DESCRICAO) VALUES (49, 'Frigobar', 'produto 48', 10, 191.00);

INSERT INTO PRODUTO (ID, TIPO, NOME, VALOR, DESCRICAO) VALUES (50, 'Bar', 'produto 49', 9, 127.00);

INSERT INTO PRODUTO (ID, TIPO, NOME, VALOR, DESCRICAO) VALUES (51, 'Lavanderia', 'produto 50', 8, 68.00);

INSERT INTO PRODUTO (ID, TIPO, NOME, VALOR, DESCRICAO) VALUES (52, 'Lavanderia', 'produto 51', 9, 186.00);

INSERT INTO PRODUTO (ID, TIPO, NOME, VALOR, DESCRICAO) VALUES (53, 'Restaurante', 'produto 52', 5, 37.00);

INSERT INTO PRODUTO (ID, TIPO, NOME, VALOR, DESCRICAO) VALUES (54, 'Frigobar', 'produto 53', 9, 80.00);

INSERT INTO PRODUTO (ID, TIPO, NOME, VALOR, DESCRICAO) VALUES (55, 'Lavanderia', 'produto 54', 6, 179.00);

INSERT INTO PRODUTO (ID, TIPO, NOME, VALOR, DESCRICAO) VALUES (56, 'Frigobar', 'produto 55', 8, 13.00);

INSERT INTO PRODUTO (ID, TIPO, NOME, VALOR, DESCRICAO) VALUES (57, 'Frigobar', 'produto 56', 1, 134.00);

INSERT INTO PRODUTO (ID, TIPO, NOME, VALOR, DESCRICAO) VALUES (58, 'Restaurante', 'produto 57', 9, 84.00);

INSERT INTO PRODUTO (ID, TIPO, NOME, VALOR, DESCRICAO) VALUES (59, 'Frigobar', 'produto 58', 1, 85.00);

INSERT INTO PRODUTO (ID, TIPO, NOME, VALOR, DESCRICAO) VALUES (60, 'Frigobar', 'produto 59', 4, 144.00);

INSERT INTO PRODUTO (ID, TIPO, NOME, VALOR, DESCRICAO) VALUES (61, 'Bar', 'produto 60', 10, 174.00);

INSERT INTO PRODUTO (ID, TIPO, NOME, VALOR, DESCRICAO) VALUES (62, 'Bar', 'produto 61', 1, 84.00);

INSERT INTO PRODUTO (ID, TIPO, NOME, VALOR, DESCRICAO) VALUES (63, 'Frigobar', 'produto 62', 3, 169.00);

INSERT INTO PRODUTO (ID, TIPO, NOME, VALOR, DESCRICAO) VALUES (64, 'Bar', 'produto 63', 6, 99.00);

INSERT INTO PRODUTO (ID, TIPO, NOME, VALOR, DESCRICAO) VALUES (65, 'Lavanderia', 'produto 64', 1, 197.00);

INSERT INTO PRODUTO (ID, TIPO, NOME, VALOR, DESCRICAO) VALUES (66, 'Bar', 'produto 65', 8, 142.00);

INSERT INTO PRODUTO (ID, TIPO, NOME, VALOR, DESCRICAO) VALUES (67, 'Restaurante', 'produto 66', 8, 55.00);

INSERT INTO PRODUTO (ID, TIPO, NOME, VALOR, DESCRICAO) VALUES (68, 'Lavanderia', 'produto 67', 3, 79.00);

INSERT INTO PRODUTO (ID, TIPO, NOME, VALOR, DESCRICAO) VALUES (69, 'Restaurante', 'produto 68', 4, 139.00);

INSERT INTO PRODUTO (ID, TIPO, NOME, VALOR, DESCRICAO) VALUES (70, 'Bar', 'produto 69', 3, 188.00);

INSERT INTO PRODUTO (ID, TIPO, NOME, VALOR, DESCRICAO) VALUES (71, 'Lavanderia', 'produto 70', 2, 133.00);

INSERT INTO PRODUTO (ID, TIPO, NOME, VALOR, DESCRICAO) VALUES (72, 'Frigobar', 'produto 71', 6, 118.00);

INSERT INTO PRODUTO (ID, TIPO, NOME, VALOR, DESCRICAO) VALUES (73, 'Frigobar', 'produto 72', 1, 39.00);

INSERT INTO PRODUTO (ID, TIPO, NOME, VALOR, DESCRICAO) VALUES (74, 'Frigobar', 'produto 73', 10, 147.00);

INSERT INTO PRODUTO (ID, TIPO, NOME, VALOR, DESCRICAO) VALUES (75, 'Lavanderia', 'produto 74', 8, 111.00);

INSERT INTO PRODUTO (ID, TIPO, NOME, VALOR, DESCRICAO) VALUES (76, 'Bar', 'produto 75', 6, 107.00);

INSERT INTO PRODUTO (ID, TIPO, NOME, VALOR, DESCRICAO) VALUES (77, 'Frigobar', 'produto 76', 3, 54.00);

INSERT INTO PRODUTO (ID, TIPO, NOME, VALOR, DESCRICAO) VALUES (78, 'Frigobar', 'produto 77', 4, 162.00);

INSERT INTO PRODUTO (ID, TIPO, NOME, VALOR, DESCRICAO) VALUES (79, 'Lavanderia', 'produto 78', 3, 158.00);

INSERT INTO PRODUTO (ID, TIPO, NOME, VALOR, DESCRICAO) VALUES (80, 'Restaurante', 'produto 79', 4, 184.00);

INSERT INTO PRODUTO (ID, TIPO, NOME, VALOR, DESCRICAO) VALUES (81, 'Frigobar', 'produto 80', 9, 17.00);

INSERT INTO PRODUTO (ID, TIPO, NOME, VALOR, DESCRICAO) VALUES (82, 'Lavanderia', 'produto 81', 9, 3.00);

INSERT INTO PRODUTO (ID, TIPO, NOME, VALOR, DESCRICAO) VALUES (83, 'Lavanderia', 'produto 82', 6, 127.00);

INSERT INTO PRODUTO (ID, TIPO, NOME, VALOR, DESCRICAO) VALUES (84, 'Frigobar', 'produto 83', 7, 190.00);

INSERT INTO PRODUTO (ID, TIPO, NOME, VALOR, DESCRICAO) VALUES (85, 'Frigobar', 'produto 84', 1, 159.00);

INSERT INTO PRODUTO (ID, TIPO, NOME, VALOR, DESCRICAO) VALUES (86, 'Bar', 'produto 85', 3, 40.00);

INSERT INTO PRODUTO (ID, TIPO, NOME, VALOR, DESCRICAO) VALUES (87, 'Restaurante', 'produto 86', 3, 43.00);

INSERT INTO PRODUTO (ID, TIPO, NOME, VALOR, DESCRICAO) VALUES (88, 'Bar', 'produto 87', 7, 88.00);

INSERT INTO PRODUTO (ID, TIPO, NOME, VALOR, DESCRICAO) VALUES (89, 'Frigobar', 'produto 88', 6, 148.00);

INSERT INTO PRODUTO (ID, TIPO, NOME, VALOR, DESCRICAO) VALUES (90, 'Bar', 'produto 89', 9, 35.00);

INSERT INTO PRODUTO (ID, TIPO, NOME, VALOR, DESCRICAO) VALUES (91, 'Frigobar', 'produto 90', 10, 59.00);

INSERT INTO PRODUTO (ID, TIPO, NOME, VALOR, DESCRICAO) VALUES (92, 'Bar', 'produto 91', 9, 151.00);

INSERT INTO PRODUTO (ID, TIPO, NOME, VALOR, DESCRICAO) VALUES (93, 'Restaurante', 'produto 92', 10, 33.00);

INSERT INTO PRODUTO (ID, TIPO, NOME, VALOR, DESCRICAO) VALUES (94, 'Bar', 'produto 93', 1, 143.00);

INSERT INTO PRODUTO (ID, TIPO, NOME, VALOR, DESCRICAO) VALUES (95, 'Frigobar', 'produto 94', 5, 126.00);

INSERT INTO PRODUTO (ID, TIPO, NOME, VALOR, DESCRICAO) VALUES (96, 'Lavanderia', 'produto 95', 9, 192.00);

INSERT INTO PRODUTO (ID, TIPO, NOME, VALOR, DESCRICAO) VALUES (97, 'Bar', 'produto 96', 4, 71.00);

INSERT INTO PRODUTO (ID, TIPO, NOME, VALOR, DESCRICAO) VALUES (98, 'Restaurante', 'produto 97', 5, 14.00);

INSERT INTO PRODUTO (ID, TIPO, NOME, VALOR, DESCRICAO) VALUES (99, 'Bar', 'produto 98', 10, 163.00);

INSERT INTO PRODUTO (ID, TIPO, NOME, VALOR, DESCRICAO) VALUES (100, 'Restaurante', 'produto 99', 4, 175.00);

-----Telefone------

INSERT INTO TELEFONE (TELEFONE, CPF_CLIENTE) VALUES ('(019) 85919-5640', '551.415.868-29');

INSERT INTO TELEFONE (TELEFONE, CPF_CLIENTE) VALUES ('(082) 24559-9780', '554.558.609-34');

INSERT INTO TELEFONE (TELEFONE, CPF_CLIENTE) VALUES ('(072) 10369-3980', '554.558.609-34');

INSERT INTO TELEFONE (TELEFONE, CPF_CLIENTE) VALUES ('(018) 58326-3005', '972.160.430-77');

INSERT INTO TELEFONE (TELEFONE, CPF_CLIENTE) VALUES ('(057) 76717-7798', '972.160.430-77');

INSERT INTO TELEFONE (TELEFONE, CPF_CLIENTE) VALUES ('(028) 17121-5717', '870.676.435-40');

INSERT INTO TELEFONE (TELEFONE, CPF_CLIENTE) VALUES ('(051) 24282-1878', '870.676.435-40');

INSERT INTO TELEFONE (TELEFONE, CPF_CLIENTE) VALUES ('(065) 78481-3269', '769.281.696-40');

INSERT INTO TELEFONE (TELEFONE, CPF_CLIENTE) VALUES ('(060) 29438-2657', '940.615.578-50');

INSERT INTO TELEFONE (TELEFONE, CPF_CLIENTE) VALUES ('(066) 44424-4223', '694.910.219-72');

INSERT INTO TELEFONE (TELEFONE, CPF_CLIENTE) VALUES ('(098) 11257-3717', '694.910.219-72');

INSERT INTO TELEFONE (TELEFONE, CPF_CLIENTE) VALUES ('(044) 61111-6461', '574.108.668-48');

INSERT INTO TELEFONE (TELEFONE, CPF_CLIENTE) VALUES ('(090) 80101-3754', '822.129.658-33');

INSERT INTO TELEFONE (TELEFONE, CPF_CLIENTE) VALUES ('(095) 98457-3927', '822.129.658-33');

INSERT INTO TELEFONE (TELEFONE, CPF_CLIENTE) VALUES ('(075) 95735-1904', '833.412.636-10');

INSERT INTO TELEFONE (TELEFONE, CPF_CLIENTE) VALUES ('(062) 87900-1958', '162.188.111-39');

INSERT INTO TELEFONE (TELEFONE, CPF_CLIENTE) VALUES ('(047) 47064-9235', '162.188.111-39');

INSERT INTO TELEFONE (TELEFONE, CPF_CLIENTE) VALUES ('(055) 85777-3146', '498.236.926-70');

INSERT INTO TELEFONE (TELEFONE, CPF_CLIENTE) VALUES ('(054) 59604-9910', '704.514.643-56');

INSERT INTO TELEFONE (TELEFONE, CPF_CLIENTE) VALUES ('(034) 44470-7743', '678.249.758-36');

INSERT INTO TELEFONE (TELEFONE, CPF_CLIENTE) VALUES ('(074) 79932-5184', '775.155.422-72');

INSERT INTO TELEFONE (TELEFONE, CPF_CLIENTE) VALUES ('(047) 86273-1272', '517.290.382-33');

INSERT INTO TELEFONE (TELEFONE, CPF_CLIENTE) VALUES ('(053) 74120-1225', '517.290.382-33');

INSERT INTO TELEFONE (TELEFONE, CPF_CLIENTE) VALUES ('(055) 16824-6565', '859.877.736-82');

INSERT INTO TELEFONE (TELEFONE, CPF_CLIENTE) VALUES ('(045) 15748-5539', '381.461.517-93');

INSERT INTO TELEFONE (TELEFONE, CPF_CLIENTE) VALUES ('(020) 73713-5304', '381.461.517-93');

INSERT INTO TELEFONE (TELEFONE, CPF_CLIENTE) VALUES ('(081) 32050-3130', '739.602.471-91');

INSERT INTO TELEFONE (TELEFONE, CPF_CLIENTE) VALUES ('(083) 31029-3925', '989.194.402-24');

INSERT INTO TELEFONE (TELEFONE, CPF_CLIENTE) VALUES ('(036) 40188-8317', '989.194.402-24');

-----Equipamentos------

INSERT INTO EQUIPAMENTO (EQUIPAMENTO, NUMERO_QUARTO) VALUES ('ar 01', '118');

INSERT INTO EQUIPAMENTO (EQUIPAMENTO, NUMERO_QUARTO) VALUES ('ar 02', '118');

INSERT INTO EQUIPAMENTO (EQUIPAMENTO, NUMERO_QUARTO) VALUES ('ar 01', '300');

INSERT INTO EQUIPAMENTO (EQUIPAMENTO, NUMERO_QUARTO) VALUES ('TV a cabo 02', '300');

INSERT INTO EQUIPAMENTO (EQUIPAMENTO, NUMERO_QUARTO) VALUES ('frigobar 03', '300');

INSERT INTO EQUIPAMENTO (EQUIPAMENTO, NUMERO_QUARTO) VALUES ('TV a cabo 01', '289');

INSERT INTO EQUIPAMENTO (EQUIPAMENTO, NUMERO_QUARTO) VALUES ('frigobar 02', '289');

INSERT INTO EQUIPAMENTO (EQUIPAMENTO, NUMERO_QUARTO) VALUES ('ar 03', '289');

INSERT INTO EQUIPAMENTO (EQUIPAMENTO, NUMERO_QUARTO) VALUES ('televisão 04', '289');

INSERT INTO EQUIPAMENTO (EQUIPAMENTO, NUMERO_QUARTO) VALUES ('ar 01', '288');

INSERT INTO EQUIPAMENTO (EQUIPAMENTO, NUMERO_QUARTO) VALUES ('TV a cabo 02', '288');

INSERT INTO EQUIPAMENTO (EQUIPAMENTO, NUMERO_QUARTO) VALUES ('frigobar 03', '288');

INSERT INTO EQUIPAMENTO (EQUIPAMENTO, NUMERO_QUARTO) VALUES ('frigobar 04', '288');

INSERT INTO EQUIPAMENTO (EQUIPAMENTO, NUMERO_QUARTO) VALUES ('TV a cabo 01', '125');

INSERT INTO EQUIPAMENTO (EQUIPAMENTO, NUMERO_QUARTO) VALUES ('TV a cabo 01', '204');

INSERT INTO EQUIPAMENTO (EQUIPAMENTO, NUMERO_QUARTO) VALUES ('TV a cabo 02', '204');

INSERT INTO EQUIPAMENTO (EQUIPAMENTO, NUMERO_QUARTO) VALUES ('ar 03', '204');

INSERT INTO EQUIPAMENTO (EQUIPAMENTO, NUMERO_QUARTO) VALUES ('TV a cabo 04', '204');

INSERT INTO EQUIPAMENTO (EQUIPAMENTO, NUMERO_QUARTO) VALUES ('TV a cabo 05', '204');

INSERT INTO EQUIPAMENTO (EQUIPAMENTO, NUMERO_QUARTO) VALUES ('frigobar 01', '234');

INSERT INTO EQUIPAMENTO (EQUIPAMENTO, NUMERO_QUARTO) VALUES ('TV a cabo 02', '234');

INSERT INTO EQUIPAMENTO (EQUIPAMENTO, NUMERO_QUARTO) VALUES ('ar 03', '234');

INSERT INTO EQUIPAMENTO (EQUIPAMENTO, NUMERO_QUARTO) VALUES ('ar 01', '300');

INSERT INTO EQUIPAMENTO (EQUIPAMENTO, NUMERO_QUARTO) VALUES ('TV a cabo 02', '300');

INSERT INTO EQUIPAMENTO (EQUIPAMENTO, NUMERO_QUARTO) VALUES ('ar 01', '227');

INSERT INTO EQUIPAMENTO (EQUIPAMENTO, NUMERO_QUARTO) VALUES ('frigobar 02', '227');

INSERT INTO EQUIPAMENTO (EQUIPAMENTO, NUMERO_QUARTO) VALUES ('frigobar 01', '246');

INSERT INTO EQUIPAMENTO (EQUIPAMENTO, NUMERO_QUARTO) VALUES ('televisão 02', '246');

INSERT INTO EQUIPAMENTO (EQUIPAMENTO, NUMERO_QUARTO) VALUES ('TV a cabo 01', '143');

INSERT INTO EQUIPAMENTO (EQUIPAMENTO, NUMERO_QUARTO) VALUES ('frigobar 02', '143');

INSERT INTO EQUIPAMENTO (EQUIPAMENTO, NUMERO_QUARTO) VALUES ('frigobar 01', '245');

INSERT INTO EQUIPAMENTO (EQUIPAMENTO, NUMERO_QUARTO) VALUES ('televisão 01', '219');

INSERT INTO EQUIPAMENTO (EQUIPAMENTO, NUMERO_QUARTO) VALUES ('ar 02', '219');

INSERT INTO EQUIPAMENTO (EQUIPAMENTO, NUMERO_QUARTO) VALUES ('frigobar 01', '112');

INSERT INTO EQUIPAMENTO (EQUIPAMENTO, NUMERO_QUARTO) VALUES ('ar 01', '211');

INSERT INTO EQUIPAMENTO (EQUIPAMENTO, NUMERO_QUARTO) VALUES ('ar 02', '211');

INSERT INTO EQUIPAMENTO (EQUIPAMENTO, NUMERO_QUARTO) VALUES ('TV a cabo 03', '211');

INSERT INTO EQUIPAMENTO (EQUIPAMENTO, NUMERO_QUARTO) VALUES ('TV a cabo 01', '151');

INSERT INTO EQUIPAMENTO (EQUIPAMENTO, NUMERO_QUARTO) VALUES ('TV a cabo 02', '151');

INSERT INTO EQUIPAMENTO (EQUIPAMENTO, NUMERO_QUARTO) VALUES ('frigobar 01', '108');

INSERT INTO EQUIPAMENTO (EQUIPAMENTO, NUMERO_QUARTO) VALUES ('TV a cabo 02', '108');

INSERT INTO EQUIPAMENTO (EQUIPAMENTO, NUMERO_QUARTO) VALUES ('frigobar 01', '289');

INSERT INTO EQUIPAMENTO (EQUIPAMENTO, NUMERO_QUARTO) VALUES ('frigobar 02', '289');

INSERT INTO EQUIPAMENTO (EQUIPAMENTO, NUMERO_QUARTO) VALUES ('televisão 03', '289');

INSERT INTO EQUIPAMENTO (EQUIPAMENTO, NUMERO_QUARTO) VALUES ('ar 01', '199');

INSERT INTO EQUIPAMENTO (EQUIPAMENTO, NUMERO_QUARTO) VALUES ('ar 02', '199');

INSERT INTO EQUIPAMENTO (EQUIPAMENTO, NUMERO_QUARTO) VALUES ('ar 03', '199');

INSERT INTO EQUIPAMENTO (EQUIPAMENTO, NUMERO_QUARTO) VALUES ('frigobar 04', '199');

INSERT INTO EQUIPAMENTO (EQUIPAMENTO, NUMERO_QUARTO) VALUES ('TV a cabo 01', '297');

INSERT INTO EQUIPAMENTO (EQUIPAMENTO, NUMERO_QUARTO) VALUES ('televisão 02', '297');

INSERT INTO EQUIPAMENTO (EQUIPAMENTO, NUMERO_QUARTO) VALUES ('TV a cabo 01', '242');

INSERT INTO EQUIPAMENTO (EQUIPAMENTO, NUMERO_QUARTO) VALUES ('televisão 02', '242');

INSERT INTO EQUIPAMENTO (EQUIPAMENTO, NUMERO_QUARTO) VALUES ('televisão 01', '201');

INSERT INTO EQUIPAMENTO (EQUIPAMENTO, NUMERO_QUARTO) VALUES ('televisão 02', '201');

INSERT INTO EQUIPAMENTO (EQUIPAMENTO, NUMERO_QUARTO) VALUES ('ar 01', '202');

INSERT INTO EQUIPAMENTO (EQUIPAMENTO, NUMERO_QUARTO) VALUES ('televisão 02', '202');

INSERT INTO EQUIPAMENTO (EQUIPAMENTO, NUMERO_QUARTO) VALUES ('televisão 01', '150');

INSERT INTO EQUIPAMENTO (EQUIPAMENTO, NUMERO_QUARTO) VALUES ('ar 02', '150');

INSERT INTO EQUIPAMENTO (EQUIPAMENTO, NUMERO_QUARTO) VALUES ('televisão 03', '150');

INSERT INTO EQUIPAMENTO (EQUIPAMENTO, NUMERO_QUARTO) VALUES ('frigobar 04', '150');

INSERT INTO EQUIPAMENTO (EQUIPAMENTO, NUMERO_QUARTO) VALUES ('ar 01', '245');

INSERT INTO EQUIPAMENTO (EQUIPAMENTO, NUMERO_QUARTO) VALUES ('televisão 02', '245');

INSERT INTO EQUIPAMENTO (EQUIPAMENTO, NUMERO_QUARTO) VALUES ('frigobar 03', '245');

INSERT INTO EQUIPAMENTO (EQUIPAMENTO, NUMERO_QUARTO) VALUES ('ar 04', '245');

INSERT INTO EQUIPAMENTO (EQUIPAMENTO, NUMERO_QUARTO) VALUES ('TV a cabo 01', '156');

INSERT INTO EQUIPAMENTO (EQUIPAMENTO, NUMERO_QUARTO) VALUES ('ar 02', '156');

INSERT INTO EQUIPAMENTO (EQUIPAMENTO, NUMERO_QUARTO) VALUES ('TV a cabo 03', '156');

INSERT INTO EQUIPAMENTO (EQUIPAMENTO, NUMERO_QUARTO) VALUES ('ar 01', '254');

INSERT INTO EQUIPAMENTO (EQUIPAMENTO, NUMERO_QUARTO) VALUES ('frigobar 02', '254');

INSERT INTO EQUIPAMENTO (EQUIPAMENTO, NUMERO_QUARTO) VALUES ('televisão 01', '237');

INSERT INTO EQUIPAMENTO (EQUIPAMENTO, NUMERO_QUARTO) VALUES ('frigobar 01', '174');

INSERT INTO EQUIPAMENTO (EQUIPAMENTO, NUMERO_QUARTO) VALUES ('TV a cabo 02', '174');

INSERT INTO EQUIPAMENTO (EQUIPAMENTO, NUMERO_QUARTO) VALUES ('TV a cabo 03', '174');

INSERT INTO EQUIPAMENTO (EQUIPAMENTO, NUMERO_QUARTO) VALUES ('frigobar 04', '174');

INSERT INTO EQUIPAMENTO (EQUIPAMENTO, NUMERO_QUARTO) VALUES ('televisão 05', '174');

INSERT INTO EQUIPAMENTO (EQUIPAMENTO, NUMERO_QUARTO) VALUES ('televisão 01', '136');

-----Hospeda------

INSERT INTO HOSPEDA (ID_HOSPEDAGEM, DIA_CHECK_IN, DIA_CHECK_OUT, CPF_CLIENTE, NUMERO_QUARTO) VALUES (1, TO_DATE('05/08/2018','DD/MM/YYYY'), TO_DATE('06/08/2018','DD/MM/YYYY'), '551.415.868-29', '174');

INSERT INTO HOSPEDA (ID_HOSPEDAGEM, DIA_CHECK_IN, DIA_CHECK_OUT, CPF_CLIENTE, NUMERO_QUARTO) VALUES (2, TO_DATE('03/03/2010','DD/MM/YYYY'), TO_DATE('06/03/2010','DD/MM/YYYY'), '554.558.609-34', '289');

INSERT INTO HOSPEDA (ID_HOSPEDAGEM, DIA_CHECK_IN, DIA_CHECK_OUT, CPF_CLIENTE, NUMERO_QUARTO) VALUES (3, TO_DATE('05/07/2016','DD/MM/YYYY'), TO_DATE('06/07/2016','DD/MM/YYYY'), '972.160.430-77', '219');

INSERT INTO HOSPEDA (ID_HOSPEDAGEM, DIA_CHECK_IN, DIA_CHECK_OUT, CPF_CLIENTE, NUMERO_QUARTO) VALUES (4, TO_DATE('03/03/2018','DD/MM/YYYY'), TO_DATE('04/03/2018','DD/MM/YYYY'), '870.676.435-40', '288');

INSERT INTO HOSPEDA (ID_HOSPEDAGEM, DIA_CHECK_IN, DIA_CHECK_OUT, CPF_CLIENTE, NUMERO_QUARTO) VALUES (5, TO_DATE('03/05/2011','DD/MM/YYYY'), TO_DATE('06/05/2011','DD/MM/YYYY'), '870.676.435-40', '289');

INSERT INTO HOSPEDA (ID_HOSPEDAGEM, DIA_CHECK_IN, DIA_CHECK_OUT, CPF_CLIENTE, NUMERO_QUARTO) VALUES (6, TO_DATE('02/04/2017','DD/MM/YYYY'), TO_DATE('04/04/2017','DD/MM/YYYY'), '769.281.696-40', '300');

INSERT INTO HOSPEDA (ID_HOSPEDAGEM, DIA_CHECK_IN, DIA_CHECK_OUT, CPF_CLIENTE, NUMERO_QUARTO) VALUES (7, TO_DATE('03/08/2016','DD/MM/YYYY'), TO_DATE('06/08/2016','DD/MM/YYYY'), '940.615.578-50', '234');

INSERT INTO HOSPEDA (ID_HOSPEDAGEM, DIA_CHECK_IN, DIA_CHECK_OUT, CPF_CLIENTE, NUMERO_QUARTO) VALUES (8, TO_DATE('02/03/2017','DD/MM/YYYY'), TO_DATE('04/03/2017','DD/MM/YYYY'), '694.910.219-72', '150');

INSERT INTO HOSPEDA (ID_HOSPEDAGEM, DIA_CHECK_IN, DIA_CHECK_OUT, CPF_CLIENTE, NUMERO_QUARTO) VALUES (9, TO_DATE('02/06/2013','DD/MM/YYYY'), TO_DATE('05/06/2013','DD/MM/YYYY'), '574.108.668-48', '288');

INSERT INTO HOSPEDA (ID_HOSPEDAGEM, DIA_CHECK_IN, DIA_CHECK_OUT, CPF_CLIENTE, NUMERO_QUARTO) VALUES (10, TO_DATE('02/02/2016','DD/MM/YYYY'), TO_DATE('06/02/2016','DD/MM/YYYY'), '574.108.668-48', '234');

INSERT INTO HOSPEDA (ID_HOSPEDAGEM, DIA_CHECK_IN, DIA_CHECK_OUT, CPF_CLIENTE, NUMERO_QUARTO) VALUES (11, TO_DATE('01/04/2017','DD/MM/YYYY'), TO_DATE('05/04/2017','DD/MM/YYYY'), '822.129.658-33', '246');

INSERT INTO HOSPEDA (ID_HOSPEDAGEM, DIA_CHECK_IN, DIA_CHECK_OUT, CPF_CLIENTE, NUMERO_QUARTO) VALUES (12, TO_DATE('01/05/2010','DD/MM/YYYY'), TO_DATE('04/05/2010','DD/MM/YYYY'), '833.412.636-10', '108');

INSERT INTO HOSPEDA (ID_HOSPEDAGEM, DIA_CHECK_IN, DIA_CHECK_OUT, CPF_CLIENTE, NUMERO_QUARTO) VALUES (13, TO_DATE('04/08/2019','DD/MM/YYYY'), TO_DATE('07/08/2019','DD/MM/YYYY'), '162.188.111-39', '288');

INSERT INTO HOSPEDA (ID_HOSPEDAGEM, DIA_CHECK_IN, DIA_CHECK_OUT, CPF_CLIENTE, NUMERO_QUARTO) VALUES (14, TO_DATE('04/09/2017','DD/MM/YYYY'), TO_DATE('05/09/2017','DD/MM/YYYY'), '498.236.926-70', '204');

INSERT INTO HOSPEDA (ID_HOSPEDAGEM, DIA_CHECK_IN, DIA_CHECK_OUT, CPF_CLIENTE, NUMERO_QUARTO) VALUES (15, TO_DATE('05/04/2012','DD/MM/YYYY'), TO_DATE('07/04/2012','DD/MM/YYYY'), '704.514.643-56', '237');

INSERT INTO HOSPEDA (ID_HOSPEDAGEM, DIA_CHECK_IN, DIA_CHECK_OUT, CPF_CLIENTE, NUMERO_QUARTO) VALUES (16, TO_DATE('04/05/2011','DD/MM/YYYY'), TO_DATE('05/05/2011','DD/MM/YYYY'), '678.249.758-36', '174');

INSERT INTO HOSPEDA (ID_HOSPEDAGEM, DIA_CHECK_IN, DIA_CHECK_OUT, CPF_CLIENTE, NUMERO_QUARTO) VALUES (17, TO_DATE('02/06/2013','DD/MM/YYYY'), TO_DATE('05/06/2013','DD/MM/YYYY'), '775.155.422-72', '118');

INSERT INTO HOSPEDA (ID_HOSPEDAGEM, DIA_CHECK_IN, DIA_CHECK_OUT, CPF_CLIENTE, NUMERO_QUARTO) VALUES (18, TO_DATE('02/05/2012','DD/MM/YYYY'), TO_DATE('04/05/2012','DD/MM/YYYY'), '775.155.422-72', '143');

INSERT INTO HOSPEDA (ID_HOSPEDAGEM, DIA_CHECK_IN, DIA_CHECK_OUT, CPF_CLIENTE, NUMERO_QUARTO) VALUES (19, TO_DATE('03/03/2016','DD/MM/YYYY'), TO_DATE('04/03/2016','DD/MM/YYYY'), '517.290.382-33', '289');

INSERT INTO HOSPEDA (ID_HOSPEDAGEM, DIA_CHECK_IN, DIA_CHECK_OUT, CPF_CLIENTE, NUMERO_QUARTO) VALUES (20, TO_DATE('03/05/2012','DD/MM/YYYY'), TO_DATE('04/05/2012','DD/MM/YYYY'), '859.877.736-82', '211');

INSERT INTO HOSPEDA (ID_HOSPEDAGEM, DIA_CHECK_IN, DIA_CHECK_OUT, CPF_CLIENTE, NUMERO_QUARTO) VALUES (21, TO_DATE('04/06/2018','DD/MM/YYYY'), TO_DATE('08/06/2018','DD/MM/YYYY'), '859.877.736-82', '151');

INSERT INTO HOSPEDA (ID_HOSPEDAGEM, DIA_CHECK_IN, DIA_CHECK_OUT, CPF_CLIENTE, NUMERO_QUARTO) VALUES (22, TO_DATE('03/06/2014','DD/MM/YYYY'), TO_DATE('04/06/2014','DD/MM/YYYY'), '381.461.517-93', '112');

INSERT INTO HOSPEDA (ID_HOSPEDAGEM, DIA_CHECK_IN, DIA_CHECK_OUT, CPF_CLIENTE, NUMERO_QUARTO) VALUES (23, TO_DATE('04/09/2018','DD/MM/YYYY'), TO_DATE('07/09/2018','DD/MM/YYYY'), '739.602.471-91', '246');

INSERT INTO HOSPEDA (ID_HOSPEDAGEM, DIA_CHECK_IN, DIA_CHECK_OUT, CPF_CLIENTE, NUMERO_QUARTO) VALUES (24, TO_DATE('01/03/2014','DD/MM/YYYY'), TO_DATE('03/03/2014','DD/MM/YYYY'), '989.194.402-24', '143');

INSERT INTO HOSPEDA (ID_HOSPEDAGEM, DIA_CHECK_IN, DIA_CHECK_OUT, CPF_CLIENTE, NUMERO_QUARTO) VALUES (25, TO_DATE('05/09/2019','DD/MM/YYYY'), TO_DATE('06/09/2019','DD/MM/YYYY'), '989.194.402-24', '125');

-----Reserva------

INSERT INTO RESERVA (ID_RESERVA, CPF_CLIENTE, NUMERO_QUARTO, DIA_CHECK_IN, DIA_CHECK_OUT) VALUES (1, '551.415.868-29', '245', TO_DATE('02/02/2012','DD/MM/YYYY'), TO_DATE('06/02/2012','DD/MM/YYYY'));

INSERT INTO RESERVA (ID_RESERVA, CPF_CLIENTE, NUMERO_QUARTO, DIA_CHECK_IN, DIA_CHECK_OUT) VALUES (2, '551.415.868-29', '297', TO_DATE('02/09/2012','DD/MM/YYYY'), TO_DATE('04/09/2012','DD/MM/YYYY'));

INSERT INTO RESERVA (ID_RESERVA, CPF_CLIENTE, NUMERO_QUARTO, DIA_CHECK_IN, DIA_CHECK_OUT) VALUES (3, '554.558.609-34', '199', TO_DATE('01/01/2017','DD/MM/YYYY'), TO_DATE('05/01/2017','DD/MM/YYYY'));

INSERT INTO RESERVA (ID_RESERVA, CPF_CLIENTE, NUMERO_QUARTO, DIA_CHECK_IN, DIA_CHECK_OUT) VALUES (4, '972.160.430-77', '118', TO_DATE('04/09/2017','DD/MM/YYYY'), TO_DATE('06/09/2017','DD/MM/YYYY'));

INSERT INTO RESERVA (ID_RESERVA, CPF_CLIENTE, NUMERO_QUARTO, DIA_CHECK_IN, DIA_CHECK_OUT) VALUES (5, '972.160.430-77', '254', TO_DATE('01/06/2016','DD/MM/YYYY'), TO_DATE('04/06/2016','DD/MM/YYYY'));

INSERT INTO RESERVA (ID_RESERVA, CPF_CLIENTE, NUMERO_QUARTO, DIA_CHECK_IN, DIA_CHECK_OUT) VALUES (6, '972.160.430-77', '227', TO_DATE('05/05/2015','DD/MM/YYYY'), TO_DATE('09/05/2015','DD/MM/YYYY'));

INSERT INTO RESERVA (ID_RESERVA, CPF_CLIENTE, NUMERO_QUARTO, DIA_CHECK_IN, DIA_CHECK_OUT) VALUES (7, '870.676.435-40', '245', TO_DATE('05/07/2018','DD/MM/YYYY'), TO_DATE('09/07/2018','DD/MM/YYYY'));

INSERT INTO RESERVA (ID_RESERVA, CPF_CLIENTE, NUMERO_QUARTO, DIA_CHECK_IN, DIA_CHECK_OUT) VALUES (8, '870.676.435-40', '300', TO_DATE('05/02/2015','DD/MM/YYYY'), TO_DATE('07/02/2015','DD/MM/YYYY'));

INSERT INTO RESERVA (ID_RESERVA, CPF_CLIENTE, NUMERO_QUARTO, DIA_CHECK_IN, DIA_CHECK_OUT) VALUES (9, '870.676.435-40', '246', TO_DATE('04/07/2012','DD/MM/YYYY'), TO_DATE('08/07/2012','DD/MM/YYYY'));

INSERT INTO RESERVA (ID_RESERVA, CPF_CLIENTE, NUMERO_QUARTO, DIA_CHECK_IN, DIA_CHECK_OUT) VALUES (10, '769.281.696-40', '246', TO_DATE('02/08/2012','DD/MM/YYYY'), TO_DATE('04/08/2012','DD/MM/YYYY'));

INSERT INTO RESERVA (ID_RESERVA, CPF_CLIENTE, NUMERO_QUARTO, DIA_CHECK_IN, DIA_CHECK_OUT) VALUES (11, '940.615.578-50', '143', TO_DATE('03/03/2013','DD/MM/YYYY'), TO_DATE('07/03/2013','DD/MM/YYYY'));

INSERT INTO RESERVA (ID_RESERVA, CPF_CLIENTE, NUMERO_QUARTO, DIA_CHECK_IN, DIA_CHECK_OUT) VALUES (12, '694.910.219-72', '300', TO_DATE('05/06/2013','DD/MM/YYYY'), TO_DATE('06/06/2013','DD/MM/YYYY'));

INSERT INTO RESERVA (ID_RESERVA, CPF_CLIENTE, NUMERO_QUARTO, DIA_CHECK_IN, DIA_CHECK_OUT) VALUES (13, '694.910.219-72', '151', TO_DATE('02/02/2019','DD/MM/YYYY'), TO_DATE('05/02/2019','DD/MM/YYYY'));

INSERT INTO RESERVA (ID_RESERVA, CPF_CLIENTE, NUMERO_QUARTO, DIA_CHECK_IN, DIA_CHECK_OUT) VALUES (14, '694.910.219-72', '174', TO_DATE('03/03/2013','DD/MM/YYYY'), TO_DATE('05/03/2013','DD/MM/YYYY'));

INSERT INTO RESERVA (ID_RESERVA, CPF_CLIENTE, NUMERO_QUARTO, DIA_CHECK_IN, DIA_CHECK_OUT) VALUES (15, '574.108.668-48', '234', TO_DATE('01/04/2013','DD/MM/YYYY'), TO_DATE('04/04/2013','DD/MM/YYYY'));

INSERT INTO RESERVA (ID_RESERVA, CPF_CLIENTE, NUMERO_QUARTO, DIA_CHECK_IN, DIA_CHECK_OUT) VALUES (16, '574.108.668-48', '112', TO_DATE('05/02/2015','DD/MM/YYYY'), TO_DATE('06/02/2015','DD/MM/YYYY'));

INSERT INTO RESERVA (ID_RESERVA, CPF_CLIENTE, NUMERO_QUARTO, DIA_CHECK_IN, DIA_CHECK_OUT) VALUES (17, '574.108.668-48', '201', TO_DATE('03/04/2014','DD/MM/YYYY'), TO_DATE('04/04/2014','DD/MM/YYYY'));

INSERT INTO RESERVA (ID_RESERVA, CPF_CLIENTE, NUMERO_QUARTO, DIA_CHECK_IN, DIA_CHECK_OUT) VALUES (18, '822.129.658-33', '242', TO_DATE('05/05/2018','DD/MM/YYYY'), TO_DATE('06/05/2018','DD/MM/YYYY'));

INSERT INTO RESERVA (ID_RESERVA, CPF_CLIENTE, NUMERO_QUARTO, DIA_CHECK_IN, DIA_CHECK_OUT) VALUES (19, '833.412.636-10', '297', TO_DATE('01/02/2017','DD/MM/YYYY'), TO_DATE('04/02/2017','DD/MM/YYYY'));

INSERT INTO RESERVA (ID_RESERVA, CPF_CLIENTE, NUMERO_QUARTO, DIA_CHECK_IN, DIA_CHECK_OUT) VALUES (20, '833.412.636-10', '201', TO_DATE('01/04/2010','DD/MM/YYYY'), TO_DATE('03/04/2010','DD/MM/YYYY'));

INSERT INTO RESERVA (ID_RESERVA, CPF_CLIENTE, NUMERO_QUARTO, DIA_CHECK_IN, DIA_CHECK_OUT) VALUES (21, '162.188.111-39', '112', TO_DATE('01/02/2016','DD/MM/YYYY'), TO_DATE('05/02/2016','DD/MM/YYYY'));

INSERT INTO RESERVA (ID_RESERVA, CPF_CLIENTE, NUMERO_QUARTO, DIA_CHECK_IN, DIA_CHECK_OUT) VALUES (22, '162.188.111-39', '288', TO_DATE('02/06/2012','DD/MM/YYYY'), TO_DATE('03/06/2012','DD/MM/YYYY'));

INSERT INTO RESERVA (ID_RESERVA, CPF_CLIENTE, NUMERO_QUARTO, DIA_CHECK_IN, DIA_CHECK_OUT) VALUES (23, '498.236.926-70', '118', TO_DATE('04/04/2013','DD/MM/YYYY'), TO_DATE('05/04/2013','DD/MM/YYYY'));

INSERT INTO RESERVA (ID_RESERVA, CPF_CLIENTE, NUMERO_QUARTO, DIA_CHECK_IN, DIA_CHECK_OUT) VALUES (24, '498.236.926-70', '204', TO_DATE('04/08/2010','DD/MM/YYYY'), TO_DATE('07/08/2010','DD/MM/YYYY'));

INSERT INTO RESERVA (ID_RESERVA, CPF_CLIENTE, NUMERO_QUARTO, DIA_CHECK_IN, DIA_CHECK_OUT) VALUES (25, '704.514.643-56', '234', TO_DATE('04/09/2019','DD/MM/YYYY'), TO_DATE('07/09/2019','DD/MM/YYYY'));

INSERT INTO RESERVA (ID_RESERVA, CPF_CLIENTE, NUMERO_QUARTO, DIA_CHECK_IN, DIA_CHECK_OUT) VALUES (26, '678.249.758-36', '150', TO_DATE('02/03/2012','DD/MM/YYYY'), TO_DATE('04/03/2012','DD/MM/YYYY'));

INSERT INTO RESERVA (ID_RESERVA, CPF_CLIENTE, NUMERO_QUARTO, DIA_CHECK_IN, DIA_CHECK_OUT) VALUES (27, '678.249.758-36', '242', TO_DATE('05/09/2017','DD/MM/YYYY'), TO_DATE('09/09/2017','DD/MM/YYYY'));

INSERT INTO RESERVA (ID_RESERVA, CPF_CLIENTE, NUMERO_QUARTO, DIA_CHECK_IN, DIA_CHECK_OUT) VALUES (28, '678.249.758-36', '199', TO_DATE('01/09/2014','DD/MM/YYYY'), TO_DATE('03/09/2014','DD/MM/YYYY'));

INSERT INTO RESERVA (ID_RESERVA, CPF_CLIENTE, NUMERO_QUARTO, DIA_CHECK_IN, DIA_CHECK_OUT) VALUES (29, '775.155.422-72', '234', TO_DATE('01/01/2010','DD/MM/YYYY'), TO_DATE('03/01/2010','DD/MM/YYYY'));

INSERT INTO RESERVA (ID_RESERVA, CPF_CLIENTE, NUMERO_QUARTO, DIA_CHECK_IN, DIA_CHECK_OUT) VALUES (30, '775.155.422-72', '246', TO_DATE('05/06/2011','DD/MM/YYYY'), TO_DATE('06/06/2011','DD/MM/YYYY'));

INSERT INTO RESERVA (ID_RESERVA, CPF_CLIENTE, NUMERO_QUARTO, DIA_CHECK_IN, DIA_CHECK_OUT) VALUES (31, '775.155.422-72', '245', TO_DATE('03/07/2018','DD/MM/YYYY'), TO_DATE('05/07/2018','DD/MM/YYYY'));

INSERT INTO RESERVA (ID_RESERVA, CPF_CLIENTE, NUMERO_QUARTO, DIA_CHECK_IN, DIA_CHECK_OUT) VALUES (32, '517.290.382-33', '234', TO_DATE('02/02/2014','DD/MM/YYYY'), TO_DATE('04/02/2014','DD/MM/YYYY'));

INSERT INTO RESERVA (ID_RESERVA, CPF_CLIENTE, NUMERO_QUARTO, DIA_CHECK_IN, DIA_CHECK_OUT) VALUES (33, '517.290.382-33', '289', TO_DATE('03/05/2018','DD/MM/YYYY'), TO_DATE('06/05/2018','DD/MM/YYYY'));

INSERT INTO RESERVA (ID_RESERVA, CPF_CLIENTE, NUMERO_QUARTO, DIA_CHECK_IN, DIA_CHECK_OUT) VALUES (34, '859.877.736-82', '136', TO_DATE('04/09/2013','DD/MM/YYYY'), TO_DATE('07/09/2013','DD/MM/YYYY'));

INSERT INTO RESERVA (ID_RESERVA, CPF_CLIENTE, NUMERO_QUARTO, DIA_CHECK_IN, DIA_CHECK_OUT) VALUES (35, '859.877.736-82', '300', TO_DATE('03/05/2012','DD/MM/YYYY'), TO_DATE('06/05/2012','DD/MM/YYYY'));

INSERT INTO RESERVA (ID_RESERVA, CPF_CLIENTE, NUMERO_QUARTO, DIA_CHECK_IN, DIA_CHECK_OUT) VALUES (36, '859.877.736-82', '204', TO_DATE('04/09/2015','DD/MM/YYYY'), TO_DATE('06/09/2015','DD/MM/YYYY'));

INSERT INTO RESERVA (ID_RESERVA, CPF_CLIENTE, NUMERO_QUARTO, DIA_CHECK_IN, DIA_CHECK_OUT) VALUES (37, '381.461.517-93', '289', TO_DATE('02/09/2014','DD/MM/YYYY'), TO_DATE('05/09/2014','DD/MM/YYYY'));

INSERT INTO RESERVA (ID_RESERVA, CPF_CLIENTE, NUMERO_QUARTO, DIA_CHECK_IN, DIA_CHECK_OUT) VALUES (38, '381.461.517-93', '245', TO_DATE('04/03/2019','DD/MM/YYYY'), TO_DATE('08/03/2019','DD/MM/YYYY'));

INSERT INTO RESERVA (ID_RESERVA, CPF_CLIENTE, NUMERO_QUARTO, DIA_CHECK_IN, DIA_CHECK_OUT) VALUES (39, '381.461.517-93', '297', TO_DATE('02/07/2018','DD/MM/YYYY'), TO_DATE('03/07/2018','DD/MM/YYYY'));

INSERT INTO RESERVA (ID_RESERVA, CPF_CLIENTE, NUMERO_QUARTO, DIA_CHECK_IN, DIA_CHECK_OUT) VALUES (40, '739.602.471-91', '211', TO_DATE('05/05/2013','DD/MM/YYYY'), TO_DATE('06/05/2013','DD/MM/YYYY'));

INSERT INTO RESERVA (ID_RESERVA, CPF_CLIENTE, NUMERO_QUARTO, DIA_CHECK_IN, DIA_CHECK_OUT) VALUES (41, '739.602.471-91', '174', TO_DATE('01/06/2019','DD/MM/YYYY'), TO_DATE('02/06/2019','DD/MM/YYYY'));

INSERT INTO RESERVA (ID_RESERVA, CPF_CLIENTE, NUMERO_QUARTO, DIA_CHECK_IN, DIA_CHECK_OUT) VALUES (42, '739.602.471-91', '211', TO_DATE('05/09/2014','DD/MM/YYYY'), TO_DATE('09/09/2014','DD/MM/YYYY'));

INSERT INTO RESERVA (ID_RESERVA, CPF_CLIENTE, NUMERO_QUARTO, DIA_CHECK_IN, DIA_CHECK_OUT) VALUES (43, '989.194.402-24', '227', TO_DATE('02/06/2010','DD/MM/YYYY'), TO_DATE('06/06/2010','DD/MM/YYYY'));

INSERT INTO RESERVA (ID_RESERVA, CPF_CLIENTE, NUMERO_QUARTO, DIA_CHECK_IN, DIA_CHECK_OUT) VALUES (44, '989.194.402-24', '125', TO_DATE('02/07/2019','DD/MM/YYYY'), TO_DATE('03/07/2019','DD/MM/YYYY'));

INSERT INTO RESERVA (ID_RESERVA, CPF_CLIENTE, NUMERO_QUARTO, DIA_CHECK_IN, DIA_CHECK_OUT) VALUES (45, '989.194.402-24', '118', TO_DATE('05/06/2018','DD/MM/YYYY'), TO_DATE('08/06/2018','DD/MM/YYYY'));

-----Venda------

INSERT INTO VENDA (ID_VENDA, ID_PRODUTO, NUMERO_QUARTO, DATA, QUANTIDADE) VALUES (1, 98, '199', TO_DATE('08/09/2018','DD/MM/YYYY'), 5);

INSERT INTO VENDA (ID_VENDA, ID_PRODUTO, NUMERO_QUARTO, DATA, QUANTIDADE) VALUES (2, 16, '245', TO_DATE('05/01/2018','DD/MM/YYYY'), 1);

INSERT INTO VENDA (ID_VENDA, ID_PRODUTO, NUMERO_QUARTO, DATA, QUANTIDADE) VALUES (3, 52, '199', TO_DATE('04/07/2015','DD/MM/YYYY'), 2);

INSERT INTO VENDA (ID_VENDA, ID_PRODUTO, NUMERO_QUARTO, DATA, QUANTIDADE) VALUES (4, 54, '150', TO_DATE('03/04/2017','DD/MM/YYYY'), 5);

INSERT INTO VENDA (ID_VENDA, ID_PRODUTO, NUMERO_QUARTO, DATA, QUANTIDADE) VALUES (5, 45, '156', TO_DATE('08/06/2018','DD/MM/YYYY'), 3);

INSERT INTO VENDA (ID_VENDA, ID_PRODUTO, NUMERO_QUARTO, DATA, QUANTIDADE) VALUES (6, 25, '201', TO_DATE('03/01/2018','DD/MM/YYYY'), 5);

INSERT INTO VENDA (ID_VENDA, ID_PRODUTO, NUMERO_QUARTO, DATA, QUANTIDADE) VALUES (7, 85, '300', TO_DATE('06/07/2019','DD/MM/YYYY'), 4);

INSERT INTO VENDA (ID_VENDA, ID_PRODUTO, NUMERO_QUARTO, DATA, QUANTIDADE) VALUES (8, 71, '125', TO_DATE('07/09/2019','DD/MM/YYYY'), 4);

INSERT INTO VENDA (ID_VENDA, ID_PRODUTO, NUMERO_QUARTO, DATA, QUANTIDADE) VALUES (9, 75, '108', TO_DATE('02/05/2015','DD/MM/YYYY'), 4);

INSERT INTO VENDA (ID_VENDA, ID_PRODUTO, NUMERO_QUARTO, DATA, QUANTIDADE) VALUES (10, 86, '237', TO_DATE('05/01/2018','DD/MM/YYYY'), 5);

INSERT INTO VENDA (ID_VENDA, ID_PRODUTO, NUMERO_QUARTO, DATA, QUANTIDADE) VALUES (11, 88, '201', TO_DATE('08/01/2019','DD/MM/YYYY'), 3);

INSERT INTO VENDA (ID_VENDA, ID_PRODUTO, NUMERO_QUARTO, DATA, QUANTIDADE) VALUES (12, 39, '297', TO_DATE('06/06/2015','DD/MM/YYYY'), 2);

INSERT INTO VENDA (ID_VENDA, ID_PRODUTO, NUMERO_QUARTO, DATA, QUANTIDADE) VALUES (13, 36, '118', TO_DATE('02/09/2019','DD/MM/YYYY'), 3);

INSERT INTO VENDA (ID_VENDA, ID_PRODUTO, NUMERO_QUARTO, DATA, QUANTIDADE) VALUES (14, 70, '136', TO_DATE('09/02/2015','DD/MM/YYYY'), 4);

INSERT INTO VENDA (ID_VENDA, ID_PRODUTO, NUMERO_QUARTO, DATA, QUANTIDADE) VALUES (15, 72, '237', TO_DATE('09/05/2016','DD/MM/YYYY'), 1);

INSERT INTO VENDA (ID_VENDA, ID_PRODUTO, NUMERO_QUARTO, DATA, QUANTIDADE) VALUES (16, 67, '174', TO_DATE('03/08/2018','DD/MM/YYYY'), 5);

INSERT INTO VENDA (ID_VENDA, ID_PRODUTO, NUMERO_QUARTO, DATA, QUANTIDADE) VALUES (17, 80, '300', TO_DATE('01/02/2016','DD/MM/YYYY'), 2);

INSERT INTO VENDA (ID_VENDA, ID_PRODUTO, NUMERO_QUARTO, DATA, QUANTIDADE) VALUES (18, 13, '143', TO_DATE('01/08/2018','DD/MM/YYYY'), 2);

INSERT INTO VENDA (ID_VENDA, ID_PRODUTO, NUMERO_QUARTO, DATA, QUANTIDADE) VALUES (19, 3, '112', TO_DATE('03/07/2017','DD/MM/YYYY'), 1);

INSERT INTO VENDA (ID_VENDA, ID_PRODUTO, NUMERO_QUARTO, DATA, QUANTIDADE) VALUES (20, 21, '201', TO_DATE('03/01/2019','DD/MM/YYYY'), 5);

INSERT INTO VENDA (ID_VENDA, ID_PRODUTO, NUMERO_QUARTO, DATA, QUANTIDADE) VALUES (21, 73, '202', TO_DATE('09/07/2016','DD/MM/YYYY'), 1);

INSERT INTO VENDA (ID_VENDA, ID_PRODUTO, NUMERO_QUARTO, DATA, QUANTIDADE) VALUES (22, 100, '288', TO_DATE('07/08/2016','DD/MM/YYYY'), 5);

INSERT INTO VENDA (ID_VENDA, ID_PRODUTO, NUMERO_QUARTO, DATA, QUANTIDADE) VALUES (23, 2, '150', TO_DATE('03/09/2019','DD/MM/YYYY'), 4);

INSERT INTO VENDA (ID_VENDA, ID_PRODUTO, NUMERO_QUARTO, DATA, QUANTIDADE) VALUES (24, 86, '245', TO_DATE('01/09/2017','DD/MM/YYYY'), 5);

INSERT INTO VENDA (ID_VENDA, ID_PRODUTO, NUMERO_QUARTO, DATA, QUANTIDADE) VALUES (25, 28, '202', TO_DATE('02/06/2018','DD/MM/YYYY'), 2);

INSERT INTO VENDA (ID_VENDA, ID_PRODUTO, NUMERO_QUARTO, DATA, QUANTIDADE) VALUES (26, 25, '112', TO_DATE('06/06/2018','DD/MM/YYYY'), 5);

INSERT INTO VENDA (ID_VENDA, ID_PRODUTO, NUMERO_QUARTO, DATA, QUANTIDADE) VALUES (27, 99, '245', TO_DATE('07/08/2017','DD/MM/YYYY'), 1);

INSERT INTO VENDA (ID_VENDA, ID_PRODUTO, NUMERO_QUARTO, DATA, QUANTIDADE) VALUES (28, 49, '143', TO_DATE('06/08/2015','DD/MM/YYYY'), 5);

INSERT INTO VENDA (ID_VENDA, ID_PRODUTO, NUMERO_QUARTO, DATA, QUANTIDADE) VALUES (29, 94, '254', TO_DATE('09/01/2019','DD/MM/YYYY'), 5);

INSERT INTO VENDA (ID_VENDA, ID_PRODUTO, NUMERO_QUARTO, DATA, QUANTIDADE) VALUES (30, 15, '254', TO_DATE('08/08/2019','DD/MM/YYYY'), 1);

INSERT INTO VENDA (ID_VENDA, ID_PRODUTO, NUMERO_QUARTO, DATA, QUANTIDADE) VALUES (31, 33, '300', TO_DATE('01/06/2019','DD/MM/YYYY'), 5);

INSERT INTO VENDA (ID_VENDA, ID_PRODUTO, NUMERO_QUARTO, DATA, QUANTIDADE) VALUES (32, 23, '204', TO_DATE('09/03/2016','DD/MM/YYYY'), 4);

INSERT INTO VENDA (ID_VENDA, ID_PRODUTO, NUMERO_QUARTO, DATA, QUANTIDADE) VALUES (33, 71, '125', TO_DATE('01/07/2015','DD/MM/YYYY'), 2);

INSERT INTO VENDA (ID_VENDA, ID_PRODUTO, NUMERO_QUARTO, DATA, QUANTIDADE) VALUES (34, 86, '227', TO_DATE('06/02/2015','DD/MM/YYYY'), 3);

INSERT INTO VENDA (ID_VENDA, ID_PRODUTO, NUMERO_QUARTO, DATA, QUANTIDADE) VALUES (35, 45, '245', TO_DATE('04/03/2018','DD/MM/YYYY'), 1);

INSERT INTO VENDA (ID_VENDA, ID_PRODUTO, NUMERO_QUARTO, DATA, QUANTIDADE) VALUES (36, 92, '288', TO_DATE('03/05/2017','DD/MM/YYYY'), 4);

INSERT INTO VENDA (ID_VENDA, ID_PRODUTO, NUMERO_QUARTO, DATA, QUANTIDADE) VALUES (37, 70, '118', TO_DATE('04/05/2015','DD/MM/YYYY'), 5);

INSERT INTO VENDA (ID_VENDA, ID_PRODUTO, NUMERO_QUARTO, DATA, QUANTIDADE) VALUES (38, 87, '300', TO_DATE('06/04/2018','DD/MM/YYYY'), 4);

INSERT INTO VENDA (ID_VENDA, ID_PRODUTO, NUMERO_QUARTO, DATA, QUANTIDADE) VALUES (39, 20, '204', TO_DATE('08/05/2015','DD/MM/YYYY'), 1);

INSERT INTO VENDA (ID_VENDA, ID_PRODUTO, NUMERO_QUARTO, DATA, QUANTIDADE) VALUES (40, 72, '125', TO_DATE('07/05/2018','DD/MM/YYYY'), 1);

INSERT INTO VENDA (ID_VENDA, ID_PRODUTO, NUMERO_QUARTO, DATA, QUANTIDADE) VALUES (41, 41, '112', TO_DATE('02/04/2017','DD/MM/YYYY'), 5);

INSERT INTO VENDA (ID_VENDA, ID_PRODUTO, NUMERO_QUARTO, DATA, QUANTIDADE) VALUES (42, 38, '289', TO_DATE('08/03/2017','DD/MM/YYYY'), 2);

INSERT INTO VENDA (ID_VENDA, ID_PRODUTO, NUMERO_QUARTO, DATA, QUANTIDADE) VALUES (43, 37, '143', TO_DATE('01/02/2018','DD/MM/YYYY'), 1);

INSERT INTO VENDA (ID_VENDA, ID_PRODUTO, NUMERO_QUARTO, DATA, QUANTIDADE) VALUES (44, 59, '288', TO_DATE('07/08/2015','DD/MM/YYYY'), 5);

INSERT INTO VENDA (ID_VENDA, ID_PRODUTO, NUMERO_QUARTO, DATA, QUANTIDADE) VALUES (45, 60, '300', TO_DATE('04/03/2019','DD/MM/YYYY'), 4);

INSERT INTO VENDA (ID_VENDA, ID_PRODUTO, NUMERO_QUARTO, DATA, QUANTIDADE) VALUES (46, 5, '151', TO_DATE('07/03/2018','DD/MM/YYYY'), 5);

INSERT INTO VENDA (ID_VENDA, ID_PRODUTO, NUMERO_QUARTO, DATA, QUANTIDADE) VALUES (47, 21, '289', TO_DATE('09/08/2015','DD/MM/YYYY'), 5);

INSERT INTO VENDA (ID_VENDA, ID_PRODUTO, NUMERO_QUARTO, DATA, QUANTIDADE) VALUES (48, 22, '151', TO_DATE('03/05/2017','DD/MM/YYYY'), 4);

INSERT INTO VENDA (ID_VENDA, ID_PRODUTO, NUMERO_QUARTO, DATA, QUANTIDADE) VALUES (49, 86, '289', TO_DATE('04/02/2017','DD/MM/YYYY'), 1);

INSERT INTO VENDA (ID_VENDA, ID_PRODUTO, NUMERO_QUARTO, DATA, QUANTIDADE) VALUES (50, 34, '174', TO_DATE('02/01/2017','DD/MM/YYYY'), 5);

INSERT INTO VENDA (ID_VENDA, ID_PRODUTO, NUMERO_QUARTO, DATA, QUANTIDADE) VALUES (51, 100, '199', TO_DATE('03/07/2019','DD/MM/YYYY'), 4);

INSERT INTO VENDA (ID_VENDA, ID_PRODUTO, NUMERO_QUARTO, DATA, QUANTIDADE) VALUES (52, 37, '143', TO_DATE('04/08/2016','DD/MM/YYYY'), 3);

INSERT INTO VENDA (ID_VENDA, ID_PRODUTO, NUMERO_QUARTO, DATA, QUANTIDADE) VALUES (53, 28, '297', TO_DATE('06/05/2017','DD/MM/YYYY'), 3);

INSERT INTO VENDA (ID_VENDA, ID_PRODUTO, NUMERO_QUARTO, DATA, QUANTIDADE) VALUES (54, 39, '151', TO_DATE('09/09/2017','DD/MM/YYYY'), 1);

INSERT INTO VENDA (ID_VENDA, ID_PRODUTO, NUMERO_QUARTO, DATA, QUANTIDADE) VALUES (55, 7, '112', TO_DATE('06/04/2017','DD/MM/YYYY'), 4);

INSERT INTO VENDA (ID_VENDA, ID_PRODUTO, NUMERO_QUARTO, DATA, QUANTIDADE) VALUES (56, 12, '211', TO_DATE('09/04/2019','DD/MM/YYYY'), 5);

INSERT INTO VENDA (ID_VENDA, ID_PRODUTO, NUMERO_QUARTO, DATA, QUANTIDADE) VALUES (57, 90, '204', TO_DATE('09/04/2016','DD/MM/YYYY'), 3);

INSERT INTO VENDA (ID_VENDA, ID_PRODUTO, NUMERO_QUARTO, DATA, QUANTIDADE) VALUES (58, 78, '227', TO_DATE('07/02/2018','DD/MM/YYYY'), 4);

INSERT INTO VENDA (ID_VENDA, ID_PRODUTO, NUMERO_QUARTO, DATA, QUANTIDADE) VALUES (59, 71, '254', TO_DATE('06/07/2019','DD/MM/YYYY'), 3);

INSERT INTO VENDA (ID_VENDA, ID_PRODUTO, NUMERO_QUARTO, DATA, QUANTIDADE) VALUES (60, 63, '246', TO_DATE('09/08/2019','DD/MM/YYYY'), 2);

INSERT INTO VENDA (ID_VENDA, ID_PRODUTO, NUMERO_QUARTO, DATA, QUANTIDADE) VALUES (61, 93, '237', TO_DATE('08/04/2019','DD/MM/YYYY'), 1);

INSERT INTO VENDA (ID_VENDA, ID_PRODUTO, NUMERO_QUARTO, DATA, QUANTIDADE) VALUES (62, 46, '288', TO_DATE('04/02/2015','DD/MM/YYYY'), 4);

INSERT INTO VENDA (ID_VENDA, ID_PRODUTO, NUMERO_QUARTO, DATA, QUANTIDADE) VALUES (63, 96, '245', TO_DATE('09/02/2016','DD/MM/YYYY'), 2);

INSERT INTO VENDA (ID_VENDA, ID_PRODUTO, NUMERO_QUARTO, DATA, QUANTIDADE) VALUES (64, 71, '108', TO_DATE('04/04/2016','DD/MM/YYYY'), 1);

INSERT INTO VENDA (ID_VENDA, ID_PRODUTO, NUMERO_QUARTO, DATA, QUANTIDADE) VALUES (65, 93, '242', TO_DATE('04/05/2018','DD/MM/YYYY'), 1);

INSERT INTO VENDA (ID_VENDA, ID_PRODUTO, NUMERO_QUARTO, DATA, QUANTIDADE) VALUES (66, 76, '112', TO_DATE('01/06/2015','DD/MM/YYYY'), 3);

INSERT INTO VENDA (ID_VENDA, ID_PRODUTO, NUMERO_QUARTO, DATA, QUANTIDADE) VALUES (67, 72, '136', TO_DATE('01/03/2015','DD/MM/YYYY'), 1);

INSERT INTO VENDA (ID_VENDA, ID_PRODUTO, NUMERO_QUARTO, DATA, QUANTIDADE) VALUES (68, 3, '242', TO_DATE('08/06/2017','DD/MM/YYYY'), 1);

INSERT INTO VENDA (ID_VENDA, ID_PRODUTO, NUMERO_QUARTO, DATA, QUANTIDADE) VALUES (69, 75, '136', TO_DATE('08/04/2015','DD/MM/YYYY'), 2);

INSERT INTO VENDA (ID_VENDA, ID_PRODUTO, NUMERO_QUARTO, DATA, QUANTIDADE) VALUES (70, 5, '245', TO_DATE('05/06/2017','DD/MM/YYYY'), 3);

INSERT INTO VENDA (ID_VENDA, ID_PRODUTO, NUMERO_QUARTO, DATA, QUANTIDADE) VALUES (71, 30, '300', TO_DATE('08/06/2019','DD/MM/YYYY'), 1);

INSERT INTO VENDA (ID_VENDA, ID_PRODUTO, NUMERO_QUARTO, DATA, QUANTIDADE) VALUES (72, 13, '204', TO_DATE('09/06/2019','DD/MM/YYYY'), 1);

INSERT INTO VENDA (ID_VENDA, ID_PRODUTO, NUMERO_QUARTO, DATA, QUANTIDADE) VALUES (73, 41, '289', TO_DATE('02/01/2016','DD/MM/YYYY'), 1);

INSERT INTO VENDA (ID_VENDA, ID_PRODUTO, NUMERO_QUARTO, DATA, QUANTIDADE) VALUES (74, 26, '118', TO_DATE('05/05/2017','DD/MM/YYYY'), 2);

INSERT INTO VENDA (ID_VENDA, ID_PRODUTO, NUMERO_QUARTO, DATA, QUANTIDADE) VALUES (75, 38, '118', TO_DATE('06/05/2016','DD/MM/YYYY'), 3);

INSERT INTO VENDA (ID_VENDA, ID_PRODUTO, NUMERO_QUARTO, DATA, QUANTIDADE) VALUES (76, 73, '118', TO_DATE('01/09/2016','DD/MM/YYYY'), 4);

INSERT INTO VENDA (ID_VENDA, ID_PRODUTO, NUMERO_QUARTO, DATA, QUANTIDADE) VALUES (77, 17, '136', TO_DATE('04/09/2016','DD/MM/YYYY'), 3);

INSERT INTO VENDA (ID_VENDA, ID_PRODUTO, NUMERO_QUARTO, DATA, QUANTIDADE) VALUES (78, 93, '204', TO_DATE('06/03/2017','DD/MM/YYYY'), 3);

INSERT INTO VENDA (ID_VENDA, ID_PRODUTO, NUMERO_QUARTO, DATA, QUANTIDADE) VALUES (79, 57, '300', TO_DATE('02/08/2016','DD/MM/YYYY'), 2);

INSERT INTO VENDA (ID_VENDA, ID_PRODUTO, NUMERO_QUARTO, DATA, QUANTIDADE) VALUES (80, 98, '246', TO_DATE('04/06/2018','DD/MM/YYYY'), 2);

INSERT INTO VENDA (ID_VENDA, ID_PRODUTO, NUMERO_QUARTO, DATA, QUANTIDADE) VALUES (81, 55, '219', TO_DATE('09/07/2016','DD/MM/YYYY'), 1);

INSERT INTO VENDA (ID_VENDA, ID_PRODUTO, NUMERO_QUARTO, DATA, QUANTIDADE) VALUES (82, 76, '246', TO_DATE('05/05/2018','DD/MM/YYYY'), 3);

INSERT INTO VENDA (ID_VENDA, ID_PRODUTO, NUMERO_QUARTO, DATA, QUANTIDADE) VALUES (83, 39, '151', TO_DATE('03/05/2015','DD/MM/YYYY'), 4);

INSERT INTO VENDA (ID_VENDA, ID_PRODUTO, NUMERO_QUARTO, DATA, QUANTIDADE) VALUES (84, 63, '234', TO_DATE('09/04/2015','DD/MM/YYYY'), 3);

INSERT INTO VENDA (ID_VENDA, ID_PRODUTO, NUMERO_QUARTO, DATA, QUANTIDADE) VALUES (85, 55, '246', TO_DATE('03/03/2018','DD/MM/YYYY'), 1);

INSERT INTO VENDA (ID_VENDA, ID_PRODUTO, NUMERO_QUARTO, DATA, QUANTIDADE) VALUES (86, 29, '297', TO_DATE('09/06/2017','DD/MM/YYYY'), 3);

INSERT INTO VENDA (ID_VENDA, ID_PRODUTO, NUMERO_QUARTO, DATA, QUANTIDADE) VALUES (87, 36, '246', TO_DATE('03/03/2017','DD/MM/YYYY'), 4);

INSERT INTO VENDA (ID_VENDA, ID_PRODUTO, NUMERO_QUARTO, DATA, QUANTIDADE) VALUES (88, 67, '174', TO_DATE('01/01/2019','DD/MM/YYYY'), 1);

INSERT INTO VENDA (ID_VENDA, ID_PRODUTO, NUMERO_QUARTO, DATA, QUANTIDADE) VALUES (89, 9, '245', TO_DATE('09/07/2016','DD/MM/YYYY'), 2);

INSERT INTO VENDA (ID_VENDA, ID_PRODUTO, NUMERO_QUARTO, DATA, QUANTIDADE) VALUES (90, 33, '297', TO_DATE('09/03/2015','DD/MM/YYYY'), 4);

INSERT INTO VENDA (ID_VENDA, ID_PRODUTO, NUMERO_QUARTO, DATA, QUANTIDADE) VALUES (91, 5, '300', TO_DATE('06/05/2016','DD/MM/YYYY'), 3);

INSERT INTO VENDA (ID_VENDA, ID_PRODUTO, NUMERO_QUARTO, DATA, QUANTIDADE) VALUES (92, 78, '211', TO_DATE('08/07/2016','DD/MM/YYYY'), 5);

INSERT INTO VENDA (ID_VENDA, ID_PRODUTO, NUMERO_QUARTO, DATA, QUANTIDADE) VALUES (93, 71, '204', TO_DATE('08/09/2019','DD/MM/YYYY'), 5);

INSERT INTO VENDA (ID_VENDA, ID_PRODUTO, NUMERO_QUARTO, DATA, QUANTIDADE) VALUES (94, 45, '300', TO_DATE('07/06/2017','DD/MM/YYYY'), 4);

INSERT INTO VENDA (ID_VENDA, ID_PRODUTO, NUMERO_QUARTO, DATA, QUANTIDADE) VALUES (95, 84, '289', TO_DATE('04/07/2017','DD/MM/YYYY'), 1);

INSERT INTO VENDA (ID_VENDA, ID_PRODUTO, NUMERO_QUARTO, DATA, QUANTIDADE) VALUES (96, 60, '289', TO_DATE('01/02/2019','DD/MM/YYYY'), 4);

INSERT INTO VENDA (ID_VENDA, ID_PRODUTO, NUMERO_QUARTO, DATA, QUANTIDADE) VALUES (97, 21, '199', TO_DATE('05/03/2016','DD/MM/YYYY'), 1);

INSERT INTO VENDA (ID_VENDA, ID_PRODUTO, NUMERO_QUARTO, DATA, QUANTIDADE) VALUES (98, 27, '288', TO_DATE('08/07/2017','DD/MM/YYYY'), 2);

INSERT INTO VENDA (ID_VENDA, ID_PRODUTO, NUMERO_QUARTO, DATA, QUANTIDADE) VALUES (99, 6, '300', TO_DATE('08/04/2019','DD/MM/YYYY'), 3);

INSERT INTO VENDA (ID_VENDA, ID_PRODUTO, NUMERO_QUARTO, DATA, QUANTIDADE) VALUES (100, 20, '136', TO_DATE('01/07/2016','DD/MM/YYYY'), 2);

INSERT INTO VENDA (ID_VENDA, ID_PRODUTO, NUMERO_QUARTO, DATA, QUANTIDADE) VALUES (101, 91, '199', TO_DATE('02/04/2015','DD/MM/YYYY'), 2);

INSERT INTO VENDA (ID_VENDA, ID_PRODUTO, NUMERO_QUARTO, DATA, QUANTIDADE) VALUES (102, 78, '174', TO_DATE('01/06/2017','DD/MM/YYYY'), 1);

INSERT INTO VENDA (ID_VENDA, ID_PRODUTO, NUMERO_QUARTO, DATA, QUANTIDADE) VALUES (103, 78, '156', TO_DATE('07/09/2016','DD/MM/YYYY'), 1);

INSERT INTO VENDA (ID_VENDA, ID_PRODUTO, NUMERO_QUARTO, DATA, QUANTIDADE) VALUES (104, 10, '108', TO_DATE('03/05/2018','DD/MM/YYYY'), 1);

INSERT INTO VENDA (ID_VENDA, ID_PRODUTO, NUMERO_QUARTO, DATA, QUANTIDADE) VALUES (105, 14, '245', TO_DATE('09/01/2019','DD/MM/YYYY'), 1);

INSERT INTO VENDA (ID_VENDA, ID_PRODUTO, NUMERO_QUARTO, DATA, QUANTIDADE) VALUES (106, 90, '204', TO_DATE('03/08/2016','DD/MM/YYYY'), 5);

INSERT INTO VENDA (ID_VENDA, ID_PRODUTO, NUMERO_QUARTO, DATA, QUANTIDADE) VALUES (107, 44, '254', TO_DATE('08/01/2019','DD/MM/YYYY'), 3);

INSERT INTO VENDA (ID_VENDA, ID_PRODUTO, NUMERO_QUARTO, DATA, QUANTIDADE) VALUES (108, 30, '245', TO_DATE('07/03/2019','DD/MM/YYYY'), 1);

INSERT INTO VENDA (ID_VENDA, ID_PRODUTO, NUMERO_QUARTO, DATA, QUANTIDADE) VALUES (109, 49, '211', TO_DATE('04/04/2019','DD/MM/YYYY'), 5);

INSERT INTO VENDA (ID_VENDA, ID_PRODUTO, NUMERO_QUARTO, DATA, QUANTIDADE) VALUES (110, 96, '234', TO_DATE('03/07/2016','DD/MM/YYYY'), 1);

INSERT INTO VENDA (ID_VENDA, ID_PRODUTO, NUMERO_QUARTO, DATA, QUANTIDADE) VALUES (111, 68, '300', TO_DATE('02/07/2016','DD/MM/YYYY'), 2);

INSERT INTO VENDA (ID_VENDA, ID_PRODUTO, NUMERO_QUARTO, DATA, QUANTIDADE) VALUES (112, 77, '151', TO_DATE('02/06/2018','DD/MM/YYYY'), 3);

INSERT INTO VENDA (ID_VENDA, ID_PRODUTO, NUMERO_QUARTO, DATA, QUANTIDADE) VALUES (113, 46, '288', TO_DATE('02/01/2016','DD/MM/YYYY'), 3);

INSERT INTO VENDA (ID_VENDA, ID_PRODUTO, NUMERO_QUARTO, DATA, QUANTIDADE) VALUES (114, 56, '125', TO_DATE('07/09/2016','DD/MM/YYYY'), 3);

INSERT INTO VENDA (ID_VENDA, ID_PRODUTO, NUMERO_QUARTO, DATA, QUANTIDADE) VALUES (115, 96, '245', TO_DATE('09/03/2015','DD/MM/YYYY'), 1);

INSERT INTO VENDA (ID_VENDA, ID_PRODUTO, NUMERO_QUARTO, DATA, QUANTIDADE) VALUES (116, 6, '219', TO_DATE('05/08/2016','DD/MM/YYYY'), 1);

INSERT INTO VENDA (ID_VENDA, ID_PRODUTO, NUMERO_QUARTO, DATA, QUANTIDADE) VALUES (117, 52, '201', TO_DATE('08/04/2019','DD/MM/YYYY'), 5);

INSERT INTO VENDA (ID_VENDA, ID_PRODUTO, NUMERO_QUARTO, DATA, QUANTIDADE) VALUES (118, 61, '156', TO_DATE('06/07/2015','DD/MM/YYYY'), 5);

INSERT INTO VENDA (ID_VENDA, ID_PRODUTO, NUMERO_QUARTO, DATA, QUANTIDADE) VALUES (119, 65, '204', TO_DATE('08/01/2019','DD/MM/YYYY'), 3);

INSERT INTO VENDA (ID_VENDA, ID_PRODUTO, NUMERO_QUARTO, DATA, QUANTIDADE) VALUES (120, 14, '289', TO_DATE('08/03/2019','DD/MM/YYYY'), 1);

INSERT INTO VENDA (ID_VENDA, ID_PRODUTO, NUMERO_QUARTO, DATA, QUANTIDADE) VALUES (121, 35, '174', TO_DATE('09/08/2018','DD/MM/YYYY'), 3);

INSERT INTO VENDA (ID_VENDA, ID_PRODUTO, NUMERO_QUARTO, DATA, QUANTIDADE) VALUES (122, 27, '204', TO_DATE('05/05/2015','DD/MM/YYYY'), 5);

INSERT INTO VENDA (ID_VENDA, ID_PRODUTO, NUMERO_QUARTO, DATA, QUANTIDADE) VALUES (123, 33, '150', TO_DATE('03/02/2017','DD/MM/YYYY'), 1);

INSERT INTO VENDA (ID_VENDA, ID_PRODUTO, NUMERO_QUARTO, DATA, QUANTIDADE) VALUES (124, 6, '143', TO_DATE('06/07/2019','DD/MM/YYYY'), 3);

INSERT INTO VENDA (ID_VENDA, ID_PRODUTO, NUMERO_QUARTO, DATA, QUANTIDADE) VALUES (125, 94, '237', TO_DATE('09/02/2018','DD/MM/YYYY'), 4);

INSERT INTO VENDA (ID_VENDA, ID_PRODUTO, NUMERO_QUARTO, DATA, QUANTIDADE) VALUES (126, 62, '234', TO_DATE('05/04/2017','DD/MM/YYYY'), 1);

INSERT INTO VENDA (ID_VENDA, ID_PRODUTO, NUMERO_QUARTO, DATA, QUANTIDADE) VALUES (127, 48, '125', TO_DATE('08/07/2019','DD/MM/YYYY'), 5);

INSERT INTO VENDA (ID_VENDA, ID_PRODUTO, NUMERO_QUARTO, DATA, QUANTIDADE) VALUES (128, 84, '112', TO_DATE('07/02/2016','DD/MM/YYYY'), 1);

INSERT INTO VENDA (ID_VENDA, ID_PRODUTO, NUMERO_QUARTO, DATA, QUANTIDADE) VALUES (129, 30, '151', TO_DATE('01/02/2015','DD/MM/YYYY'), 2);

INSERT INTO VENDA (ID_VENDA, ID_PRODUTO, NUMERO_QUARTO, DATA, QUANTIDADE) VALUES (130, 66, '151', TO_DATE('07/09/2019','DD/MM/YYYY'), 2);

INSERT INTO VENDA (ID_VENDA, ID_PRODUTO, NUMERO_QUARTO, DATA, QUANTIDADE) VALUES (131, 93, '199', TO_DATE('07/06/2019','DD/MM/YYYY'), 3);

INSERT INTO VENDA (ID_VENDA, ID_PRODUTO, NUMERO_QUARTO, DATA, QUANTIDADE) VALUES (132, 15, '289', TO_DATE('01/04/2016','DD/MM/YYYY'), 4);

INSERT INTO VENDA (ID_VENDA, ID_PRODUTO, NUMERO_QUARTO, DATA, QUANTIDADE) VALUES (133, 32, '242', TO_DATE('08/05/2018','DD/MM/YYYY'), 3);

INSERT INTO VENDA (ID_VENDA, ID_PRODUTO, NUMERO_QUARTO, DATA, QUANTIDADE) VALUES (134, 37, '199', TO_DATE('03/08/2019','DD/MM/YYYY'), 2);

INSERT INTO VENDA (ID_VENDA, ID_PRODUTO, NUMERO_QUARTO, DATA, QUANTIDADE) VALUES (135, 46, '174', TO_DATE('02/06/2015','DD/MM/YYYY'), 5);

INSERT INTO VENDA (ID_VENDA, ID_PRODUTO, NUMERO_QUARTO, DATA, QUANTIDADE) VALUES (136, 79, '289', TO_DATE('08/03/2016','DD/MM/YYYY'), 3);

INSERT INTO VENDA (ID_VENDA, ID_PRODUTO, NUMERO_QUARTO, DATA, QUANTIDADE) VALUES (137, 47, '288', TO_DATE('01/09/2019','DD/MM/YYYY'), 1);

INSERT INTO VENDA (ID_VENDA, ID_PRODUTO, NUMERO_QUARTO, DATA, QUANTIDADE) VALUES (138, 82, '234', TO_DATE('02/04/2015','DD/MM/YYYY'), 1);

INSERT INTO VENDA (ID_VENDA, ID_PRODUTO, NUMERO_QUARTO, DATA, QUANTIDADE) VALUES (139, 39, '288', TO_DATE('02/09/2017','DD/MM/YYYY'), 2);

INSERT INTO VENDA (ID_VENDA, ID_PRODUTO, NUMERO_QUARTO, DATA, QUANTIDADE) VALUES (140, 86, '156', TO_DATE('04/03/2017','DD/MM/YYYY'), 3);

INSERT INTO VENDA (ID_VENDA, ID_PRODUTO, NUMERO_QUARTO, DATA, QUANTIDADE) VALUES (141, 66, '254', TO_DATE('06/01/2019','DD/MM/YYYY'), 4);

INSERT INTO VENDA (ID_VENDA, ID_PRODUTO, NUMERO_QUARTO, DATA, QUANTIDADE) VALUES (142, 25, '174', TO_DATE('07/05/2015','DD/MM/YYYY'), 4);

INSERT INTO VENDA (ID_VENDA, ID_PRODUTO, NUMERO_QUARTO, DATA, QUANTIDADE) VALUES (143, 87, '199', TO_DATE('06/02/2019','DD/MM/YYYY'), 5);

INSERT INTO VENDA (ID_VENDA, ID_PRODUTO, NUMERO_QUARTO, DATA, QUANTIDADE) VALUES (144, 60, '150', TO_DATE('05/03/2018','DD/MM/YYYY'), 4);

INSERT INTO VENDA (ID_VENDA, ID_PRODUTO, NUMERO_QUARTO, DATA, QUANTIDADE) VALUES (145, 68, '237', TO_DATE('07/09/2015','DD/MM/YYYY'), 2);

INSERT INTO VENDA (ID_VENDA, ID_PRODUTO, NUMERO_QUARTO, DATA, QUANTIDADE) VALUES (146, 85, '289', TO_DATE('02/07/2019','DD/MM/YYYY'), 3);

INSERT INTO VENDA (ID_VENDA, ID_PRODUTO, NUMERO_QUARTO, DATA, QUANTIDADE) VALUES (147, 84, '297', TO_DATE('07/07/2016','DD/MM/YYYY'), 1);

INSERT INTO VENDA (ID_VENDA, ID_PRODUTO, NUMERO_QUARTO, DATA, QUANTIDADE) VALUES (148, 67, '245', TO_DATE('04/04/2015','DD/MM/YYYY'), 3);

INSERT INTO VENDA (ID_VENDA, ID_PRODUTO, NUMERO_QUARTO, DATA, QUANTIDADE) VALUES (149, 99, '289', TO_DATE('01/02/2015','DD/MM/YYYY'), 3);

INSERT INTO VENDA (ID_VENDA, ID_PRODUTO, NUMERO_QUARTO, DATA, QUANTIDADE) VALUES (150, 47, '143', TO_DATE('07/07/2019','DD/MM/YYYY'), 5);

-----Manutenção------

INSERT INTO MANUTENCAO (ID_MANUTENCAO, CPF_FUNCIONARIO, NUMERO_QUARTO, DATA, TIPO_MANUTENCAO, OBSERVACAO) VALUES (1, '162.188.111-39', '245', TO_DATE('07/04/2018','DD/MM/YYYY'), 'limpeza', 'Uma bela e linda observação');

INSERT INTO MANUTENCAO (ID_MANUTENCAO, CPF_FUNCIONARIO, NUMERO_QUARTO, DATA, TIPO_MANUTENCAO, OBSERVACAO) VALUES (2, '822.129.658-33', '245', TO_DATE('06/03/2019','DD/MM/YYYY'), 'conserto', 'Uma bela e linda observação');

INSERT INTO MANUTENCAO (ID_MANUTENCAO, CPF_FUNCIONARIO, NUMERO_QUARTO, DATA, TIPO_MANUTENCAO, OBSERVACAO) VALUES (3, '833.412.636-10', '242', TO_DATE('08/07/2017','DD/MM/YYYY'), 'limpeza', 'Uma bela e linda observação');

INSERT INTO MANUTENCAO (ID_MANUTENCAO, CPF_FUNCIONARIO, NUMERO_QUARTO, DATA, TIPO_MANUTENCAO, OBSERVACAO) VALUES (4, '704.514.643-56', '143', TO_DATE('06/05/2019','DD/MM/YYYY'), 'limpeza', 'Uma bela e linda observação');

INSERT INTO MANUTENCAO (ID_MANUTENCAO, CPF_FUNCIONARIO, NUMERO_QUARTO, DATA, TIPO_MANUTENCAO, OBSERVACAO) VALUES (5, '859.877.736-82', '201', TO_DATE('04/05/2016','DD/MM/YYYY'), 'conserto', 'Uma bela e linda observação');

INSERT INTO MANUTENCAO (ID_MANUTENCAO, CPF_FUNCIONARIO, NUMERO_QUARTO, DATA, TIPO_MANUTENCAO, OBSERVACAO) VALUES (6, '554.558.609-34', '199', TO_DATE('06/07/2018','DD/MM/YYYY'), 'conserto', 'Uma bela e linda observação');

INSERT INTO MANUTENCAO (ID_MANUTENCAO, CPF_FUNCIONARIO, NUMERO_QUARTO, DATA, TIPO_MANUTENCAO, OBSERVACAO) VALUES (7, '517.290.382-33', '136', TO_DATE('05/01/2018','DD/MM/YYYY'), 'conserto', 'Nenhuma');

INSERT INTO MANUTENCAO (ID_MANUTENCAO, CPF_FUNCIONARIO, NUMERO_QUARTO, DATA, TIPO_MANUTENCAO, OBSERVACAO) VALUES (8, '870.676.435-40', '199', TO_DATE('09/01/2019','DD/MM/YYYY'), 'conserto', 'Nenhuma');

INSERT INTO MANUTENCAO (ID_MANUTENCAO, CPF_FUNCIONARIO, NUMERO_QUARTO, DATA, TIPO_MANUTENCAO, OBSERVACAO) VALUES (9, '704.514.643-56', '143', TO_DATE('05/02/2017','DD/MM/YYYY'), 'conserto', 'Uma bela e linda observação');

INSERT INTO MANUTENCAO (ID_MANUTENCAO, CPF_FUNCIONARIO, NUMERO_QUARTO, DATA, TIPO_MANUTENCAO, OBSERVACAO) VALUES (10, '678.249.758-36', '199', TO_DATE('01/02/2019','DD/MM/YYYY'), 'conserto', 'Uma bela e linda observação');

INSERT INTO MANUTENCAO (ID_MANUTENCAO, CPF_FUNCIONARIO, NUMERO_QUARTO, DATA, TIPO_MANUTENCAO, OBSERVACAO) VALUES (11, '833.412.636-10', '219', TO_DATE('08/07/2018','DD/MM/YYYY'), 'limpeza', 'Nenhuma');

INSERT INTO MANUTENCAO (ID_MANUTENCAO, CPF_FUNCIONARIO, NUMERO_QUARTO, DATA, TIPO_MANUTENCAO, OBSERVACAO) VALUES (12, '859.877.736-82', '136', TO_DATE('03/06/2016','DD/MM/YYYY'), 'limpeza', 'Nenhuma');

INSERT INTO MANUTENCAO (ID_MANUTENCAO, CPF_FUNCIONARIO, NUMERO_QUARTO, DATA, TIPO_MANUTENCAO, OBSERVACAO) VALUES (13, '769.281.696-40', '245', TO_DATE('04/02/2018','DD/MM/YYYY'), 'conserto', 'Uma bela e linda observação');

INSERT INTO MANUTENCAO (ID_MANUTENCAO, CPF_FUNCIONARIO, NUMERO_QUARTO, DATA, TIPO_MANUTENCAO, OBSERVACAO) VALUES (14, '162.188.111-39', '234', TO_DATE('07/07/2018','DD/MM/YYYY'), 'limpeza', 'Uma bela e linda observação');

INSERT INTO MANUTENCAO (ID_MANUTENCAO, CPF_FUNCIONARIO, NUMERO_QUARTO, DATA, TIPO_MANUTENCAO, OBSERVACAO) VALUES (15, '989.194.402-24', '237', TO_DATE('01/08/2017','DD/MM/YYYY'), 'conserto', 'Uma bela e linda observação');

INSERT INTO MANUTENCAO (ID_MANUTENCAO, CPF_FUNCIONARIO, NUMERO_QUARTO, DATA, TIPO_MANUTENCAO, OBSERVACAO) VALUES (16, '940.615.578-50', '143', TO_DATE('05/02/2015','DD/MM/YYYY'), 'conserto', 'Nenhuma');

INSERT INTO MANUTENCAO (ID_MANUTENCAO, CPF_FUNCIONARIO, NUMERO_QUARTO, DATA, TIPO_MANUTENCAO, OBSERVACAO) VALUES (17, '574.108.668-48', '112', TO_DATE('02/03/2016','DD/MM/YYYY'), 'conserto', 'Uma bela e linda observação');

INSERT INTO MANUTENCAO (ID_MANUTENCAO, CPF_FUNCIONARIO, NUMERO_QUARTO, DATA, TIPO_MANUTENCAO, OBSERVACAO) VALUES (18, '972.160.430-77', '227', TO_DATE('03/03/2016','DD/MM/YYYY'), 'limpeza', 'Uma bela e linda observação');

INSERT INTO MANUTENCAO (ID_MANUTENCAO, CPF_FUNCIONARIO, NUMERO_QUARTO, DATA, TIPO_MANUTENCAO, OBSERVACAO) VALUES (19, '678.249.758-36', '245', TO_DATE('01/09/2015','DD/MM/YYYY'), 'limpeza', 'Uma bela e linda observação');

INSERT INTO MANUTENCAO (ID_MANUTENCAO, CPF_FUNCIONARIO, NUMERO_QUARTO, DATA, TIPO_MANUTENCAO, OBSERVACAO) VALUES (20, '940.615.578-50', '234', TO_DATE('07/05/2017','DD/MM/YYYY'), 'limpeza', 'Uma bela e linda observação');

INSERT INTO MANUTENCAO (ID_MANUTENCAO, CPF_FUNCIONARIO, NUMERO_QUARTO, DATA, TIPO_MANUTENCAO, OBSERVACAO) VALUES (21, '870.676.435-40', '151', TO_DATE('08/04/2019','DD/MM/YYYY'), 'limpeza', 'Nenhuma');

INSERT INTO MANUTENCAO (ID_MANUTENCAO, CPF_FUNCIONARIO, NUMERO_QUARTO, DATA, TIPO_MANUTENCAO, OBSERVACAO) VALUES (22, '704.514.643-56', '156', TO_DATE('05/04/2017','DD/MM/YYYY'), 'conserto', 'Uma bela e linda observação');

INSERT INTO MANUTENCAO (ID_MANUTENCAO, CPF_FUNCIONARIO, NUMERO_QUARTO, DATA, TIPO_MANUTENCAO, OBSERVACAO) VALUES (23, '554.558.609-34', '136', TO_DATE('05/09/2019','DD/MM/YYYY'), 'conserto', 'Nenhuma');

INSERT INTO MANUTENCAO (ID_MANUTENCAO, CPF_FUNCIONARIO, NUMERO_QUARTO, DATA, TIPO_MANUTENCAO, OBSERVACAO) VALUES (24, '574.108.668-48', '174', TO_DATE('05/05/2019','DD/MM/YYYY'), 'limpeza', 'Nenhuma');

INSERT INTO MANUTENCAO (ID_MANUTENCAO, CPF_FUNCIONARIO, NUMERO_QUARTO, DATA, TIPO_MANUTENCAO, OBSERVACAO) VALUES (25, '678.249.758-36', '136', TO_DATE('06/02/2017','DD/MM/YYYY'), 'conserto', 'Nenhuma');

INSERT INTO MANUTENCAO (ID_MANUTENCAO, CPF_FUNCIONARIO, NUMERO_QUARTO, DATA, TIPO_MANUTENCAO, OBSERVACAO) VALUES (26, '769.281.696-40', '202', TO_DATE('02/09/2016','DD/MM/YYYY'), 'conserto', 'Nenhuma');

INSERT INTO MANUTENCAO (ID_MANUTENCAO, CPF_FUNCIONARIO, NUMERO_QUARTO, DATA, TIPO_MANUTENCAO, OBSERVACAO) VALUES (27, '678.249.758-36', '125', TO_DATE('06/06/2018','DD/MM/YYYY'), 'conserto', 'Uma bela e linda observação');

INSERT INTO MANUTENCAO (ID_MANUTENCAO, CPF_FUNCIONARIO, NUMERO_QUARTO, DATA, TIPO_MANUTENCAO, OBSERVACAO) VALUES (28, '694.910.219-72', '156', TO_DATE('06/06/2018','DD/MM/YYYY'), 'conserto', 'Uma bela e linda observação');

INSERT INTO MANUTENCAO (ID_MANUTENCAO, CPF_FUNCIONARIO, NUMERO_QUARTO, DATA, TIPO_MANUTENCAO, OBSERVACAO) VALUES (29, '833.412.636-10', '289', TO_DATE('08/05/2015','DD/MM/YYYY'), 'limpeza', 'Nenhuma');

INSERT INTO MANUTENCAO (ID_MANUTENCAO, CPF_FUNCIONARIO, NUMERO_QUARTO, DATA, TIPO_MANUTENCAO, OBSERVACAO) VALUES (30, '940.615.578-50', '245', TO_DATE('08/02/2016','DD/MM/YYYY'), 'limpeza', 'Nenhuma');

INSERT INTO MANUTENCAO (ID_MANUTENCAO, CPF_FUNCIONARIO, NUMERO_QUARTO, DATA, TIPO_MANUTENCAO, OBSERVACAO) VALUES (31, '859.877.736-82', '300', TO_DATE('03/01/2018','DD/MM/YYYY'), 'limpeza', 'Uma bela e linda observação');

INSERT INTO MANUTENCAO (ID_MANUTENCAO, CPF_FUNCIONARIO, NUMERO_QUARTO, DATA, TIPO_MANUTENCAO, OBSERVACAO) VALUES (32, '498.236.926-70', '300', TO_DATE('09/01/2016','DD/MM/YYYY'), 'limpeza', 'Nenhuma');

INSERT INTO MANUTENCAO (ID_MANUTENCAO, CPF_FUNCIONARIO, NUMERO_QUARTO, DATA, TIPO_MANUTENCAO, OBSERVACAO) VALUES (33, '704.514.643-56', '201', TO_DATE('08/07/2018','DD/MM/YYYY'), 'limpeza', 'Nenhuma');

INSERT INTO MANUTENCAO (ID_MANUTENCAO, CPF_FUNCIONARIO, NUMERO_QUARTO, DATA, TIPO_MANUTENCAO, OBSERVACAO) VALUES (34, '517.290.382-33', '234', TO_DATE('01/04/2019','DD/MM/YYYY'), 'conserto', 'Uma bela e linda observação');

INSERT INTO MANUTENCAO (ID_MANUTENCAO, CPF_FUNCIONARIO, NUMERO_QUARTO, DATA, TIPO_MANUTENCAO, OBSERVACAO) VALUES (35, '972.160.430-77', '300', TO_DATE('01/06/2019','DD/MM/YYYY'), 'limpeza', 'Nenhuma');

INSERT INTO MANUTENCAO (ID_MANUTENCAO, CPF_FUNCIONARIO, NUMERO_QUARTO, DATA, TIPO_MANUTENCAO, OBSERVACAO) VALUES (36, '381.461.517-93', '150', TO_DATE('02/03/2016','DD/MM/YYYY'), 'conserto', 'Uma bela e linda observação');

INSERT INTO MANUTENCAO (ID_MANUTENCAO, CPF_FUNCIONARIO, NUMERO_QUARTO, DATA, TIPO_MANUTENCAO, OBSERVACAO) VALUES (37, '739.602.471-91', '227', TO_DATE('09/06/2017','DD/MM/YYYY'), 'limpeza', 'Nenhuma');

INSERT INTO MANUTENCAO (ID_MANUTENCAO, CPF_FUNCIONARIO, NUMERO_QUARTO, DATA, TIPO_MANUTENCAO, OBSERVACAO) VALUES (38, '554.558.609-34', '151', TO_DATE('07/01/2019','DD/MM/YYYY'), 'conserto', 'Uma bela e linda observação');

INSERT INTO MANUTENCAO (ID_MANUTENCAO, CPF_FUNCIONARIO, NUMERO_QUARTO, DATA, TIPO_MANUTENCAO, OBSERVACAO) VALUES (39, '859.877.736-82', '289', TO_DATE('09/05/2019','DD/MM/YYYY'), 'conserto', 'Uma bela e linda observação');

INSERT INTO MANUTENCAO (ID_MANUTENCAO, CPF_FUNCIONARIO, NUMERO_QUARTO, DATA, TIPO_MANUTENCAO, OBSERVACAO) VALUES (40, '498.236.926-70', '237', TO_DATE('01/02/2019','DD/MM/YYYY'), 'conserto', 'Nenhuma');

INSERT INTO MANUTENCAO (ID_MANUTENCAO, CPF_FUNCIONARIO, NUMERO_QUARTO, DATA, TIPO_MANUTENCAO, OBSERVACAO) VALUES (41, '678.249.758-36', '289', TO_DATE('02/05/2019','DD/MM/YYYY'), 'conserto', 'Uma bela e linda observação');

INSERT INTO MANUTENCAO (ID_MANUTENCAO, CPF_FUNCIONARIO, NUMERO_QUARTO, DATA, TIPO_MANUTENCAO, OBSERVACAO) VALUES (42, '498.236.926-70', '237', TO_DATE('02/03/2019','DD/MM/YYYY'), 'limpeza', 'Nenhuma');

INSERT INTO MANUTENCAO (ID_MANUTENCAO, CPF_FUNCIONARIO, NUMERO_QUARTO, DATA, TIPO_MANUTENCAO, OBSERVACAO) VALUES (43, '694.910.219-72', '297', TO_DATE('02/06/2016','DD/MM/YYYY'), 'conserto', 'Uma bela e linda observação');

INSERT INTO MANUTENCAO (ID_MANUTENCAO, CPF_FUNCIONARIO, NUMERO_QUARTO, DATA, TIPO_MANUTENCAO, OBSERVACAO) VALUES (44, '739.602.471-91', '143', TO_DATE('07/09/2015','DD/MM/YYYY'), 'conserto', 'Uma bela e linda observação');

INSERT INTO MANUTENCAO (ID_MANUTENCAO, CPF_FUNCIONARIO, NUMERO_QUARTO, DATA, TIPO_MANUTENCAO, OBSERVACAO) VALUES (45, '972.160.430-77', '136', TO_DATE('01/03/2017','DD/MM/YYYY'), 'conserto', 'Nenhuma');

INSERT INTO MANUTENCAO (ID_MANUTENCAO, CPF_FUNCIONARIO, NUMERO_QUARTO, DATA, TIPO_MANUTENCAO, OBSERVACAO) VALUES (46, '381.461.517-93', '242', TO_DATE('06/01/2016','DD/MM/YYYY'), 'conserto', 'Uma bela e linda observação');

INSERT INTO MANUTENCAO (ID_MANUTENCAO, CPF_FUNCIONARIO, NUMERO_QUARTO, DATA, TIPO_MANUTENCAO, OBSERVACAO) VALUES (47, '972.160.430-77', '300', TO_DATE('04/06/2018','DD/MM/YYYY'), 'conserto', 'Uma bela e linda observação');

INSERT INTO MANUTENCAO (ID_MANUTENCAO, CPF_FUNCIONARIO, NUMERO_QUARTO, DATA, TIPO_MANUTENCAO, OBSERVACAO) VALUES (48, '381.461.517-93', '204', TO_DATE('09/01/2016','DD/MM/YYYY'), 'limpeza', 'Nenhuma');

INSERT INTO MANUTENCAO (ID_MANUTENCAO, CPF_FUNCIONARIO, NUMERO_QUARTO, DATA, TIPO_MANUTENCAO, OBSERVACAO) VALUES (49, '554.558.609-34', '151', TO_DATE('05/01/2016','DD/MM/YYYY'), 'conserto', 'Nenhuma');

INSERT INTO MANUTENCAO (ID_MANUTENCAO, CPF_FUNCIONARIO, NUMERO_QUARTO, DATA, TIPO_MANUTENCAO, OBSERVACAO) VALUES (50, '870.676.435-40', '246', TO_DATE('04/04/2019','DD/MM/YYYY'), 'conserto', 'Nenhuma');

