-----Clientes-----

INSERT INTO CLIENTE (CPF, EMAIL, NOME, ENDERECO, SEXO, DATA_NASC) VALUES ('80935238893','cliente 00', 'cliente00@gmail.com', 'Rua 1915', 'feminino', TO_DATE('06/05/1994','DD/MM/YYYY'));

INSERT INTO CLIENTE (CPF, EMAIL, NOME, ENDERECO, SEXO, DATA_NASC) VALUES ('56607954863','cliente 01', 'cliente01@gmail.com', 'Rua 1104', 'masculino', TO_DATE('07/04/1960','DD/MM/YYYY'));

INSERT INTO CLIENTE (CPF, EMAIL, NOME, ENDERECO, SEXO, DATA_NASC) VALUES ('93463500129','cliente 02', 'cliente02@gmail.com', 'Rua 1981', 'feminino', TO_DATE('08/07/1948','DD/MM/YYYY'));

INSERT INTO CLIENTE (CPF, EMAIL, NOME, ENDERECO, SEXO, DATA_NASC) VALUES ('58362727907','cliente 03', 'cliente03@gmail.com', 'Rua 1167', 'masculino', TO_DATE('01/01/1927','DD/MM/YYYY'));

INSERT INTO CLIENTE (CPF, EMAIL, NOME, ENDERECO, SEXO, DATA_NASC) VALUES ('20651814277','cliente 04', 'cliente04@gmail.com', 'Rua 1581', 'feminino', TO_DATE('03/03/1915','DD/MM/YYYY'));

INSERT INTO CLIENTE (CPF, EMAIL, NOME, ENDERECO, SEXO, DATA_NASC) VALUES ('73976090735','cliente 05', 'cliente05@gmail.com', 'Rua 1026', 'masculino', TO_DATE('03/09/1933','DD/MM/YYYY'));

INSERT INTO CLIENTE (CPF, EMAIL, NOME, ENDERECO, SEXO, DATA_NASC) VALUES ('55252785108','cliente 06', 'cliente06@gmail.com', 'Rua 1438', 'feminino', TO_DATE('02/08/1974','DD/MM/YYYY'));

INSERT INTO CLIENTE (CPF, EMAIL, NOME, ENDERECO, SEXO, DATA_NASC) VALUES ('77371842205','cliente 07', 'cliente07@gmail.com', 'Rua 1082', 'masculino', TO_DATE('09/05/1962','DD/MM/YYYY'));

INSERT INTO CLIENTE (CPF, EMAIL, NOME, ENDERECO, SEXO, DATA_NASC) VALUES ('32356756074','cliente 08', 'cliente08@gmail.com', 'Rua 1031', 'feminino', TO_DATE('05/03/1927','DD/MM/YYYY'));

INSERT INTO CLIENTE (CPF, EMAIL, NOME, ENDERECO, SEXO, DATA_NASC) VALUES ('17064661603','cliente 09', 'cliente09@gmail.com', 'Rua 1503', 'masculino', TO_DATE('03/04/1963','DD/MM/YYYY'));

INSERT INTO CLIENTE (CPF, EMAIL, NOME, ENDERECO, SEXO, DATA_NASC) VALUES ('50627566813','cliente 010', 'cliente010@gmail.com', 'Rua 1359', 'feminino', TO_DATE('05/06/1915','DD/MM/YYYY'));

INSERT INTO CLIENTE (CPF, EMAIL, NOME, ENDERECO, SEXO, DATA_NASC) VALUES ('14234097842','cliente 011', 'cliente011@gmail.com', 'Rua 1019', 'masculino', TO_DATE('07/03/1918','DD/MM/YYYY'));

INSERT INTO CLIENTE (CPF, EMAIL, NOME, ENDERECO, SEXO, DATA_NASC) VALUES ('86863902367','cliente 012', 'cliente012@gmail.com', 'Rua 1697', 'feminino', TO_DATE('02/03/2014','DD/MM/YYYY'));

INSERT INTO CLIENTE (CPF, EMAIL, NOME, ENDERECO, SEXO, DATA_NASC) VALUES ('56357158691','cliente 013', 'cliente013@gmail.com', 'Rua 1989', 'masculino', TO_DATE('08/04/1974','DD/MM/YYYY'));

INSERT INTO CLIENTE (CPF, EMAIL, NOME, ENDERECO, SEXO, DATA_NASC) VALUES ('54532633097','cliente 014', 'cliente014@gmail.com', 'Rua 1689', 'feminino', TO_DATE('01/06/1953','DD/MM/YYYY'));

INSERT INTO CLIENTE (CPF, EMAIL, NOME, ENDERECO, SEXO, DATA_NASC) VALUES ('84150580336','cliente 015', 'cliente015@gmail.com', 'Rua 1473', 'masculino', TO_DATE('09/02/1939','DD/MM/YYYY'));

INSERT INTO CLIENTE (CPF, EMAIL, NOME, ENDERECO, SEXO, DATA_NASC) VALUES ('16075213735','cliente 016', 'cliente016@gmail.com', 'Rua 1069', 'feminino', TO_DATE('03/06/1916','DD/MM/YYYY'));

INSERT INTO CLIENTE (CPF, EMAIL, NOME, ENDERECO, SEXO, DATA_NASC) VALUES ('53288729086','cliente 017', 'cliente017@gmail.com', 'Rua 1266', 'masculino', TO_DATE('05/02/1910','DD/MM/YYYY'));

INSERT INTO CLIENTE (CPF, EMAIL, NOME, ENDERECO, SEXO, DATA_NASC) VALUES ('35110964278','cliente 018', 'cliente018@gmail.com', 'Rua 1391', 'feminino', TO_DATE('01/04/1937','DD/MM/YYYY'));

INSERT INTO CLIENTE (CPF, EMAIL, NOME, ENDERECO, SEXO, DATA_NASC) VALUES ('55684100759','cliente 019', 'cliente019@gmail.com', 'Rua 1778', 'masculino', TO_DATE('06/09/1929','DD/MM/YYYY'));

-----Dependentes------

INSERT INTO DEPENDENTE (CPF, DATA_NASC, NOME, CPF_CLIENTE) VALUES ('27350705267', TO_DATE('08/03/1963','DD/MM/YYYY'),'dependente 01', '80935238893');

INSERT INTO DEPENDENTE (CPF, DATA_NASC, NOME, CPF_CLIENTE) VALUES ('15390212533', TO_DATE('06/03/1961','DD/MM/YYYY'),'dependente 02', '80935238893');

INSERT INTO DEPENDENTE (CPF, DATA_NASC, NOME, CPF_CLIENTE) VALUES ('54558025001', TO_DATE('04/04/1965','DD/MM/YYYY'),'dependente 03', '56607954863');

INSERT INTO DEPENDENTE (CPF, DATA_NASC, NOME, CPF_CLIENTE) VALUES ('50427464286', TO_DATE('01/01/1919','DD/MM/YYYY'),'dependente 04', '56607954863');

INSERT INTO DEPENDENTE (CPF, DATA_NASC, NOME, CPF_CLIENTE) VALUES ('90336395665', TO_DATE('01/09/1951','DD/MM/YYYY'),'dependente 05', '93463500129');

INSERT INTO DEPENDENTE (CPF, DATA_NASC, NOME, CPF_CLIENTE) VALUES ('98337969124', TO_DATE('05/03/1931','DD/MM/YYYY'),'dependente 06', '93463500129');

INSERT INTO DEPENDENTE (CPF, DATA_NASC, NOME, CPF_CLIENTE) VALUES ('71510990588', TO_DATE('01/06/1940','DD/MM/YYYY'),'dependente 07', '93463500129');

INSERT INTO DEPENDENTE (CPF, DATA_NASC, NOME, CPF_CLIENTE) VALUES ('20825119195', TO_DATE('07/09/1922','DD/MM/YYYY'),'dependente 08', '58362727907');

INSERT INTO DEPENDENTE (CPF, DATA_NASC, NOME, CPF_CLIENTE) VALUES ('75317877437', TO_DATE('06/02/1968','DD/MM/YYYY'),'dependente 09', '58362727907');

INSERT INTO DEPENDENTE (CPF, DATA_NASC, NOME, CPF_CLIENTE) VALUES ('75589532622', TO_DATE('09/07/1919','DD/MM/YYYY'),'dependente 010', '20651814277');

INSERT INTO DEPENDENTE (CPF, DATA_NASC, NOME, CPF_CLIENTE) VALUES ('99520706371', TO_DATE('02/06/1948','DD/MM/YYYY'),'dependente 011', '20651814277');

INSERT INTO DEPENDENTE (CPF, DATA_NASC, NOME, CPF_CLIENTE) VALUES ('65414733109', TO_DATE('04/08/2017','DD/MM/YYYY'),'dependente 012', '20651814277');

INSERT INTO DEPENDENTE (CPF, DATA_NASC, NOME, CPF_CLIENTE) VALUES ('14125301545', TO_DATE('01/07/1979','DD/MM/YYYY'),'dependente 013', '20651814277');

INSERT INTO DEPENDENTE (CPF, DATA_NASC, NOME, CPF_CLIENTE) VALUES ('70953702699', TO_DATE('09/01/1971','DD/MM/YYYY'),'dependente 014', '73976090735');

INSERT INTO DEPENDENTE (CPF, DATA_NASC, NOME, CPF_CLIENTE) VALUES ('98307883958', TO_DATE('03/01/1962','DD/MM/YYYY'),'dependente 015', '73976090735');

INSERT INTO DEPENDENTE (CPF, DATA_NASC, NOME, CPF_CLIENTE) VALUES ('50880567114', TO_DATE('04/07/2015','DD/MM/YYYY'),'dependente 016', '55252785108');

INSERT INTO DEPENDENTE (CPF, DATA_NASC, NOME, CPF_CLIENTE) VALUES ('40282844102', TO_DATE('04/03/1970','DD/MM/YYYY'),'dependente 017', '55252785108');

INSERT INTO DEPENDENTE (CPF, DATA_NASC, NOME, CPF_CLIENTE) VALUES ('88820047540', TO_DATE('05/07/1914','DD/MM/YYYY'),'dependente 018', '55252785108');

INSERT INTO DEPENDENTE (CPF, DATA_NASC, NOME, CPF_CLIENTE) VALUES ('74294159704', TO_DATE('09/08/1919','DD/MM/YYYY'),'dependente 019', '77371842205');

INSERT INTO DEPENDENTE (CPF, DATA_NASC, NOME, CPF_CLIENTE) VALUES ('72918682081', TO_DATE('08/09/1998','DD/MM/YYYY'),'dependente 020', '77371842205');

INSERT INTO DEPENDENTE (CPF, DATA_NASC, NOME, CPF_CLIENTE) VALUES ('80596707767', TO_DATE('03/09/2000','DD/MM/YYYY'),'dependente 021', '77371842205');

INSERT INTO DEPENDENTE (CPF, DATA_NASC, NOME, CPF_CLIENTE) VALUES ('27099038527', TO_DATE('05/09/1932','DD/MM/YYYY'),'dependente 022', '32356756074');

INSERT INTO DEPENDENTE (CPF, DATA_NASC, NOME, CPF_CLIENTE) VALUES ('44787390796', TO_DATE('05/08/1984','DD/MM/YYYY'),'dependente 023', '32356756074');

INSERT INTO DEPENDENTE (CPF, DATA_NASC, NOME, CPF_CLIENTE) VALUES ('95369827028', TO_DATE('07/04/1967','DD/MM/YYYY'),'dependente 024', '32356756074');

INSERT INTO DEPENDENTE (CPF, DATA_NASC, NOME, CPF_CLIENTE) VALUES ('87830062745', TO_DATE('05/08/1951','DD/MM/YYYY'),'dependente 025', '32356756074');

INSERT INTO DEPENDENTE (CPF, DATA_NASC, NOME, CPF_CLIENTE) VALUES ('15450444022', TO_DATE('04/09/1970','DD/MM/YYYY'),'dependente 026', '17064661603');

INSERT INTO DEPENDENTE (CPF, DATA_NASC, NOME, CPF_CLIENTE) VALUES ('11822679816', TO_DATE('03/02/1911','DD/MM/YYYY'),'dependente 027', '17064661603');

INSERT INTO DEPENDENTE (CPF, DATA_NASC, NOME, CPF_CLIENTE) VALUES ('25299129298', TO_DATE('07/06/1957','DD/MM/YYYY'),'dependente 028', '50627566813');

INSERT INTO DEPENDENTE (CPF, DATA_NASC, NOME, CPF_CLIENTE) VALUES ('90003132869', TO_DATE('04/04/1970','DD/MM/YYYY'),'dependente 029', '50627566813');

INSERT INTO DEPENDENTE (CPF, DATA_NASC, NOME, CPF_CLIENTE) VALUES ('98862270540', TO_DATE('04/06/1957','DD/MM/YYYY'),'dependente 030', '50627566813');

INSERT INTO DEPENDENTE (CPF, DATA_NASC, NOME, CPF_CLIENTE) VALUES ('62473882483', TO_DATE('08/07/1964','DD/MM/YYYY'),'dependente 031', '14234097842');

INSERT INTO DEPENDENTE (CPF, DATA_NASC, NOME, CPF_CLIENTE) VALUES ('63568861395', TO_DATE('04/07/1927','DD/MM/YYYY'),'dependente 032', '14234097842');

INSERT INTO DEPENDENTE (CPF, DATA_NASC, NOME, CPF_CLIENTE) VALUES ('87834309469', TO_DATE('08/06/2002','DD/MM/YYYY'),'dependente 033', '14234097842');

INSERT INTO DEPENDENTE (CPF, DATA_NASC, NOME, CPF_CLIENTE) VALUES ('36116138072', TO_DATE('02/04/1956','DD/MM/YYYY'),'dependente 034', '14234097842');

INSERT INTO DEPENDENTE (CPF, DATA_NASC, NOME, CPF_CLIENTE) VALUES ('62900083625', TO_DATE('01/05/1939','DD/MM/YYYY'),'dependente 035', '14234097842');

INSERT INTO DEPENDENTE (CPF, DATA_NASC, NOME, CPF_CLIENTE) VALUES ('74015225580', TO_DATE('08/04/1912','DD/MM/YYYY'),'dependente 036', '86863902367');

INSERT INTO DEPENDENTE (CPF, DATA_NASC, NOME, CPF_CLIENTE) VALUES ('80641153903', TO_DATE('06/01/1974','DD/MM/YYYY'),'dependente 037', '86863902367');

INSERT INTO DEPENDENTE (CPF, DATA_NASC, NOME, CPF_CLIENTE) VALUES ('85032759721', TO_DATE('06/03/1966','DD/MM/YYYY'),'dependente 038', '86863902367');

INSERT INTO DEPENDENTE (CPF, DATA_NASC, NOME, CPF_CLIENTE) VALUES ('61886507344', TO_DATE('03/05/1962','DD/MM/YYYY'),'dependente 039', '56357158691');

INSERT INTO DEPENDENTE (CPF, DATA_NASC, NOME, CPF_CLIENTE) VALUES ('90750231458', TO_DATE('02/07/1998','DD/MM/YYYY'),'dependente 040', '56357158691');

INSERT INTO DEPENDENTE (CPF, DATA_NASC, NOME, CPF_CLIENTE) VALUES ('22040789588', TO_DATE('02/05/1954','DD/MM/YYYY'),'dependente 041', '54532633097');

INSERT INTO DEPENDENTE (CPF, DATA_NASC, NOME, CPF_CLIENTE) VALUES ('85732529446', TO_DATE('03/02/1987','DD/MM/YYYY'),'dependente 042', '54532633097');

INSERT INTO DEPENDENTE (CPF, DATA_NASC, NOME, CPF_CLIENTE) VALUES ('54610266566', TO_DATE('04/03/2008','DD/MM/YYYY'),'dependente 043', '54532633097');

INSERT INTO DEPENDENTE (CPF, DATA_NASC, NOME, CPF_CLIENTE) VALUES ('55504011652', TO_DATE('01/08/1954','DD/MM/YYYY'),'dependente 044', '84150580336');

INSERT INTO DEPENDENTE (CPF, DATA_NASC, NOME, CPF_CLIENTE) VALUES ('21356175094', TO_DATE('06/09/1922','DD/MM/YYYY'),'dependente 045', '16075213735');

INSERT INTO DEPENDENTE (CPF, DATA_NASC, NOME, CPF_CLIENTE) VALUES ('67312232423', TO_DATE('05/09/1924','DD/MM/YYYY'),'dependente 046', '53288729086');

INSERT INTO DEPENDENTE (CPF, DATA_NASC, NOME, CPF_CLIENTE) VALUES ('81135165931', TO_DATE('05/02/2013','DD/MM/YYYY'),'dependente 047', '35110964278');

INSERT INTO DEPENDENTE (CPF, DATA_NASC, NOME, CPF_CLIENTE) VALUES ('61846399803', TO_DATE('09/01/1919','DD/MM/YYYY'),'dependente 048', '35110964278');

INSERT INTO DEPENDENTE (CPF, DATA_NASC, NOME, CPF_CLIENTE) VALUES ('52961216507', TO_DATE('01/06/1994','DD/MM/YYYY'),'dependente 049', '35110964278');

INSERT INTO DEPENDENTE (CPF, DATA_NASC, NOME, CPF_CLIENTE) VALUES ('28454367048', TO_DATE('05/04/1917','DD/MM/YYYY'),'dependente 050', '55684100759');

INSERT INTO DEPENDENTE (CPF, DATA_NASC, NOME, CPF_CLIENTE) VALUES ('23727962906', TO_DATE('08/01/1918','DD/MM/YYYY'),'dependente 051', '55684100759');

INSERT INTO DEPENDENTE (CPF, DATA_NASC, NOME, CPF_CLIENTE) VALUES ('15283920620', TO_DATE('01/04/1951','DD/MM/YYYY'),'dependente 052', '55684100759');

-----Avaliação------

INSERT INTO AVALIACAO (ID, NOTA, COMENTARIO, CPF_CLIENTE) VALUES (1, 5, TO_DATE('01/07/2019','DD/MM/YYYY'), 'Bom','80935238893');

INSERT INTO AVALIACAO (ID, NOTA, COMENTARIO, CPF_CLIENTE) VALUES (3, 9, TO_DATE('04/04/2019','DD/MM/YYYY'), 'Ok','93463500129');

INSERT INTO AVALIACAO (ID, NOTA, COMENTARIO, CPF_CLIENTE) VALUES (5, 8, TO_DATE('08/04/2019','DD/MM/YYYY'), 'Top','20651814277');

INSERT INTO AVALIACAO (ID, NOTA, COMENTARIO, CPF_CLIENTE) VALUES (7, 1, TO_DATE('09/04/2019','DD/MM/YYYY'), 'Ruim','55252785108');

INSERT INTO AVALIACAO (ID, NOTA, COMENTARIO, CPF_CLIENTE) VALUES (9, 5, TO_DATE('05/07/2019','DD/MM/YYYY'), 'Neutro','32356756074');

INSERT INTO AVALIACAO (ID, NOTA, COMENTARIO, CPF_CLIENTE) VALUES (11, 8, TO_DATE('01/08/2019','DD/MM/YYYY'), 'Top','50627566813');

INSERT INTO AVALIACAO (ID, NOTA, COMENTARIO, CPF_CLIENTE) VALUES (13, 8, TO_DATE('01/01/2019','DD/MM/YYYY'), 'Neutro','86863902367');

INSERT INTO AVALIACAO (ID, NOTA, COMENTARIO, CPF_CLIENTE) VALUES (15, 2, TO_DATE('03/09/2019','DD/MM/YYYY'), 'Bom','54532633097');

INSERT INTO AVALIACAO (ID, NOTA, COMENTARIO, CPF_CLIENTE) VALUES (17, 3, TO_DATE('06/04/2019','DD/MM/YYYY'), 'Bom','16075213735');

INSERT INTO AVALIACAO (ID, NOTA, COMENTARIO, CPF_CLIENTE) VALUES (19, 7, TO_DATE('01/09/2019','DD/MM/YYYY'), 'Muito Bom','35110964278');

-----Funcionários-----

INSERT INTO FUNCIONARIO (CPF, NOME, DATA_NASC, SALARIO, FUNCAO) VALUES ('37085348911','funcionario 00', TO_DATE('02/03/1940','DD/MM/YYYY'), 1163.00,'camareiro');

INSERT INTO FUNCIONARIO (CPF, NOME, DATA_NASC, SALARIO, FUNCAO) VALUES ('20576734060','funcionario 01', TO_DATE('09/05/1997','DD/MM/YYYY'), 1394.00,'técnico');

INSERT INTO FUNCIONARIO (CPF, NOME, DATA_NASC, SALARIO, FUNCAO) VALUES ('21407202936','funcionario 02', TO_DATE('01/04/1992','DD/MM/YYYY'), 1011.00,'camareiro');

INSERT INTO FUNCIONARIO (CPF, NOME, DATA_NASC, SALARIO, FUNCAO) VALUES ('50894360346','funcionario 03', TO_DATE('02/06/1921','DD/MM/YYYY'), 1005.00,'técnico');

INSERT INTO FUNCIONARIO (CPF, NOME, DATA_NASC, SALARIO, FUNCAO) VALUES ('53261718371','funcionario 04', TO_DATE('02/02/1930','DD/MM/YYYY'), 1239.00,'camareiro');

INSERT INTO FUNCIONARIO (CPF, NOME, DATA_NASC, SALARIO, FUNCAO) VALUES ('45628314778','funcionario 05', TO_DATE('01/04/1943','DD/MM/YYYY'), 1147.00,'técnico');

INSERT INTO FUNCIONARIO (CPF, NOME, DATA_NASC, SALARIO, FUNCAO) VALUES ('80513050705','funcionario 06', TO_DATE('03/01/1921','DD/MM/YYYY'), 1069.00,'camareiro');

INSERT INTO FUNCIONARIO (CPF, NOME, DATA_NASC, SALARIO, FUNCAO) VALUES ('36209899304','funcionario 07', TO_DATE('02/05/1998','DD/MM/YYYY'), 1492.00,'técnico');

INSERT INTO FUNCIONARIO (CPF, NOME, DATA_NASC, SALARIO, FUNCAO) VALUES ('69049137494','funcionario 08', TO_DATE('04/03/1919','DD/MM/YYYY'), 1424.00,'camareiro');

INSERT INTO FUNCIONARIO (CPF, NOME, DATA_NASC, SALARIO, FUNCAO) VALUES ('32567779425','funcionario 09', TO_DATE('01/04/1983','DD/MM/YYYY'), 1012.00,'técnico');

-----Quarto------

INSERT INTO QUARTO (NUMERO, TIPO, VISTA, VALOR_DIARIA) VALUES ('119', 'frontal', 'duplo casal', 130.00);

INSERT INTO QUARTO (NUMERO, TIPO, VISTA, VALOR_DIARIA) VALUES ('172', 'lateral', 'triplo', 192.00);

INSERT INTO QUARTO (NUMERO, TIPO, VISTA, VALOR_DIARIA) VALUES ('299', 'frontal', 'triplo', 228.00);

INSERT INTO QUARTO (NUMERO, TIPO, VISTA, VALOR_DIARIA) VALUES ('299', 'lateral', 'duplo casal', 270.00);

INSERT INTO QUARTO (NUMERO, TIPO, VISTA, VALOR_DIARIA) VALUES ('127', 'frontal', 'simples', 256.00);

INSERT INTO QUARTO (NUMERO, TIPO, VISTA, VALOR_DIARIA) VALUES ('231', 'lateral', 'simples', 190.00);

INSERT INTO QUARTO (NUMERO, TIPO, VISTA, VALOR_DIARIA) VALUES ('268', 'frontal', 'triplo', 112.00);

INSERT INTO QUARTO (NUMERO, TIPO, VISTA, VALOR_DIARIA) VALUES ('106', 'lateral', 'simples', 238.00);

INSERT INTO QUARTO (NUMERO, TIPO, VISTA, VALOR_DIARIA) VALUES ('223', 'frontal', 'duplo twin', 171.00);

INSERT INTO QUARTO (NUMERO, TIPO, VISTA, VALOR_DIARIA) VALUES ('191', 'lateral', 'duplo twin', 238.00);

INSERT INTO QUARTO (NUMERO, TIPO, VISTA, VALOR_DIARIA) VALUES ('242', 'frontal', 'triplo', 259.00);

INSERT INTO QUARTO (NUMERO, TIPO, VISTA, VALOR_DIARIA) VALUES ('254', 'lateral', 'simples', 133.00);

INSERT INTO QUARTO (NUMERO, TIPO, VISTA, VALOR_DIARIA) VALUES ('207', 'frontal', 'triplo', 143.00);

INSERT INTO QUARTO (NUMERO, TIPO, VISTA, VALOR_DIARIA) VALUES ('165', 'lateral', 'duplo casal', 173.00);

INSERT INTO QUARTO (NUMERO, TIPO, VISTA, VALOR_DIARIA) VALUES ('177', 'frontal', 'duplo twin', 169.00);

INSERT INTO QUARTO (NUMERO, TIPO, VISTA, VALOR_DIARIA) VALUES ('200', 'lateral', 'duplo casal', 203.00);

INSERT INTO QUARTO (NUMERO, TIPO, VISTA, VALOR_DIARIA) VALUES ('244', 'frontal', 'triplo', 177.00);

INSERT INTO QUARTO (NUMERO, TIPO, VISTA, VALOR_DIARIA) VALUES ('243', 'lateral', 'duplo casal', 282.00);

INSERT INTO QUARTO (NUMERO, TIPO, VISTA, VALOR_DIARIA) VALUES ('181', 'frontal', 'duplo casal', 289.00);

INSERT INTO QUARTO (NUMERO, TIPO, VISTA, VALOR_DIARIA) VALUES ('224', 'lateral', 'simples', 176.00);

INSERT INTO QUARTO (NUMERO, TIPO, VISTA, VALOR_DIARIA) VALUES ('299', 'frontal', 'duplo casal', 243.00);

INSERT INTO QUARTO (NUMERO, TIPO, VISTA, VALOR_DIARIA) VALUES ('255', 'lateral', 'duplo twin', 293.00);

INSERT INTO QUARTO (NUMERO, TIPO, VISTA, VALOR_DIARIA) VALUES ('210', 'frontal', 'duplo casal', 129.00);

INSERT INTO QUARTO (NUMERO, TIPO, VISTA, VALOR_DIARIA) VALUES ('129', 'lateral', 'triplo', 198.00);

INSERT INTO QUARTO (NUMERO, TIPO, VISTA, VALOR_DIARIA) VALUES ('186', 'frontal', 'triplo', 180.00);

INSERT INTO QUARTO (NUMERO, TIPO, VISTA, VALOR_DIARIA) VALUES ('284', 'lateral', 'simples', 190.00);

INSERT INTO QUARTO (NUMERO, TIPO, VISTA, VALOR_DIARIA) VALUES ('129', 'frontal', 'duplo casal', 201.00);

INSERT INTO QUARTO (NUMERO, TIPO, VISTA, VALOR_DIARIA) VALUES ('285', 'lateral', 'triplo', 132.00);

INSERT INTO QUARTO (NUMERO, TIPO, VISTA, VALOR_DIARIA) VALUES ('289', 'frontal', 'duplo twin', 143.00);

INSERT INTO QUARTO (NUMERO, TIPO, VISTA, VALOR_DIARIA) VALUES ('285', 'lateral', 'simples', 115.00);

-----Produto------

INSERT INTO PRODUTO (ID, TIPO, NOME, VALOR, DESCRICAO) VALUES (1, 'Bar', 'produto 0', 1, 176.00);

INSERT INTO PRODUTO (ID, TIPO, NOME, VALOR, DESCRICAO) VALUES (2, 'Frigobar', 'produto 1', 1, 192.00);

INSERT INTO PRODUTO (ID, TIPO, NOME, VALOR, DESCRICAO) VALUES (3, 'Restaurante', 'produto 2', 8, 112.00);

INSERT INTO PRODUTO (ID, TIPO, NOME, VALOR, DESCRICAO) VALUES (4, 'Bar', 'produto 3', 8, 32.00);

INSERT INTO PRODUTO (ID, TIPO, NOME, VALOR, DESCRICAO) VALUES (5, 'Bar', 'produto 4', 4, 189.00);

INSERT INTO PRODUTO (ID, TIPO, NOME, VALOR, DESCRICAO) VALUES (6, 'Bar', 'produto 5', 7, 1.00);

INSERT INTO PRODUTO (ID, TIPO, NOME, VALOR, DESCRICAO) VALUES (7, 'Lavanderia', 'produto 6', 2, 76.00);

INSERT INTO PRODUTO (ID, TIPO, NOME, VALOR, DESCRICAO) VALUES (8, 'Frigobar', 'produto 7', 4, 58.00);

INSERT INTO PRODUTO (ID, TIPO, NOME, VALOR, DESCRICAO) VALUES (9, 'Frigobar', 'produto 8', 7, 49.00);

INSERT INTO PRODUTO (ID, TIPO, NOME, VALOR, DESCRICAO) VALUES (10, 'Lavanderia', 'produto 9', 5, 185.00);

INSERT INTO PRODUTO (ID, TIPO, NOME, VALOR, DESCRICAO) VALUES (11, 'Bar', 'produto 10', 6, 142.00);

INSERT INTO PRODUTO (ID, TIPO, NOME, VALOR, DESCRICAO) VALUES (12, 'Restaurante', 'produto 11', 5, 152.00);

INSERT INTO PRODUTO (ID, TIPO, NOME, VALOR, DESCRICAO) VALUES (13, 'Bar', 'produto 12', 1, 127.00);

INSERT INTO PRODUTO (ID, TIPO, NOME, VALOR, DESCRICAO) VALUES (14, 'Lavanderia', 'produto 13', 2, 171.00);

INSERT INTO PRODUTO (ID, TIPO, NOME, VALOR, DESCRICAO) VALUES (15, 'Restaurante', 'produto 14', 5, 54.00);

INSERT INTO PRODUTO (ID, TIPO, NOME, VALOR, DESCRICAO) VALUES (16, 'Lavanderia', 'produto 15', 9, 79.00);

INSERT INTO PRODUTO (ID, TIPO, NOME, VALOR, DESCRICAO) VALUES (17, 'Bar', 'produto 16', 7, 112.00);

INSERT INTO PRODUTO (ID, TIPO, NOME, VALOR, DESCRICAO) VALUES (18, 'Lavanderia', 'produto 17', 6, 26.00);

INSERT INTO PRODUTO (ID, TIPO, NOME, VALOR, DESCRICAO) VALUES (19, 'Lavanderia', 'produto 18', 7, 34.00);

INSERT INTO PRODUTO (ID, TIPO, NOME, VALOR, DESCRICAO) VALUES (20, 'Frigobar', 'produto 19', 2, 136.00);

INSERT INTO PRODUTO (ID, TIPO, NOME, VALOR, DESCRICAO) VALUES (21, 'Restaurante', 'produto 20', 4, 120.00);

INSERT INTO PRODUTO (ID, TIPO, NOME, VALOR, DESCRICAO) VALUES (22, 'Frigobar', 'produto 21', 10, 9.00);

INSERT INTO PRODUTO (ID, TIPO, NOME, VALOR, DESCRICAO) VALUES (23, 'Restaurante', 'produto 22', 5, 169.00);

INSERT INTO PRODUTO (ID, TIPO, NOME, VALOR, DESCRICAO) VALUES (24, 'Restaurante', 'produto 23', 6, 42.00);

INSERT INTO PRODUTO (ID, TIPO, NOME, VALOR, DESCRICAO) VALUES (25, 'Frigobar', 'produto 24', 4, 181.00);

INSERT INTO PRODUTO (ID, TIPO, NOME, VALOR, DESCRICAO) VALUES (26, 'Lavanderia', 'produto 25', 4, 162.00);

INSERT INTO PRODUTO (ID, TIPO, NOME, VALOR, DESCRICAO) VALUES (27, 'Lavanderia', 'produto 26', 4, 155.00);

INSERT INTO PRODUTO (ID, TIPO, NOME, VALOR, DESCRICAO) VALUES (28, 'Frigobar', 'produto 27', 3, 6.00);

INSERT INTO PRODUTO (ID, TIPO, NOME, VALOR, DESCRICAO) VALUES (29, 'Frigobar', 'produto 28', 4, 3.00);

INSERT INTO PRODUTO (ID, TIPO, NOME, VALOR, DESCRICAO) VALUES (30, 'Bar', 'produto 29', 10, 62.00);

INSERT INTO PRODUTO (ID, TIPO, NOME, VALOR, DESCRICAO) VALUES (31, 'Restaurante', 'produto 30', 2, 164.00);

INSERT INTO PRODUTO (ID, TIPO, NOME, VALOR, DESCRICAO) VALUES (32, 'Bar', 'produto 31', 1, 147.00);

INSERT INTO PRODUTO (ID, TIPO, NOME, VALOR, DESCRICAO) VALUES (33, 'Lavanderia', 'produto 32', 5, 109.00);

INSERT INTO PRODUTO (ID, TIPO, NOME, VALOR, DESCRICAO) VALUES (34, 'Bar', 'produto 33', 5, 99.00);

INSERT INTO PRODUTO (ID, TIPO, NOME, VALOR, DESCRICAO) VALUES (35, 'Bar', 'produto 34', 5, 115.00);

INSERT INTO PRODUTO (ID, TIPO, NOME, VALOR, DESCRICAO) VALUES (36, 'Frigobar', 'produto 35', 5, 162.00);

INSERT INTO PRODUTO (ID, TIPO, NOME, VALOR, DESCRICAO) VALUES (37, 'Bar', 'produto 36', 3, 182.00);

INSERT INTO PRODUTO (ID, TIPO, NOME, VALOR, DESCRICAO) VALUES (38, 'Frigobar', 'produto 37', 2, 3.00);

INSERT INTO PRODUTO (ID, TIPO, NOME, VALOR, DESCRICAO) VALUES (39, 'Lavanderia', 'produto 38', 10, 8.00);

INSERT INTO PRODUTO (ID, TIPO, NOME, VALOR, DESCRICAO) VALUES (40, 'Lavanderia', 'produto 39', 5, 58.00);

INSERT INTO PRODUTO (ID, TIPO, NOME, VALOR, DESCRICAO) VALUES (41, 'Frigobar', 'produto 40', 8, 119.00);

INSERT INTO PRODUTO (ID, TIPO, NOME, VALOR, DESCRICAO) VALUES (42, 'Restaurante', 'produto 41', 6, 79.00);

INSERT INTO PRODUTO (ID, TIPO, NOME, VALOR, DESCRICAO) VALUES (43, 'Lavanderia', 'produto 42', 5, 136.00);

INSERT INTO PRODUTO (ID, TIPO, NOME, VALOR, DESCRICAO) VALUES (44, 'Restaurante', 'produto 43', 9, 7.00);

INSERT INTO PRODUTO (ID, TIPO, NOME, VALOR, DESCRICAO) VALUES (45, 'Lavanderia', 'produto 44', 6, 26.00);

INSERT INTO PRODUTO (ID, TIPO, NOME, VALOR, DESCRICAO) VALUES (46, 'Lavanderia', 'produto 45', 4, 113.00);

INSERT INTO PRODUTO (ID, TIPO, NOME, VALOR, DESCRICAO) VALUES (47, 'Lavanderia', 'produto 46', 10, 66.00);

INSERT INTO PRODUTO (ID, TIPO, NOME, VALOR, DESCRICAO) VALUES (48, 'Bar', 'produto 47', 1, 31.00);

INSERT INTO PRODUTO (ID, TIPO, NOME, VALOR, DESCRICAO) VALUES (49, 'Lavanderia', 'produto 48', 3, 27.00);

INSERT INTO PRODUTO (ID, TIPO, NOME, VALOR, DESCRICAO) VALUES (50, 'Lavanderia', 'produto 49', 4, 25.00);

INSERT INTO PRODUTO (ID, TIPO, NOME, VALOR, DESCRICAO) VALUES (51, 'Restaurante', 'produto 50', 6, 198.00);

INSERT INTO PRODUTO (ID, TIPO, NOME, VALOR, DESCRICAO) VALUES (52, 'Frigobar', 'produto 51', 8, 91.00);

INSERT INTO PRODUTO (ID, TIPO, NOME, VALOR, DESCRICAO) VALUES (53, 'Restaurante', 'produto 52', 10, 20.00);

INSERT INTO PRODUTO (ID, TIPO, NOME, VALOR, DESCRICAO) VALUES (54, 'Bar', 'produto 53', 5, 75.00);

INSERT INTO PRODUTO (ID, TIPO, NOME, VALOR, DESCRICAO) VALUES (55, 'Lavanderia', 'produto 54', 8, 115.00);

INSERT INTO PRODUTO (ID, TIPO, NOME, VALOR, DESCRICAO) VALUES (56, 'Restaurante', 'produto 55', 5, 134.00);

INSERT INTO PRODUTO (ID, TIPO, NOME, VALOR, DESCRICAO) VALUES (57, 'Frigobar', 'produto 56', 8, 173.00);

INSERT INTO PRODUTO (ID, TIPO, NOME, VALOR, DESCRICAO) VALUES (58, 'Frigobar', 'produto 57', 5, 189.00);

INSERT INTO PRODUTO (ID, TIPO, NOME, VALOR, DESCRICAO) VALUES (59, 'Bar', 'produto 58', 2, 155.00);

INSERT INTO PRODUTO (ID, TIPO, NOME, VALOR, DESCRICAO) VALUES (60, 'Bar', 'produto 59', 10, 21.00);

INSERT INTO PRODUTO (ID, TIPO, NOME, VALOR, DESCRICAO) VALUES (61, 'Lavanderia', 'produto 60', 3, 38.00);

INSERT INTO PRODUTO (ID, TIPO, NOME, VALOR, DESCRICAO) VALUES (62, 'Lavanderia', 'produto 61', 9, 65.00);

INSERT INTO PRODUTO (ID, TIPO, NOME, VALOR, DESCRICAO) VALUES (63, 'Restaurante', 'produto 62', 4, 35.00);

INSERT INTO PRODUTO (ID, TIPO, NOME, VALOR, DESCRICAO) VALUES (64, 'Lavanderia', 'produto 63', 7, 184.00);

INSERT INTO PRODUTO (ID, TIPO, NOME, VALOR, DESCRICAO) VALUES (65, 'Lavanderia', 'produto 64', 6, 107.00);

INSERT INTO PRODUTO (ID, TIPO, NOME, VALOR, DESCRICAO) VALUES (66, 'Lavanderia', 'produto 65', 6, 49.00);

INSERT INTO PRODUTO (ID, TIPO, NOME, VALOR, DESCRICAO) VALUES (67, 'Frigobar', 'produto 66', 1, 75.00);

INSERT INTO PRODUTO (ID, TIPO, NOME, VALOR, DESCRICAO) VALUES (68, 'Lavanderia', 'produto 67', 6, 8.00);

INSERT INTO PRODUTO (ID, TIPO, NOME, VALOR, DESCRICAO) VALUES (69, 'Lavanderia', 'produto 68', 10, 104.00);

INSERT INTO PRODUTO (ID, TIPO, NOME, VALOR, DESCRICAO) VALUES (70, 'Lavanderia', 'produto 69', 8, 72.00);

INSERT INTO PRODUTO (ID, TIPO, NOME, VALOR, DESCRICAO) VALUES (71, 'Bar', 'produto 70', 9, 42.00);

INSERT INTO PRODUTO (ID, TIPO, NOME, VALOR, DESCRICAO) VALUES (72, 'Lavanderia', 'produto 71', 7, 104.00);

INSERT INTO PRODUTO (ID, TIPO, NOME, VALOR, DESCRICAO) VALUES (73, 'Lavanderia', 'produto 72', 9, 6.00);

INSERT INTO PRODUTO (ID, TIPO, NOME, VALOR, DESCRICAO) VALUES (74, 'Restaurante', 'produto 73', 10, 88.00);

INSERT INTO PRODUTO (ID, TIPO, NOME, VALOR, DESCRICAO) VALUES (75, 'Frigobar', 'produto 74', 6, 158.00);

INSERT INTO PRODUTO (ID, TIPO, NOME, VALOR, DESCRICAO) VALUES (76, 'Bar', 'produto 75', 6, 163.00);

INSERT INTO PRODUTO (ID, TIPO, NOME, VALOR, DESCRICAO) VALUES (77, 'Bar', 'produto 76', 8, 8.00);

INSERT INTO PRODUTO (ID, TIPO, NOME, VALOR, DESCRICAO) VALUES (78, 'Bar', 'produto 77', 4, 126.00);

INSERT INTO PRODUTO (ID, TIPO, NOME, VALOR, DESCRICAO) VALUES (79, 'Lavanderia', 'produto 78', 4, 156.00);

INSERT INTO PRODUTO (ID, TIPO, NOME, VALOR, DESCRICAO) VALUES (80, 'Bar', 'produto 79', 2, 121.00);

INSERT INTO PRODUTO (ID, TIPO, NOME, VALOR, DESCRICAO) VALUES (81, 'Lavanderia', 'produto 80', 9, 90.00);

INSERT INTO PRODUTO (ID, TIPO, NOME, VALOR, DESCRICAO) VALUES (82, 'Frigobar', 'produto 81', 4, 119.00);

INSERT INTO PRODUTO (ID, TIPO, NOME, VALOR, DESCRICAO) VALUES (83, 'Bar', 'produto 82', 2, 71.00);

INSERT INTO PRODUTO (ID, TIPO, NOME, VALOR, DESCRICAO) VALUES (84, 'Bar', 'produto 83', 7, 76.00);

INSERT INTO PRODUTO (ID, TIPO, NOME, VALOR, DESCRICAO) VALUES (85, 'Lavanderia', 'produto 84', 9, 193.00);

INSERT INTO PRODUTO (ID, TIPO, NOME, VALOR, DESCRICAO) VALUES (86, 'Bar', 'produto 85', 2, 198.00);

INSERT INTO PRODUTO (ID, TIPO, NOME, VALOR, DESCRICAO) VALUES (87, 'Frigobar', 'produto 86', 3, 162.00);

INSERT INTO PRODUTO (ID, TIPO, NOME, VALOR, DESCRICAO) VALUES (88, 'Bar', 'produto 87', 2, 82.00);

INSERT INTO PRODUTO (ID, TIPO, NOME, VALOR, DESCRICAO) VALUES (89, 'Frigobar', 'produto 88', 4, 134.00);

INSERT INTO PRODUTO (ID, TIPO, NOME, VALOR, DESCRICAO) VALUES (90, 'Bar', 'produto 89', 5, 83.00);

INSERT INTO PRODUTO (ID, TIPO, NOME, VALOR, DESCRICAO) VALUES (91, 'Lavanderia', 'produto 90', 3, 18.00);

INSERT INTO PRODUTO (ID, TIPO, NOME, VALOR, DESCRICAO) VALUES (92, 'Bar', 'produto 91', 10, 76.00);

INSERT INTO PRODUTO (ID, TIPO, NOME, VALOR, DESCRICAO) VALUES (93, 'Frigobar', 'produto 92', 8, 72.00);

INSERT INTO PRODUTO (ID, TIPO, NOME, VALOR, DESCRICAO) VALUES (94, 'Lavanderia', 'produto 93', 8, 112.00);

INSERT INTO PRODUTO (ID, TIPO, NOME, VALOR, DESCRICAO) VALUES (95, 'Lavanderia', 'produto 94', 5, 169.00);

INSERT INTO PRODUTO (ID, TIPO, NOME, VALOR, DESCRICAO) VALUES (96, 'Lavanderia', 'produto 95', 7, 103.00);

INSERT INTO PRODUTO (ID, TIPO, NOME, VALOR, DESCRICAO) VALUES (97, 'Lavanderia', 'produto 96', 4, 168.00);

INSERT INTO PRODUTO (ID, TIPO, NOME, VALOR, DESCRICAO) VALUES (98, 'Lavanderia', 'produto 97', 7, 135.00);

INSERT INTO PRODUTO (ID, TIPO, NOME, VALOR, DESCRICAO) VALUES (99, 'Lavanderia', 'produto 98', 3, 60.00);

INSERT INTO PRODUTO (ID, TIPO, NOME, VALOR, DESCRICAO) VALUES (100, 'Frigobar', 'produto 99', 5, 130.00);

-----Telefone------

INSERT INTO TELEFONE (TELEFONE, CPF_CLIENTE) VALUES ('(049) 61550-5205', '80935238893');

INSERT INTO TELEFONE (TELEFONE, CPF_CLIENTE) VALUES ('(083) 56372-4197', '56607954863');

INSERT INTO TELEFONE (TELEFONE, CPF_CLIENTE) VALUES ('(060) 39759-2628', '56607954863');

INSERT INTO TELEFONE (TELEFONE, CPF_CLIENTE) VALUES ('(034) 30667-7298', '93463500129');

INSERT INTO TELEFONE (TELEFONE, CPF_CLIENTE) VALUES ('(095) 75015-6594', '58362727907');

INSERT INTO TELEFONE (TELEFONE, CPF_CLIENTE) VALUES ('(041) 59437-4933', '20651814277');

INSERT INTO TELEFONE (TELEFONE, CPF_CLIENTE) VALUES ('(051) 29240-2113', '73976090735');

INSERT INTO TELEFONE (TELEFONE, CPF_CLIENTE) VALUES ('(052) 16468-1389', '55252785108');

INSERT INTO TELEFONE (TELEFONE, CPF_CLIENTE) VALUES ('(028) 67932-3244', '77371842205');

INSERT INTO TELEFONE (TELEFONE, CPF_CLIENTE) VALUES ('(067) 68137-5216', '32356756074');

INSERT INTO TELEFONE (TELEFONE, CPF_CLIENTE) VALUES ('(025) 79119-5204', '17064661603');

INSERT INTO TELEFONE (TELEFONE, CPF_CLIENTE) VALUES ('(071) 18405-1809', '50627566813');

INSERT INTO TELEFONE (TELEFONE, CPF_CLIENTE) VALUES ('(025) 31631-6572', '50627566813');

INSERT INTO TELEFONE (TELEFONE, CPF_CLIENTE) VALUES ('(016) 34276-7578', '14234097842');

INSERT INTO TELEFONE (TELEFONE, CPF_CLIENTE) VALUES ('(098) 50663-8902', '14234097842');

INSERT INTO TELEFONE (TELEFONE, CPF_CLIENTE) VALUES ('(097) 80471-4258', '86863902367');

INSERT INTO TELEFONE (TELEFONE, CPF_CLIENTE) VALUES ('(035) 84234-1079', '56357158691');

INSERT INTO TELEFONE (TELEFONE, CPF_CLIENTE) VALUES ('(053) 96441-9180', '54532633097');

INSERT INTO TELEFONE (TELEFONE, CPF_CLIENTE) VALUES ('(052) 12337-6046', '54532633097');

INSERT INTO TELEFONE (TELEFONE, CPF_CLIENTE) VALUES ('(063) 52787-2422', '84150580336');

INSERT INTO TELEFONE (TELEFONE, CPF_CLIENTE) VALUES ('(015) 41392-8561', '84150580336');

INSERT INTO TELEFONE (TELEFONE, CPF_CLIENTE) VALUES ('(017) 79403-2011', '16075213735');

INSERT INTO TELEFONE (TELEFONE, CPF_CLIENTE) VALUES ('(056) 11419-6568', '16075213735');

INSERT INTO TELEFONE (TELEFONE, CPF_CLIENTE) VALUES ('(014) 44654-2058', '53288729086');

INSERT INTO TELEFONE (TELEFONE, CPF_CLIENTE) VALUES ('(034) 71269-9002', '53288729086');

INSERT INTO TELEFONE (TELEFONE, CPF_CLIENTE) VALUES ('(062) 12032-6447', '35110964278');

INSERT INTO TELEFONE (TELEFONE, CPF_CLIENTE) VALUES ('(043) 66514-5486', '55684100759');

-----Equipamentos------

INSERT INTO EQUIPAMENTO (EQUIPAMENTO, NUMERO_QUARTO) VALUES ('televisão 01', '119');

INSERT INTO EQUIPAMENTO (EQUIPAMENTO, NUMERO_QUARTO) VALUES ('TV a cabo 02', '119');

INSERT INTO EQUIPAMENTO (EQUIPAMENTO, NUMERO_QUARTO) VALUES ('ar 03', '119');

INSERT INTO EQUIPAMENTO (EQUIPAMENTO, NUMERO_QUARTO) VALUES ('frigobar 01', '172');

INSERT INTO EQUIPAMENTO (EQUIPAMENTO, NUMERO_QUARTO) VALUES ('TV a cabo 01', '299');

INSERT INTO EQUIPAMENTO (EQUIPAMENTO, NUMERO_QUARTO) VALUES ('frigobar 02', '299');

INSERT INTO EQUIPAMENTO (EQUIPAMENTO, NUMERO_QUARTO) VALUES ('televisão 03', '299');

INSERT INTO EQUIPAMENTO (EQUIPAMENTO, NUMERO_QUARTO) VALUES ('ar 04', '299');

INSERT INTO EQUIPAMENTO (EQUIPAMENTO, NUMERO_QUARTO) VALUES ('televisão 01', '299');

INSERT INTO EQUIPAMENTO (EQUIPAMENTO, NUMERO_QUARTO) VALUES ('ar 01', '127');

INSERT INTO EQUIPAMENTO (EQUIPAMENTO, NUMERO_QUARTO) VALUES ('TV a cabo 02', '127');

INSERT INTO EQUIPAMENTO (EQUIPAMENTO, NUMERO_QUARTO) VALUES ('televisão 03', '127');

INSERT INTO EQUIPAMENTO (EQUIPAMENTO, NUMERO_QUARTO) VALUES ('ar 04', '127');

INSERT INTO EQUIPAMENTO (EQUIPAMENTO, NUMERO_QUARTO) VALUES ('frigobar 05', '127');

INSERT INTO EQUIPAMENTO (EQUIPAMENTO, NUMERO_QUARTO) VALUES ('ar 01', '231');

INSERT INTO EQUIPAMENTO (EQUIPAMENTO, NUMERO_QUARTO) VALUES ('televisão 02', '231');

INSERT INTO EQUIPAMENTO (EQUIPAMENTO, NUMERO_QUARTO) VALUES ('televisão 03', '231');

INSERT INTO EQUIPAMENTO (EQUIPAMENTO, NUMERO_QUARTO) VALUES ('ar 04', '231');

INSERT INTO EQUIPAMENTO (EQUIPAMENTO, NUMERO_QUARTO) VALUES ('ar 01', '268');

INSERT INTO EQUIPAMENTO (EQUIPAMENTO, NUMERO_QUARTO) VALUES ('ar 01', '106');

INSERT INTO EQUIPAMENTO (EQUIPAMENTO, NUMERO_QUARTO) VALUES ('frigobar 02', '106');

INSERT INTO EQUIPAMENTO (EQUIPAMENTO, NUMERO_QUARTO) VALUES ('frigobar 03', '106');

INSERT INTO EQUIPAMENTO (EQUIPAMENTO, NUMERO_QUARTO) VALUES ('televisão 01', '223');

INSERT INTO EQUIPAMENTO (EQUIPAMENTO, NUMERO_QUARTO) VALUES ('frigobar 02', '223');

INSERT INTO EQUIPAMENTO (EQUIPAMENTO, NUMERO_QUARTO) VALUES ('televisão 03', '223');

INSERT INTO EQUIPAMENTO (EQUIPAMENTO, NUMERO_QUARTO) VALUES ('ar 04', '223');

INSERT INTO EQUIPAMENTO (EQUIPAMENTO, NUMERO_QUARTO) VALUES ('frigobar 01', '191');

INSERT INTO EQUIPAMENTO (EQUIPAMENTO, NUMERO_QUARTO) VALUES ('ar 02', '191');

INSERT INTO EQUIPAMENTO (EQUIPAMENTO, NUMERO_QUARTO) VALUES ('frigobar 03', '191');

INSERT INTO EQUIPAMENTO (EQUIPAMENTO, NUMERO_QUARTO) VALUES ('ar 04', '191');

INSERT INTO EQUIPAMENTO (EQUIPAMENTO, NUMERO_QUARTO) VALUES ('ar 01', '242');

INSERT INTO EQUIPAMENTO (EQUIPAMENTO, NUMERO_QUARTO) VALUES ('frigobar 02', '242');

INSERT INTO EQUIPAMENTO (EQUIPAMENTO, NUMERO_QUARTO) VALUES ('frigobar 03', '242');

INSERT INTO EQUIPAMENTO (EQUIPAMENTO, NUMERO_QUARTO) VALUES ('TV a cabo 04', '242');

INSERT INTO EQUIPAMENTO (EQUIPAMENTO, NUMERO_QUARTO) VALUES ('televisão 01', '254');

INSERT INTO EQUIPAMENTO (EQUIPAMENTO, NUMERO_QUARTO) VALUES ('frigobar 02', '254');

INSERT INTO EQUIPAMENTO (EQUIPAMENTO, NUMERO_QUARTO) VALUES ('TV a cabo 01', '207');

INSERT INTO EQUIPAMENTO (EQUIPAMENTO, NUMERO_QUARTO) VALUES ('frigobar 02', '207');

INSERT INTO EQUIPAMENTO (EQUIPAMENTO, NUMERO_QUARTO) VALUES ('televisão 03', '207');

INSERT INTO EQUIPAMENTO (EQUIPAMENTO, NUMERO_QUARTO) VALUES ('frigobar 01', '165');

INSERT INTO EQUIPAMENTO (EQUIPAMENTO, NUMERO_QUARTO) VALUES ('ar 02', '165');

INSERT INTO EQUIPAMENTO (EQUIPAMENTO, NUMERO_QUARTO) VALUES ('frigobar 03', '165');

INSERT INTO EQUIPAMENTO (EQUIPAMENTO, NUMERO_QUARTO) VALUES ('frigobar 04', '165');

INSERT INTO EQUIPAMENTO (EQUIPAMENTO, NUMERO_QUARTO) VALUES ('ar 01', '177');

INSERT INTO EQUIPAMENTO (EQUIPAMENTO, NUMERO_QUARTO) VALUES ('televisão 02', '177');

INSERT INTO EQUIPAMENTO (EQUIPAMENTO, NUMERO_QUARTO) VALUES ('televisão 03', '177');

INSERT INTO EQUIPAMENTO (EQUIPAMENTO, NUMERO_QUARTO) VALUES ('televisão 01', '200');

INSERT INTO EQUIPAMENTO (EQUIPAMENTO, NUMERO_QUARTO) VALUES ('TV a cabo 02', '200');

INSERT INTO EQUIPAMENTO (EQUIPAMENTO, NUMERO_QUARTO) VALUES ('televisão 01', '244');

INSERT INTO EQUIPAMENTO (EQUIPAMENTO, NUMERO_QUARTO) VALUES ('televisão 02', '244');

INSERT INTO EQUIPAMENTO (EQUIPAMENTO, NUMERO_QUARTO) VALUES ('frigobar 01', '243');

INSERT INTO EQUIPAMENTO (EQUIPAMENTO, NUMERO_QUARTO) VALUES ('TV a cabo 02', '243');

INSERT INTO EQUIPAMENTO (EQUIPAMENTO, NUMERO_QUARTO) VALUES ('televisão 01', '181');

INSERT INTO EQUIPAMENTO (EQUIPAMENTO, NUMERO_QUARTO) VALUES ('televisão 02', '181');

INSERT INTO EQUIPAMENTO (EQUIPAMENTO, NUMERO_QUARTO) VALUES ('televisão 01', '224');

INSERT INTO EQUIPAMENTO (EQUIPAMENTO, NUMERO_QUARTO) VALUES ('televisão 02', '224');

INSERT INTO EQUIPAMENTO (EQUIPAMENTO, NUMERO_QUARTO) VALUES ('frigobar 01', '299');

INSERT INTO EQUIPAMENTO (EQUIPAMENTO, NUMERO_QUARTO) VALUES ('televisão 01', '255');

INSERT INTO EQUIPAMENTO (EQUIPAMENTO, NUMERO_QUARTO) VALUES ('ar 02', '255');

INSERT INTO EQUIPAMENTO (EQUIPAMENTO, NUMERO_QUARTO) VALUES ('TV a cabo 01', '210');

INSERT INTO EQUIPAMENTO (EQUIPAMENTO, NUMERO_QUARTO) VALUES ('frigobar 02', '210');

INSERT INTO EQUIPAMENTO (EQUIPAMENTO, NUMERO_QUARTO) VALUES ('ar 01', '129');

INSERT INTO EQUIPAMENTO (EQUIPAMENTO, NUMERO_QUARTO) VALUES ('frigobar 01', '186');

INSERT INTO EQUIPAMENTO (EQUIPAMENTO, NUMERO_QUARTO) VALUES ('TV a cabo 02', '186');

INSERT INTO EQUIPAMENTO (EQUIPAMENTO, NUMERO_QUARTO) VALUES ('televisão 03', '186');

INSERT INTO EQUIPAMENTO (EQUIPAMENTO, NUMERO_QUARTO) VALUES ('frigobar 01', '284');

INSERT INTO EQUIPAMENTO (EQUIPAMENTO, NUMERO_QUARTO) VALUES ('TV a cabo 02', '284');

INSERT INTO EQUIPAMENTO (EQUIPAMENTO, NUMERO_QUARTO) VALUES ('ar 01', '129');

INSERT INTO EQUIPAMENTO (EQUIPAMENTO, NUMERO_QUARTO) VALUES ('ar 02', '129');

INSERT INTO EQUIPAMENTO (EQUIPAMENTO, NUMERO_QUARTO) VALUES ('televisão 03', '129');

INSERT INTO EQUIPAMENTO (EQUIPAMENTO, NUMERO_QUARTO) VALUES ('frigobar 01', '285');

INSERT INTO EQUIPAMENTO (EQUIPAMENTO, NUMERO_QUARTO) VALUES ('frigobar 02', '285');

INSERT INTO EQUIPAMENTO (EQUIPAMENTO, NUMERO_QUARTO) VALUES ('televisão 03', '285');

INSERT INTO EQUIPAMENTO (EQUIPAMENTO, NUMERO_QUARTO) VALUES ('ar 04', '285');

INSERT INTO EQUIPAMENTO (EQUIPAMENTO, NUMERO_QUARTO) VALUES ('TV a cabo 01', '289');

INSERT INTO EQUIPAMENTO (EQUIPAMENTO, NUMERO_QUARTO) VALUES ('TV a cabo 01', '285');

INSERT INTO EQUIPAMENTO (EQUIPAMENTO, NUMERO_QUARTO) VALUES ('ar 02', '285');

INSERT INTO EQUIPAMENTO (EQUIPAMENTO, NUMERO_QUARTO) VALUES ('frigobar 03', '285');

-----Hospeda------

INSERT INTO HOSPEDA (ID_HOSPEDAGEM, DIA_CHECK_IN, DIA_CHECK_OUT, CPF_CLIENTE, NUMERO_QUARTO) VALUES (1, TO_DATE('05/07/2011','DD/MM/YYYY'), TO_DATE('06/07/2011','DD/MM/YYYY'), '80935238893', '242');

INSERT INTO HOSPEDA (ID_HOSPEDAGEM, DIA_CHECK_IN, DIA_CHECK_OUT, CPF_CLIENTE, NUMERO_QUARTO) VALUES (2, TO_DATE('02/01/2017','DD/MM/YYYY'), TO_DATE('03/01/2017','DD/MM/YYYY'), '56607954863', '285');

INSERT INTO HOSPEDA (ID_HOSPEDAGEM, DIA_CHECK_IN, DIA_CHECK_OUT, CPF_CLIENTE, NUMERO_QUARTO) VALUES (3, TO_DATE('02/07/2016','DD/MM/YYYY'), TO_DATE('06/07/2016','DD/MM/YYYY'), '56607954863', '284');

INSERT INTO HOSPEDA (ID_HOSPEDAGEM, DIA_CHECK_IN, DIA_CHECK_OUT, CPF_CLIENTE, NUMERO_QUARTO) VALUES (4, TO_DATE('03/01/2012','DD/MM/YYYY'), TO_DATE('05/01/2012','DD/MM/YYYY'), '93463500129', '165');

INSERT INTO HOSPEDA (ID_HOSPEDAGEM, DIA_CHECK_IN, DIA_CHECK_OUT, CPF_CLIENTE, NUMERO_QUARTO) VALUES (5, TO_DATE('01/02/2019','DD/MM/YYYY'), TO_DATE('05/02/2019','DD/MM/YYYY'), '58362727907', '191');

INSERT INTO HOSPEDA (ID_HOSPEDAGEM, DIA_CHECK_IN, DIA_CHECK_OUT, CPF_CLIENTE, NUMERO_QUARTO) VALUES (6, TO_DATE('02/05/2019','DD/MM/YYYY'), TO_DATE('03/05/2019','DD/MM/YYYY'), '20651814277', '285');

INSERT INTO HOSPEDA (ID_HOSPEDAGEM, DIA_CHECK_IN, DIA_CHECK_OUT, CPF_CLIENTE, NUMERO_QUARTO) VALUES (7, TO_DATE('03/05/2019','DD/MM/YYYY'), TO_DATE('04/05/2019','DD/MM/YYYY'), '73976090735', '223');

INSERT INTO HOSPEDA (ID_HOSPEDAGEM, DIA_CHECK_IN, DIA_CHECK_OUT, CPF_CLIENTE, NUMERO_QUARTO) VALUES (8, TO_DATE('03/07/2012','DD/MM/YYYY'), TO_DATE('07/07/2012','DD/MM/YYYY'), '55252785108', '207');

INSERT INTO HOSPEDA (ID_HOSPEDAGEM, DIA_CHECK_IN, DIA_CHECK_OUT, CPF_CLIENTE, NUMERO_QUARTO) VALUES (9, TO_DATE('05/03/2018','DD/MM/YYYY'), TO_DATE('08/03/2018','DD/MM/YYYY'), '77371842205', '289');

INSERT INTO HOSPEDA (ID_HOSPEDAGEM, DIA_CHECK_IN, DIA_CHECK_OUT, CPF_CLIENTE, NUMERO_QUARTO) VALUES (10, TO_DATE('01/04/2011','DD/MM/YYYY'), TO_DATE('05/04/2011','DD/MM/YYYY'), '77371842205', '244');

INSERT INTO HOSPEDA (ID_HOSPEDAGEM, DIA_CHECK_IN, DIA_CHECK_OUT, CPF_CLIENTE, NUMERO_QUARTO) VALUES (11, TO_DATE('05/07/2016','DD/MM/YYYY'), TO_DATE('09/07/2016','DD/MM/YYYY'), '32356756074', '285');

INSERT INTO HOSPEDA (ID_HOSPEDAGEM, DIA_CHECK_IN, DIA_CHECK_OUT, CPF_CLIENTE, NUMERO_QUARTO) VALUES (12, TO_DATE('01/01/2019','DD/MM/YYYY'), TO_DATE('02/01/2019','DD/MM/YYYY'), '17064661603', '172');

INSERT INTO HOSPEDA (ID_HOSPEDAGEM, DIA_CHECK_IN, DIA_CHECK_OUT, CPF_CLIENTE, NUMERO_QUARTO) VALUES (13, TO_DATE('02/01/2017','DD/MM/YYYY'), TO_DATE('05/01/2017','DD/MM/YYYY'), '50627566813', '299');

INSERT INTO HOSPEDA (ID_HOSPEDAGEM, DIA_CHECK_IN, DIA_CHECK_OUT, CPF_CLIENTE, NUMERO_QUARTO) VALUES (14, TO_DATE('02/04/2019','DD/MM/YYYY'), TO_DATE('03/04/2019','DD/MM/YYYY'), '14234097842', '285');

INSERT INTO HOSPEDA (ID_HOSPEDAGEM, DIA_CHECK_IN, DIA_CHECK_OUT, CPF_CLIENTE, NUMERO_QUARTO) VALUES (15, TO_DATE('04/02/2011','DD/MM/YYYY'), TO_DATE('05/02/2011','DD/MM/YYYY'), '86863902367', '284');

INSERT INTO HOSPEDA (ID_HOSPEDAGEM, DIA_CHECK_IN, DIA_CHECK_OUT, CPF_CLIENTE, NUMERO_QUARTO) VALUES (16, TO_DATE('02/09/2014','DD/MM/YYYY'), TO_DATE('05/09/2014','DD/MM/YYYY'), '86863902367', '223');

INSERT INTO HOSPEDA (ID_HOSPEDAGEM, DIA_CHECK_IN, DIA_CHECK_OUT, CPF_CLIENTE, NUMERO_QUARTO) VALUES (17, TO_DATE('02/01/2015','DD/MM/YYYY'), TO_DATE('04/01/2015','DD/MM/YYYY'), '56357158691', '106');

INSERT INTO HOSPEDA (ID_HOSPEDAGEM, DIA_CHECK_IN, DIA_CHECK_OUT, CPF_CLIENTE, NUMERO_QUARTO) VALUES (18, TO_DATE('01/03/2013','DD/MM/YYYY'), TO_DATE('02/03/2013','DD/MM/YYYY'), '56357158691', '207');

INSERT INTO HOSPEDA (ID_HOSPEDAGEM, DIA_CHECK_IN, DIA_CHECK_OUT, CPF_CLIENTE, NUMERO_QUARTO) VALUES (19, TO_DATE('04/01/2017','DD/MM/YYYY'), TO_DATE('06/01/2017','DD/MM/YYYY'), '54532633097', '186');

INSERT INTO HOSPEDA (ID_HOSPEDAGEM, DIA_CHECK_IN, DIA_CHECK_OUT, CPF_CLIENTE, NUMERO_QUARTO) VALUES (20, TO_DATE('03/07/2010','DD/MM/YYYY'), TO_DATE('06/07/2010','DD/MM/YYYY'), '54532633097', '165');

INSERT INTO HOSPEDA (ID_HOSPEDAGEM, DIA_CHECK_IN, DIA_CHECK_OUT, CPF_CLIENTE, NUMERO_QUARTO) VALUES (21, TO_DATE('03/01/2013','DD/MM/YYYY'), TO_DATE('06/01/2013','DD/MM/YYYY'), '84150580336', '106');

INSERT INTO HOSPEDA (ID_HOSPEDAGEM, DIA_CHECK_IN, DIA_CHECK_OUT, CPF_CLIENTE, NUMERO_QUARTO) VALUES (22, TO_DATE('02/01/2018','DD/MM/YYYY'), TO_DATE('03/01/2018','DD/MM/YYYY'), '84150580336', '299');

INSERT INTO HOSPEDA (ID_HOSPEDAGEM, DIA_CHECK_IN, DIA_CHECK_OUT, CPF_CLIENTE, NUMERO_QUARTO) VALUES (23, TO_DATE('01/09/2017','DD/MM/YYYY'), TO_DATE('03/09/2017','DD/MM/YYYY'), '16075213735', '285');

INSERT INTO HOSPEDA (ID_HOSPEDAGEM, DIA_CHECK_IN, DIA_CHECK_OUT, CPF_CLIENTE, NUMERO_QUARTO) VALUES (24, TO_DATE('02/01/2015','DD/MM/YYYY'), TO_DATE('03/01/2015','DD/MM/YYYY'), '53288729086', '285');

INSERT INTO HOSPEDA (ID_HOSPEDAGEM, DIA_CHECK_IN, DIA_CHECK_OUT, CPF_CLIENTE, NUMERO_QUARTO) VALUES (25, TO_DATE('04/06/2016','DD/MM/YYYY'), TO_DATE('06/06/2016','DD/MM/YYYY'), '35110964278', '223');

INSERT INTO HOSPEDA (ID_HOSPEDAGEM, DIA_CHECK_IN, DIA_CHECK_OUT, CPF_CLIENTE, NUMERO_QUARTO) VALUES (26, TO_DATE('05/06/2010','DD/MM/YYYY'), TO_DATE('09/06/2010','DD/MM/YYYY'), '35110964278', '127');

INSERT INTO HOSPEDA (ID_HOSPEDAGEM, DIA_CHECK_IN, DIA_CHECK_OUT, CPF_CLIENTE, NUMERO_QUARTO) VALUES (27, TO_DATE('05/08/2011','DD/MM/YYYY'), TO_DATE('07/08/2011','DD/MM/YYYY'), '55684100759', '243');

-----Reserva------

INSERT INTO RESERVA (ID_RESERVA, CPF_CLIENTE, NUMERO_QUARTO, DIA_CHECK_IN, DIA_CHECK_OUT) VALUES (1, '80935238893', '119', TO_DATE('05/09/2019','DD/MM/YYYY'), TO_DATE('09/09/2019','DD/MM/YYYY'));

INSERT INTO RESERVA (ID_RESERVA, CPF_CLIENTE, NUMERO_QUARTO, DIA_CHECK_IN, DIA_CHECK_OUT) VALUES (2, '80935238893', '255', TO_DATE('05/04/2011','DD/MM/YYYY'), TO_DATE('07/04/2011','DD/MM/YYYY'));

INSERT INTO RESERVA (ID_RESERVA, CPF_CLIENTE, NUMERO_QUARTO, DIA_CHECK_IN, DIA_CHECK_OUT) VALUES (3, '80935238893', '242', TO_DATE('05/02/2012','DD/MM/YYYY'), TO_DATE('06/02/2012','DD/MM/YYYY'));

INSERT INTO RESERVA (ID_RESERVA, CPF_CLIENTE, NUMERO_QUARTO, DIA_CHECK_IN, DIA_CHECK_OUT) VALUES (4, '56607954863', '191', TO_DATE('03/06/2015','DD/MM/YYYY'), TO_DATE('07/06/2015','DD/MM/YYYY'));

INSERT INTO RESERVA (ID_RESERVA, CPF_CLIENTE, NUMERO_QUARTO, DIA_CHECK_IN, DIA_CHECK_OUT) VALUES (5, '93463500129', '223', TO_DATE('03/07/2016','DD/MM/YYYY'), TO_DATE('06/07/2016','DD/MM/YYYY'));

INSERT INTO RESERVA (ID_RESERVA, CPF_CLIENTE, NUMERO_QUARTO, DIA_CHECK_IN, DIA_CHECK_OUT) VALUES (6, '58362727907', '254', TO_DATE('02/08/2012','DD/MM/YYYY'), TO_DATE('03/08/2012','DD/MM/YYYY'));

INSERT INTO RESERVA (ID_RESERVA, CPF_CLIENTE, NUMERO_QUARTO, DIA_CHECK_IN, DIA_CHECK_OUT) VALUES (7, '58362727907', '223', TO_DATE('02/07/2012','DD/MM/YYYY'), TO_DATE('03/07/2012','DD/MM/YYYY'));

INSERT INTO RESERVA (ID_RESERVA, CPF_CLIENTE, NUMERO_QUARTO, DIA_CHECK_IN, DIA_CHECK_OUT) VALUES (8, '20651814277', '231', TO_DATE('02/02/2012','DD/MM/YYYY'), TO_DATE('05/02/2012','DD/MM/YYYY'));

INSERT INTO RESERVA (ID_RESERVA, CPF_CLIENTE, NUMERO_QUARTO, DIA_CHECK_IN, DIA_CHECK_OUT) VALUES (9, '73976090735', '231', TO_DATE('03/04/2019','DD/MM/YYYY'), TO_DATE('06/04/2019','DD/MM/YYYY'));

INSERT INTO RESERVA (ID_RESERVA, CPF_CLIENTE, NUMERO_QUARTO, DIA_CHECK_IN, DIA_CHECK_OUT) VALUES (10, '55252785108', '285', TO_DATE('05/01/2019','DD/MM/YYYY'), TO_DATE('09/01/2019','DD/MM/YYYY'));

INSERT INTO RESERVA (ID_RESERVA, CPF_CLIENTE, NUMERO_QUARTO, DIA_CHECK_IN, DIA_CHECK_OUT) VALUES (11, '55252785108', '285', TO_DATE('02/01/2010','DD/MM/YYYY'), TO_DATE('03/01/2010','DD/MM/YYYY'));

INSERT INTO RESERVA (ID_RESERVA, CPF_CLIENTE, NUMERO_QUARTO, DIA_CHECK_IN, DIA_CHECK_OUT) VALUES (12, '55252785108', '207', TO_DATE('05/04/2013','DD/MM/YYYY'), TO_DATE('06/04/2013','DD/MM/YYYY'));

INSERT INTO RESERVA (ID_RESERVA, CPF_CLIENTE, NUMERO_QUARTO, DIA_CHECK_IN, DIA_CHECK_OUT) VALUES (13, '77371842205', '299', TO_DATE('04/06/2017','DD/MM/YYYY'), TO_DATE('05/06/2017','DD/MM/YYYY'));

INSERT INTO RESERVA (ID_RESERVA, CPF_CLIENTE, NUMERO_QUARTO, DIA_CHECK_IN, DIA_CHECK_OUT) VALUES (14, '32356756074', '268', TO_DATE('01/06/2017','DD/MM/YYYY'), TO_DATE('02/06/2017','DD/MM/YYYY'));

INSERT INTO RESERVA (ID_RESERVA, CPF_CLIENTE, NUMERO_QUARTO, DIA_CHECK_IN, DIA_CHECK_OUT) VALUES (15, '17064661603', '244', TO_DATE('01/06/2010','DD/MM/YYYY'), TO_DATE('02/06/2010','DD/MM/YYYY'));

INSERT INTO RESERVA (ID_RESERVA, CPF_CLIENTE, NUMERO_QUARTO, DIA_CHECK_IN, DIA_CHECK_OUT) VALUES (16, '50627566813', '129', TO_DATE('02/03/2011','DD/MM/YYYY'), TO_DATE('03/03/2011','DD/MM/YYYY'));

INSERT INTO RESERVA (ID_RESERVA, CPF_CLIENTE, NUMERO_QUARTO, DIA_CHECK_IN, DIA_CHECK_OUT) VALUES (17, '50627566813', '242', TO_DATE('02/02/2013','DD/MM/YYYY'), TO_DATE('04/02/2013','DD/MM/YYYY'));

INSERT INTO RESERVA (ID_RESERVA, CPF_CLIENTE, NUMERO_QUARTO, DIA_CHECK_IN, DIA_CHECK_OUT) VALUES (18, '50627566813', '244', TO_DATE('03/06/2012','DD/MM/YYYY'), TO_DATE('07/06/2012','DD/MM/YYYY'));

INSERT INTO RESERVA (ID_RESERVA, CPF_CLIENTE, NUMERO_QUARTO, DIA_CHECK_IN, DIA_CHECK_OUT) VALUES (19, '14234097842', '210', TO_DATE('03/05/2016','DD/MM/YYYY'), TO_DATE('04/05/2016','DD/MM/YYYY'));

INSERT INTO RESERVA (ID_RESERVA, CPF_CLIENTE, NUMERO_QUARTO, DIA_CHECK_IN, DIA_CHECK_OUT) VALUES (20, '14234097842', '165', TO_DATE('01/08/2019','DD/MM/YYYY'), TO_DATE('02/08/2019','DD/MM/YYYY'));

INSERT INTO RESERVA (ID_RESERVA, CPF_CLIENTE, NUMERO_QUARTO, DIA_CHECK_IN, DIA_CHECK_OUT) VALUES (21, '86863902367', '224', TO_DATE('03/08/2017','DD/MM/YYYY'), TO_DATE('07/08/2017','DD/MM/YYYY'));

INSERT INTO RESERVA (ID_RESERVA, CPF_CLIENTE, NUMERO_QUARTO, DIA_CHECK_IN, DIA_CHECK_OUT) VALUES (22, '86863902367', '210', TO_DATE('04/07/2016','DD/MM/YYYY'), TO_DATE('08/07/2016','DD/MM/YYYY'));

INSERT INTO RESERVA (ID_RESERVA, CPF_CLIENTE, NUMERO_QUARTO, DIA_CHECK_IN, DIA_CHECK_OUT) VALUES (23, '86863902367', '268', TO_DATE('03/05/2011','DD/MM/YYYY'), TO_DATE('07/05/2011','DD/MM/YYYY'));

INSERT INTO RESERVA (ID_RESERVA, CPF_CLIENTE, NUMERO_QUARTO, DIA_CHECK_IN, DIA_CHECK_OUT) VALUES (24, '56357158691', '268', TO_DATE('02/03/2010','DD/MM/YYYY'), TO_DATE('03/03/2010','DD/MM/YYYY'));

INSERT INTO RESERVA (ID_RESERVA, CPF_CLIENTE, NUMERO_QUARTO, DIA_CHECK_IN, DIA_CHECK_OUT) VALUES (25, '56357158691', '210', TO_DATE('01/03/2012','DD/MM/YYYY'), TO_DATE('05/03/2012','DD/MM/YYYY'));

INSERT INTO RESERVA (ID_RESERVA, CPF_CLIENTE, NUMERO_QUARTO, DIA_CHECK_IN, DIA_CHECK_OUT) VALUES (26, '54532633097', '186', TO_DATE('02/08/2011','DD/MM/YYYY'), TO_DATE('06/08/2011','DD/MM/YYYY'));

INSERT INTO RESERVA (ID_RESERVA, CPF_CLIENTE, NUMERO_QUARTO, DIA_CHECK_IN, DIA_CHECK_OUT) VALUES (27, '84150580336', '172', TO_DATE('01/09/2016','DD/MM/YYYY'), TO_DATE('02/09/2016','DD/MM/YYYY'));

INSERT INTO RESERVA (ID_RESERVA, CPF_CLIENTE, NUMERO_QUARTO, DIA_CHECK_IN, DIA_CHECK_OUT) VALUES (28, '84150580336', '289', TO_DATE('01/06/2011','DD/MM/YYYY'), TO_DATE('02/06/2011','DD/MM/YYYY'));

INSERT INTO RESERVA (ID_RESERVA, CPF_CLIENTE, NUMERO_QUARTO, DIA_CHECK_IN, DIA_CHECK_OUT) VALUES (29, '84150580336', '172', TO_DATE('04/01/2016','DD/MM/YYYY'), TO_DATE('05/01/2016','DD/MM/YYYY'));

INSERT INTO RESERVA (ID_RESERVA, CPF_CLIENTE, NUMERO_QUARTO, DIA_CHECK_IN, DIA_CHECK_OUT) VALUES (30, '16075213735', '285', TO_DATE('02/04/2012','DD/MM/YYYY'), TO_DATE('05/04/2012','DD/MM/YYYY'));

INSERT INTO RESERVA (ID_RESERVA, CPF_CLIENTE, NUMERO_QUARTO, DIA_CHECK_IN, DIA_CHECK_OUT) VALUES (31, '16075213735', '186', TO_DATE('05/07/2016','DD/MM/YYYY'), TO_DATE('07/07/2016','DD/MM/YYYY'));

INSERT INTO RESERVA (ID_RESERVA, CPF_CLIENTE, NUMERO_QUARTO, DIA_CHECK_IN, DIA_CHECK_OUT) VALUES (32, '53288729086', '119', TO_DATE('04/02/2011','DD/MM/YYYY'), TO_DATE('08/02/2011','DD/MM/YYYY'));

INSERT INTO RESERVA (ID_RESERVA, CPF_CLIENTE, NUMERO_QUARTO, DIA_CHECK_IN, DIA_CHECK_OUT) VALUES (33, '53288729086', '127', TO_DATE('02/09/2010','DD/MM/YYYY'), TO_DATE('03/09/2010','DD/MM/YYYY'));

INSERT INTO RESERVA (ID_RESERVA, CPF_CLIENTE, NUMERO_QUARTO, DIA_CHECK_IN, DIA_CHECK_OUT) VALUES (34, '53288729086', '268', TO_DATE('05/03/2019','DD/MM/YYYY'), TO_DATE('08/03/2019','DD/MM/YYYY'));

INSERT INTO RESERVA (ID_RESERVA, CPF_CLIENTE, NUMERO_QUARTO, DIA_CHECK_IN, DIA_CHECK_OUT) VALUES (35, '35110964278', '285', TO_DATE('03/04/2015','DD/MM/YYYY'), TO_DATE('06/04/2015','DD/MM/YYYY'));

INSERT INTO RESERVA (ID_RESERVA, CPF_CLIENTE, NUMERO_QUARTO, DIA_CHECK_IN, DIA_CHECK_OUT) VALUES (36, '55684100759', '299', TO_DATE('03/07/2013','DD/MM/YYYY'), TO_DATE('07/07/2013','DD/MM/YYYY'));

INSERT INTO RESERVA (ID_RESERVA, CPF_CLIENTE, NUMERO_QUARTO, DIA_CHECK_IN, DIA_CHECK_OUT) VALUES (37, '55684100759', '289', TO_DATE('01/05/2012','DD/MM/YYYY'), TO_DATE('03/05/2012','DD/MM/YYYY'));

