-----Clientes-----

INSERT INTO CLIENTE (CPF, EMAIL, NOME, ENDERECO, SEXO, DATA_NASC) VALUES ('193.940.269-78','cliente 00', 'cliente00@gmail.com', 'Rua 1434', 'feminino', TO_DATE('02/03/1923','DD/MM/YYYY'));

INSERT INTO CLIENTE (CPF, EMAIL, NOME, ENDERECO, SEXO, DATA_NASC) VALUES ('159.574.694-60','cliente 01', 'cliente01@gmail.com', 'Rua 1597', 'masculino', TO_DATE('06/01/2016','DD/MM/YYYY'));

INSERT INTO CLIENTE (CPF, EMAIL, NOME, ENDERECO, SEXO, DATA_NASC) VALUES ('356.276.680-82','cliente 02', 'cliente02@gmail.com', 'Rua 1040', 'feminino', TO_DATE('03/07/1943','DD/MM/YYYY'));

INSERT INTO CLIENTE (CPF, EMAIL, NOME, ENDERECO, SEXO, DATA_NASC) VALUES ('366.102.682-60','cliente 03', 'cliente03@gmail.com', 'Rua 1526', 'masculino', TO_DATE('02/08/1973','DD/MM/YYYY'));

INSERT INTO CLIENTE (CPF, EMAIL, NOME, ENDERECO, SEXO, DATA_NASC) VALUES ('965.156.230-25','cliente 04', 'cliente04@gmail.com', 'Rua 1609', 'feminino', TO_DATE('04/09/2010','DD/MM/YYYY'));

INSERT INTO CLIENTE (CPF, EMAIL, NOME, ENDERECO, SEXO, DATA_NASC) VALUES ('322.737.917-54','cliente 05', 'cliente05@gmail.com', 'Rua 1201', 'masculino', TO_DATE('07/03/1950','DD/MM/YYYY'));

INSERT INTO CLIENTE (CPF, EMAIL, NOME, ENDERECO, SEXO, DATA_NASC) VALUES ('187.251.201-21','cliente 06', 'cliente06@gmail.com', 'Rua 1483', 'feminino', TO_DATE('02/08/1973','DD/MM/YYYY'));

INSERT INTO CLIENTE (CPF, EMAIL, NOME, ENDERECO, SEXO, DATA_NASC) VALUES ('113.743.292-95','cliente 07', 'cliente07@gmail.com', 'Rua 1770', 'masculino', TO_DATE('09/05/1946','DD/MM/YYYY'));

INSERT INTO CLIENTE (CPF, EMAIL, NOME, ENDERECO, SEXO, DATA_NASC) VALUES ('832.837.589-92','cliente 08', 'cliente08@gmail.com', 'Rua 1038', 'feminino', TO_DATE('09/04/1933','DD/MM/YYYY'));

INSERT INTO CLIENTE (CPF, EMAIL, NOME, ENDERECO, SEXO, DATA_NASC) VALUES ('135.160.265-67','cliente 09', 'cliente09@gmail.com', 'Rua 1366', 'masculino', TO_DATE('01/03/1949','DD/MM/YYYY'));

INSERT INTO CLIENTE (CPF, EMAIL, NOME, ENDERECO, SEXO, DATA_NASC) VALUES ('626.598.905-38','cliente 010', 'cliente010@gmail.com', 'Rua 1402', 'feminino', TO_DATE('06/07/1995','DD/MM/YYYY'));

INSERT INTO CLIENTE (CPF, EMAIL, NOME, ENDERECO, SEXO, DATA_NASC) VALUES ('956.853.222-63','cliente 011', 'cliente011@gmail.com', 'Rua 1188', 'masculino', TO_DATE('07/08/2004','DD/MM/YYYY'));

INSERT INTO CLIENTE (CPF, EMAIL, NOME, ENDERECO, SEXO, DATA_NASC) VALUES ('426.777.604-20','cliente 012', 'cliente012@gmail.com', 'Rua 1970', 'feminino', TO_DATE('03/01/1965','DD/MM/YYYY'));

INSERT INTO CLIENTE (CPF, EMAIL, NOME, ENDERECO, SEXO, DATA_NASC) VALUES ('517.475.209-98','cliente 013', 'cliente013@gmail.com', 'Rua 1913', 'masculino', TO_DATE('05/06/1931','DD/MM/YYYY'));

INSERT INTO CLIENTE (CPF, EMAIL, NOME, ENDERECO, SEXO, DATA_NASC) VALUES ('108.725.764-76','cliente 014', 'cliente014@gmail.com', 'Rua 1725', 'feminino', TO_DATE('01/08/1921','DD/MM/YYYY'));

INSERT INTO CLIENTE (CPF, EMAIL, NOME, ENDERECO, SEXO, DATA_NASC) VALUES ('724.994.935-12','cliente 015', 'cliente015@gmail.com', 'Rua 1355', 'masculino', TO_DATE('09/01/1939','DD/MM/YYYY'));

INSERT INTO CLIENTE (CPF, EMAIL, NOME, ENDERECO, SEXO, DATA_NASC) VALUES ('431.517.484-27','cliente 016', 'cliente016@gmail.com', 'Rua 1824', 'feminino', TO_DATE('02/03/2010','DD/MM/YYYY'));

INSERT INTO CLIENTE (CPF, EMAIL, NOME, ENDERECO, SEXO, DATA_NASC) VALUES ('424.110.568-91','cliente 017', 'cliente017@gmail.com', 'Rua 1800', 'masculino', TO_DATE('05/02/1976','DD/MM/YYYY'));

INSERT INTO CLIENTE (CPF, EMAIL, NOME, ENDERECO, SEXO, DATA_NASC) VALUES ('385.222.357-30','cliente 018', 'cliente018@gmail.com', 'Rua 1356', 'feminino', TO_DATE('09/03/1923','DD/MM/YYYY'));

INSERT INTO CLIENTE (CPF, EMAIL, NOME, ENDERECO, SEXO, DATA_NASC) VALUES ('993.436.220-82','cliente 019', 'cliente019@gmail.com', 'Rua 1759', 'masculino', TO_DATE('06/01/1930','DD/MM/YYYY'));

-----Dependentes------

INSERT INTO DEPENDENTE (CPF, DATA_NASC, NOME, CPF_CLIENTE) VALUES ('915.341.373-45', TO_DATE('04/09/2003','DD/MM/YYYY'),'dependente 01', '193.940.269-78');

INSERT INTO DEPENDENTE (CPF, DATA_NASC, NOME, CPF_CLIENTE) VALUES ('453.301.139-96', TO_DATE('02/07/2003','DD/MM/YYYY'),'dependente 02', '193.940.269-78');

INSERT INTO DEPENDENTE (CPF, DATA_NASC, NOME, CPF_CLIENTE) VALUES ('481.543.978-16', TO_DATE('01/08/1957','DD/MM/YYYY'),'dependente 03', '193.940.269-78');

INSERT INTO DEPENDENTE (CPF, DATA_NASC, NOME, CPF_CLIENTE) VALUES ('502.715.563-18', TO_DATE('04/02/2004','DD/MM/YYYY'),'dependente 04', '159.574.694-60');

INSERT INTO DEPENDENTE (CPF, DATA_NASC, NOME, CPF_CLIENTE) VALUES ('747.630.926-78', TO_DATE('05/09/1993','DD/MM/YYYY'),'dependente 05', '159.574.694-60');

INSERT INTO DEPENDENTE (CPF, DATA_NASC, NOME, CPF_CLIENTE) VALUES ('502.259.105-48', TO_DATE('04/03/1965','DD/MM/YYYY'),'dependente 06', '159.574.694-60');

INSERT INTO DEPENDENTE (CPF, DATA_NASC, NOME, CPF_CLIENTE) VALUES ('492.427.325-88', TO_DATE('09/02/2002','DD/MM/YYYY'),'dependente 07', '159.574.694-60');

INSERT INTO DEPENDENTE (CPF, DATA_NASC, NOME, CPF_CLIENTE) VALUES ('677.421.454-21', TO_DATE('03/03/1929','DD/MM/YYYY'),'dependente 08', '356.276.680-82');

INSERT INTO DEPENDENTE (CPF, DATA_NASC, NOME, CPF_CLIENTE) VALUES ('452.484.992-41', TO_DATE('03/01/2011','DD/MM/YYYY'),'dependente 09', '366.102.682-60');

INSERT INTO DEPENDENTE (CPF, DATA_NASC, NOME, CPF_CLIENTE) VALUES ('584.724.958-74', TO_DATE('08/05/2014','DD/MM/YYYY'),'dependente 010', '366.102.682-60');

INSERT INTO DEPENDENTE (CPF, DATA_NASC, NOME, CPF_CLIENTE) VALUES ('704.643.133-72', TO_DATE('09/05/1983','DD/MM/YYYY'),'dependente 011', '366.102.682-60');

INSERT INTO DEPENDENTE (CPF, DATA_NASC, NOME, CPF_CLIENTE) VALUES ('401.930.499-40', TO_DATE('03/02/2011','DD/MM/YYYY'),'dependente 012', '366.102.682-60');

INSERT INTO DEPENDENTE (CPF, DATA_NASC, NOME, CPF_CLIENTE) VALUES ('284.955.916-91', TO_DATE('03/06/1921','DD/MM/YYYY'),'dependente 013', '965.156.230-25');

INSERT INTO DEPENDENTE (CPF, DATA_NASC, NOME, CPF_CLIENTE) VALUES ('332.951.246-44', TO_DATE('06/08/1938','DD/MM/YYYY'),'dependente 014', '965.156.230-25');

INSERT INTO DEPENDENTE (CPF, DATA_NASC, NOME, CPF_CLIENTE) VALUES ('699.723.900-53', TO_DATE('05/07/2014','DD/MM/YYYY'),'dependente 015', '965.156.230-25');

INSERT INTO DEPENDENTE (CPF, DATA_NASC, NOME, CPF_CLIENTE) VALUES ('668.684.629-44', TO_DATE('09/04/1979','DD/MM/YYYY'),'dependente 016', '965.156.230-25');

INSERT INTO DEPENDENTE (CPF, DATA_NASC, NOME, CPF_CLIENTE) VALUES ('879.396.807-19', TO_DATE('04/07/1944','DD/MM/YYYY'),'dependente 017', '965.156.230-25');

INSERT INTO DEPENDENTE (CPF, DATA_NASC, NOME, CPF_CLIENTE) VALUES ('150.141.372-31', TO_DATE('03/09/1970','DD/MM/YYYY'),'dependente 018', '322.737.917-54');

INSERT INTO DEPENDENTE (CPF, DATA_NASC, NOME, CPF_CLIENTE) VALUES ('711.827.832-11', TO_DATE('09/03/1936','DD/MM/YYYY'),'dependente 019', '322.737.917-54');

INSERT INTO DEPENDENTE (CPF, DATA_NASC, NOME, CPF_CLIENTE) VALUES ('435.129.766-39', TO_DATE('05/06/2010','DD/MM/YYYY'),'dependente 020', '187.251.201-21');

INSERT INTO DEPENDENTE (CPF, DATA_NASC, NOME, CPF_CLIENTE) VALUES ('586.833.727-10', TO_DATE('05/04/1980','DD/MM/YYYY'),'dependente 021', '187.251.201-21');

INSERT INTO DEPENDENTE (CPF, DATA_NASC, NOME, CPF_CLIENTE) VALUES ('247.192.989-17', TO_DATE('01/01/1967','DD/MM/YYYY'),'dependente 022', '187.251.201-21');

INSERT INTO DEPENDENTE (CPF, DATA_NASC, NOME, CPF_CLIENTE) VALUES ('366.885.956-33', TO_DATE('06/04/1965','DD/MM/YYYY'),'dependente 023', '113.743.292-95');

INSERT INTO DEPENDENTE (CPF, DATA_NASC, NOME, CPF_CLIENTE) VALUES ('466.719.145-35', TO_DATE('08/04/1971','DD/MM/YYYY'),'dependente 024', '832.837.589-92');

INSERT INTO DEPENDENTE (CPF, DATA_NASC, NOME, CPF_CLIENTE) VALUES ('259.703.937-54', TO_DATE('04/02/2012','DD/MM/YYYY'),'dependente 025', '135.160.265-67');

INSERT INTO DEPENDENTE (CPF, DATA_NASC, NOME, CPF_CLIENTE) VALUES ('790.824.824-79', TO_DATE('01/08/2019','DD/MM/YYYY'),'dependente 026', '135.160.265-67');

INSERT INTO DEPENDENTE (CPF, DATA_NASC, NOME, CPF_CLIENTE) VALUES ('409.215.867-16', TO_DATE('06/07/2016','DD/MM/YYYY'),'dependente 027', '135.160.265-67');

INSERT INTO DEPENDENTE (CPF, DATA_NASC, NOME, CPF_CLIENTE) VALUES ('870.559.870-13', TO_DATE('09/06/1959','DD/MM/YYYY'),'dependente 028', '626.598.905-38');

INSERT INTO DEPENDENTE (CPF, DATA_NASC, NOME, CPF_CLIENTE) VALUES ('876.577.659-32', TO_DATE('08/02/2014','DD/MM/YYYY'),'dependente 029', '626.598.905-38');

INSERT INTO DEPENDENTE (CPF, DATA_NASC, NOME, CPF_CLIENTE) VALUES ('466.778.902-77', TO_DATE('03/06/1945','DD/MM/YYYY'),'dependente 030', '956.853.222-63');

INSERT INTO DEPENDENTE (CPF, DATA_NASC, NOME, CPF_CLIENTE) VALUES ('872.748.452-50', TO_DATE('05/05/2014','DD/MM/YYYY'),'dependente 031', '956.853.222-63');

INSERT INTO DEPENDENTE (CPF, DATA_NASC, NOME, CPF_CLIENTE) VALUES ('117.778.210-28', TO_DATE('02/04/1939','DD/MM/YYYY'),'dependente 032', '956.853.222-63');

INSERT INTO DEPENDENTE (CPF, DATA_NASC, NOME, CPF_CLIENTE) VALUES ('831.761.387-64', TO_DATE('01/01/1973','DD/MM/YYYY'),'dependente 033', '426.777.604-20');

INSERT INTO DEPENDENTE (CPF, DATA_NASC, NOME, CPF_CLIENTE) VALUES ('722.724.516-80', TO_DATE('08/01/1976','DD/MM/YYYY'),'dependente 034', '426.777.604-20');

INSERT INTO DEPENDENTE (CPF, DATA_NASC, NOME, CPF_CLIENTE) VALUES ('881.287.710-45', TO_DATE('05/08/1932','DD/MM/YYYY'),'dependente 035', '517.475.209-98');

INSERT INTO DEPENDENTE (CPF, DATA_NASC, NOME, CPF_CLIENTE) VALUES ('313.642.266-25', TO_DATE('09/05/1936','DD/MM/YYYY'),'dependente 036', '517.475.209-98');

INSERT INTO DEPENDENTE (CPF, DATA_NASC, NOME, CPF_CLIENTE) VALUES ('398.767.828-52', TO_DATE('09/01/1931','DD/MM/YYYY'),'dependente 037', '108.725.764-76');

INSERT INTO DEPENDENTE (CPF, DATA_NASC, NOME, CPF_CLIENTE) VALUES ('647.333.159-90', TO_DATE('09/01/2017','DD/MM/YYYY'),'dependente 038', '108.725.764-76');

INSERT INTO DEPENDENTE (CPF, DATA_NASC, NOME, CPF_CLIENTE) VALUES ('212.487.377-94', TO_DATE('03/04/1936','DD/MM/YYYY'),'dependente 039', '108.725.764-76');

INSERT INTO DEPENDENTE (CPF, DATA_NASC, NOME, CPF_CLIENTE) VALUES ('760.680.847-61', TO_DATE('01/02/1912','DD/MM/YYYY'),'dependente 040', '108.725.764-76');

INSERT INTO DEPENDENTE (CPF, DATA_NASC, NOME, CPF_CLIENTE) VALUES ('115.597.963-66', TO_DATE('03/06/1983','DD/MM/YYYY'),'dependente 041', '108.725.764-76');

INSERT INTO DEPENDENTE (CPF, DATA_NASC, NOME, CPF_CLIENTE) VALUES ('338.792.285-50', TO_DATE('05/06/1928','DD/MM/YYYY'),'dependente 042', '724.994.935-12');

INSERT INTO DEPENDENTE (CPF, DATA_NASC, NOME, CPF_CLIENTE) VALUES ('916.763.142-99', TO_DATE('05/07/1993','DD/MM/YYYY'),'dependente 043', '431.517.484-27');

INSERT INTO DEPENDENTE (CPF, DATA_NASC, NOME, CPF_CLIENTE) VALUES ('382.504.690-10', TO_DATE('05/02/1936','DD/MM/YYYY'),'dependente 044', '431.517.484-27');

INSERT INTO DEPENDENTE (CPF, DATA_NASC, NOME, CPF_CLIENTE) VALUES ('333.940.131-95', TO_DATE('07/07/1966','DD/MM/YYYY'),'dependente 045', '431.517.484-27');

INSERT INTO DEPENDENTE (CPF, DATA_NASC, NOME, CPF_CLIENTE) VALUES ('447.925.630-28', TO_DATE('07/08/2009','DD/MM/YYYY'),'dependente 046', '424.110.568-91');

INSERT INTO DEPENDENTE (CPF, DATA_NASC, NOME, CPF_CLIENTE) VALUES ('927.913.314-55', TO_DATE('09/05/1972','DD/MM/YYYY'),'dependente 047', '424.110.568-91');

INSERT INTO DEPENDENTE (CPF, DATA_NASC, NOME, CPF_CLIENTE) VALUES ('918.564.348-97', TO_DATE('05/07/2018','DD/MM/YYYY'),'dependente 048', '385.222.357-30');

INSERT INTO DEPENDENTE (CPF, DATA_NASC, NOME, CPF_CLIENTE) VALUES ('717.204.174-42', TO_DATE('01/03/1999','DD/MM/YYYY'),'dependente 049', '385.222.357-30');

INSERT INTO DEPENDENTE (CPF, DATA_NASC, NOME, CPF_CLIENTE) VALUES ('431.424.463-77', TO_DATE('08/02/1911','DD/MM/YYYY'),'dependente 050', '385.222.357-30');

INSERT INTO DEPENDENTE (CPF, DATA_NASC, NOME, CPF_CLIENTE) VALUES ('896.815.823-40', TO_DATE('09/08/1959','DD/MM/YYYY'),'dependente 051', '993.436.220-82');

INSERT INTO DEPENDENTE (CPF, DATA_NASC, NOME, CPF_CLIENTE) VALUES ('734.630.500-99', TO_DATE('07/08/1993','DD/MM/YYYY'),'dependente 052', '993.436.220-82');

INSERT INTO DEPENDENTE (CPF, DATA_NASC, NOME, CPF_CLIENTE) VALUES ('265.284.419-47', TO_DATE('04/02/1925','DD/MM/YYYY'),'dependente 053', '993.436.220-82');

-----Avaliação------

INSERT INTO AVALIACAO (ID, NOTA, DATA, COMENTARIO, CPF_CLIENTE) VALUES (1, 4, TO_DATE('09/03/2019','DD/MM/YYYY'), 'Ruim','193.940.269-78');

INSERT INTO AVALIACAO (ID, NOTA, DATA, COMENTARIO, CPF_CLIENTE) VALUES (3, 8, TO_DATE('04/06/2019','DD/MM/YYYY'), 'Muito Bom','356.276.680-82');

INSERT INTO AVALIACAO (ID, NOTA, DATA, COMENTARIO, CPF_CLIENTE) VALUES (5, 3, TO_DATE('05/02/2019','DD/MM/YYYY'), 'Neutro','965.156.230-25');

INSERT INTO AVALIACAO (ID, NOTA, DATA, COMENTARIO, CPF_CLIENTE) VALUES (7, 8, TO_DATE('03/08/2019','DD/MM/YYYY'), 'Top','187.251.201-21');

INSERT INTO AVALIACAO (ID, NOTA, DATA, COMENTARIO, CPF_CLIENTE) VALUES (9, 5, TO_DATE('04/02/2019','DD/MM/YYYY'), 'Ruim','832.837.589-92');

INSERT INTO AVALIACAO (ID, NOTA, DATA, COMENTARIO, CPF_CLIENTE) VALUES (11, 5, TO_DATE('07/05/2019','DD/MM/YYYY'), 'Ok','626.598.905-38');

INSERT INTO AVALIACAO (ID, NOTA, DATA, COMENTARIO, CPF_CLIENTE) VALUES (13, 4, TO_DATE('04/07/2019','DD/MM/YYYY'), 'Péssimo','426.777.604-20');

INSERT INTO AVALIACAO (ID, NOTA, DATA, COMENTARIO, CPF_CLIENTE) VALUES (15, 6, TO_DATE('07/03/2019','DD/MM/YYYY'), 'Muito Bom','108.725.764-76');

INSERT INTO AVALIACAO (ID, NOTA, DATA, COMENTARIO, CPF_CLIENTE) VALUES (17, 5, TO_DATE('08/02/2019','DD/MM/YYYY'), 'Muito Bom','431.517.484-27');

INSERT INTO AVALIACAO (ID, NOTA, DATA, COMENTARIO, CPF_CLIENTE) VALUES (19, 5, TO_DATE('09/01/2019','DD/MM/YYYY'), 'Neutro','385.222.357-30');

-----Funcionários-----

INSERT INTO FUNCIONARIO (CPF, NOME, DATA_NASC, SALARIO, FUNCAO) VALUES ('386.467.598-40','funcionario 00', TO_DATE('03/03/1962','DD/MM/YYYY'), 1166.00,'camareiro');

INSERT INTO FUNCIONARIO (CPF, NOME, DATA_NASC, SALARIO, FUNCAO) VALUES ('850.207.435-17','funcionario 01', TO_DATE('07/02/1931','DD/MM/YYYY'), 1114.00,'técnico');

INSERT INTO FUNCIONARIO (CPF, NOME, DATA_NASC, SALARIO, FUNCAO) VALUES ('777.544.843-92','funcionario 02', TO_DATE('08/08/1916','DD/MM/YYYY'), 1093.00,'camareiro');

INSERT INTO FUNCIONARIO (CPF, NOME, DATA_NASC, SALARIO, FUNCAO) VALUES ('247.969.247-51','funcionario 03', TO_DATE('03/05/1991','DD/MM/YYYY'), 1324.00,'técnico');

INSERT INTO FUNCIONARIO (CPF, NOME, DATA_NASC, SALARIO, FUNCAO) VALUES ('809.712.710-43','funcionario 04', TO_DATE('07/04/1981','DD/MM/YYYY'), 1251.00,'camareiro');

INSERT INTO FUNCIONARIO (CPF, NOME, DATA_NASC, SALARIO, FUNCAO) VALUES ('624.579.712-91','funcionario 05', TO_DATE('08/03/1955','DD/MM/YYYY'), 1325.00,'técnico');

INSERT INTO FUNCIONARIO (CPF, NOME, DATA_NASC, SALARIO, FUNCAO) VALUES ('392.614.490-55','funcionario 06', TO_DATE('06/07/1952','DD/MM/YYYY'), 1148.00,'camareiro');

INSERT INTO FUNCIONARIO (CPF, NOME, DATA_NASC, SALARIO, FUNCAO) VALUES ('355.151.448-68','funcionario 07', TO_DATE('09/02/1990','DD/MM/YYYY'), 1308.00,'técnico');

INSERT INTO FUNCIONARIO (CPF, NOME, DATA_NASC, SALARIO, FUNCAO) VALUES ('110.310.526-35','funcionario 08', TO_DATE('03/02/2010','DD/MM/YYYY'), 1419.00,'camareiro');

INSERT INTO FUNCIONARIO (CPF, NOME, DATA_NASC, SALARIO, FUNCAO) VALUES ('189.294.606-19','funcionario 09', TO_DATE('01/08/1958','DD/MM/YYYY'), 1316.00,'técnico');

-----Quarto------

INSERT INTO QUARTO (NUMERO, TIPO, VISTA, VALOR_DIARIA) VALUES ('223', 'frontal', 'simples', 159.00);

INSERT INTO QUARTO (NUMERO, TIPO, VISTA, VALOR_DIARIA) VALUES ('106', 'lateral', 'duplo twin', 205.00);

INSERT INTO QUARTO (NUMERO, TIPO, VISTA, VALOR_DIARIA) VALUES ('271', 'frontal', 'duplo twin', 187.00);

INSERT INTO QUARTO (NUMERO, TIPO, VISTA, VALOR_DIARIA) VALUES ('152', 'lateral', 'simples', 133.00);

INSERT INTO QUARTO (NUMERO, TIPO, VISTA, VALOR_DIARIA) VALUES ('140', 'frontal', 'simples', 133.00);

INSERT INTO QUARTO (NUMERO, TIPO, VISTA, VALOR_DIARIA) VALUES ('123', 'lateral', 'duplo twin', 272.00);

INSERT INTO QUARTO (NUMERO, TIPO, VISTA, VALOR_DIARIA) VALUES ('159', 'frontal', 'duplo twin', 149.00);

INSERT INTO QUARTO (NUMERO, TIPO, VISTA, VALOR_DIARIA) VALUES ('279', 'lateral', 'simples', 165.00);

INSERT INTO QUARTO (NUMERO, TIPO, VISTA, VALOR_DIARIA) VALUES ('253', 'frontal', 'simples', 212.00);

INSERT INTO QUARTO (NUMERO, TIPO, VISTA, VALOR_DIARIA) VALUES ('131', 'lateral', 'duplo twin', 196.00);

INSERT INTO QUARTO (NUMERO, TIPO, VISTA, VALOR_DIARIA) VALUES ('117', 'frontal', 'triplo', 255.00);

INSERT INTO QUARTO (NUMERO, TIPO, VISTA, VALOR_DIARIA) VALUES ('288', 'lateral', 'triplo', 145.00);

INSERT INTO QUARTO (NUMERO, TIPO, VISTA, VALOR_DIARIA) VALUES ('267', 'frontal', 'triplo', 142.00);

INSERT INTO QUARTO (NUMERO, TIPO, VISTA, VALOR_DIARIA) VALUES ('229', 'lateral', 'simples', 226.00);

INSERT INTO QUARTO (NUMERO, TIPO, VISTA, VALOR_DIARIA) VALUES ('147', 'frontal', 'duplo twin', 280.00);

INSERT INTO QUARTO (NUMERO, TIPO, VISTA, VALOR_DIARIA) VALUES ('163', 'lateral', 'triplo', 140.00);

INSERT INTO QUARTO (NUMERO, TIPO, VISTA, VALOR_DIARIA) VALUES ('118', 'frontal', 'simples', 121.00);

INSERT INTO QUARTO (NUMERO, TIPO, VISTA, VALOR_DIARIA) VALUES ('263', 'lateral', 'duplo twin', 191.00);

INSERT INTO QUARTO (NUMERO, TIPO, VISTA, VALOR_DIARIA) VALUES ('173', 'frontal', 'duplo twin', 108.00);

INSERT INTO QUARTO (NUMERO, TIPO, VISTA, VALOR_DIARIA) VALUES ('204', 'lateral', 'simples', 240.00);

INSERT INTO QUARTO (NUMERO, TIPO, VISTA, VALOR_DIARIA) VALUES ('222', 'frontal', 'simples', 160.00);

INSERT INTO QUARTO (NUMERO, TIPO, VISTA, VALOR_DIARIA) VALUES ('167', 'lateral', 'triplo', 143.00);

INSERT INTO QUARTO (NUMERO, TIPO, VISTA, VALOR_DIARIA) VALUES ('297', 'frontal', 'duplo twin', 220.00);

INSERT INTO QUARTO (NUMERO, TIPO, VISTA, VALOR_DIARIA) VALUES ('143', 'lateral', 'duplo casal', 134.00);

INSERT INTO QUARTO (NUMERO, TIPO, VISTA, VALOR_DIARIA) VALUES ('197', 'frontal', 'simples', 295.00);

INSERT INTO QUARTO (NUMERO, TIPO, VISTA, VALOR_DIARIA) VALUES ('227', 'lateral', 'simples', 265.00);

INSERT INTO QUARTO (NUMERO, TIPO, VISTA, VALOR_DIARIA) VALUES ('299', 'frontal', 'duplo twin', 189.00);

INSERT INTO QUARTO (NUMERO, TIPO, VISTA, VALOR_DIARIA) VALUES ('146', 'lateral', 'duplo casal', 198.00);

INSERT INTO QUARTO (NUMERO, TIPO, VISTA, VALOR_DIARIA) VALUES ('238', 'frontal', 'duplo casal', 229.00);

INSERT INTO QUARTO (NUMERO, TIPO, VISTA, VALOR_DIARIA) VALUES ('155', 'lateral', 'triplo', 257.00);

-----Produto------

INSERT INTO PRODUTO (ID, TIPO, NOME, VALOR, DESCRICAO) VALUES (1, 'Bar', 'produto 0', 7, 80.00);

INSERT INTO PRODUTO (ID, TIPO, NOME, VALOR, DESCRICAO) VALUES (2, 'Bar', 'produto 1', 8, 11.00);

INSERT INTO PRODUTO (ID, TIPO, NOME, VALOR, DESCRICAO) VALUES (3, 'Restaurante', 'produto 2', 8, 3.00);

INSERT INTO PRODUTO (ID, TIPO, NOME, VALOR, DESCRICAO) VALUES (4, 'Restaurante', 'produto 3', 5, 146.00);

INSERT INTO PRODUTO (ID, TIPO, NOME, VALOR, DESCRICAO) VALUES (5, 'Bar', 'produto 4', 4, 73.00);

INSERT INTO PRODUTO (ID, TIPO, NOME, VALOR, DESCRICAO) VALUES (6, 'Lavanderia', 'produto 5', 7, 194.00);

INSERT INTO PRODUTO (ID, TIPO, NOME, VALOR, DESCRICAO) VALUES (7, 'Frigobar', 'produto 6', 8, 155.00);

INSERT INTO PRODUTO (ID, TIPO, NOME, VALOR, DESCRICAO) VALUES (8, 'Restaurante', 'produto 7', 1, 117.00);

INSERT INTO PRODUTO (ID, TIPO, NOME, VALOR, DESCRICAO) VALUES (9, 'Lavanderia', 'produto 8', 10, 49.00);

INSERT INTO PRODUTO (ID, TIPO, NOME, VALOR, DESCRICAO) VALUES (10, 'Lavanderia', 'produto 9', 3, 128.00);

INSERT INTO PRODUTO (ID, TIPO, NOME, VALOR, DESCRICAO) VALUES (11, 'Bar', 'produto 10', 1, 46.00);

INSERT INTO PRODUTO (ID, TIPO, NOME, VALOR, DESCRICAO) VALUES (12, 'Lavanderia', 'produto 11', 3, 192.00);

INSERT INTO PRODUTO (ID, TIPO, NOME, VALOR, DESCRICAO) VALUES (13, 'Restaurante', 'produto 12', 7, 160.00);

INSERT INTO PRODUTO (ID, TIPO, NOME, VALOR, DESCRICAO) VALUES (14, 'Lavanderia', 'produto 13', 1, 64.00);

INSERT INTO PRODUTO (ID, TIPO, NOME, VALOR, DESCRICAO) VALUES (15, 'Frigobar', 'produto 14', 10, 5.00);

INSERT INTO PRODUTO (ID, TIPO, NOME, VALOR, DESCRICAO) VALUES (16, 'Lavanderia', 'produto 15', 5, 138.00);

INSERT INTO PRODUTO (ID, TIPO, NOME, VALOR, DESCRICAO) VALUES (17, 'Frigobar', 'produto 16', 5, 90.00);

INSERT INTO PRODUTO (ID, TIPO, NOME, VALOR, DESCRICAO) VALUES (18, 'Lavanderia', 'produto 17', 5, 134.00);

INSERT INTO PRODUTO (ID, TIPO, NOME, VALOR, DESCRICAO) VALUES (19, 'Restaurante', 'produto 18', 6, 161.00);

INSERT INTO PRODUTO (ID, TIPO, NOME, VALOR, DESCRICAO) VALUES (20, 'Lavanderia', 'produto 19', 1, 90.00);

INSERT INTO PRODUTO (ID, TIPO, NOME, VALOR, DESCRICAO) VALUES (21, 'Bar', 'produto 20', 5, 134.00);

INSERT INTO PRODUTO (ID, TIPO, NOME, VALOR, DESCRICAO) VALUES (22, 'Frigobar', 'produto 21', 4, 133.00);

INSERT INTO PRODUTO (ID, TIPO, NOME, VALOR, DESCRICAO) VALUES (23, 'Restaurante', 'produto 22', 10, 128.00);

INSERT INTO PRODUTO (ID, TIPO, NOME, VALOR, DESCRICAO) VALUES (24, 'Frigobar', 'produto 23', 4, 183.00);

INSERT INTO PRODUTO (ID, TIPO, NOME, VALOR, DESCRICAO) VALUES (25, 'Bar', 'produto 24', 10, 113.00);

INSERT INTO PRODUTO (ID, TIPO, NOME, VALOR, DESCRICAO) VALUES (26, 'Bar', 'produto 25', 2, 11.00);

INSERT INTO PRODUTO (ID, TIPO, NOME, VALOR, DESCRICAO) VALUES (27, 'Restaurante', 'produto 26', 7, 18.00);

INSERT INTO PRODUTO (ID, TIPO, NOME, VALOR, DESCRICAO) VALUES (28, 'Restaurante', 'produto 27', 7, 187.00);

INSERT INTO PRODUTO (ID, TIPO, NOME, VALOR, DESCRICAO) VALUES (29, 'Lavanderia', 'produto 28', 1, 120.00);

INSERT INTO PRODUTO (ID, TIPO, NOME, VALOR, DESCRICAO) VALUES (30, 'Restaurante', 'produto 29', 10, 32.00);

INSERT INTO PRODUTO (ID, TIPO, NOME, VALOR, DESCRICAO) VALUES (31, 'Bar', 'produto 30', 5, 164.00);

INSERT INTO PRODUTO (ID, TIPO, NOME, VALOR, DESCRICAO) VALUES (32, 'Frigobar', 'produto 31', 6, 193.00);

INSERT INTO PRODUTO (ID, TIPO, NOME, VALOR, DESCRICAO) VALUES (33, 'Frigobar', 'produto 32', 7, 178.00);

INSERT INTO PRODUTO (ID, TIPO, NOME, VALOR, DESCRICAO) VALUES (34, 'Bar', 'produto 33', 4, 179.00);

INSERT INTO PRODUTO (ID, TIPO, NOME, VALOR, DESCRICAO) VALUES (35, 'Frigobar', 'produto 34', 8, 94.00);

INSERT INTO PRODUTO (ID, TIPO, NOME, VALOR, DESCRICAO) VALUES (36, 'Bar', 'produto 35', 10, 82.00);

INSERT INTO PRODUTO (ID, TIPO, NOME, VALOR, DESCRICAO) VALUES (37, 'Bar', 'produto 36', 6, 32.00);

INSERT INTO PRODUTO (ID, TIPO, NOME, VALOR, DESCRICAO) VALUES (38, 'Restaurante', 'produto 37', 2, 86.00);

INSERT INTO PRODUTO (ID, TIPO, NOME, VALOR, DESCRICAO) VALUES (39, 'Lavanderia', 'produto 38', 8, 95.00);

INSERT INTO PRODUTO (ID, TIPO, NOME, VALOR, DESCRICAO) VALUES (40, 'Bar', 'produto 39', 2, 127.00);

INSERT INTO PRODUTO (ID, TIPO, NOME, VALOR, DESCRICAO) VALUES (41, 'Restaurante', 'produto 40', 8, 132.00);

INSERT INTO PRODUTO (ID, TIPO, NOME, VALOR, DESCRICAO) VALUES (42, 'Bar', 'produto 41', 3, 16.00);

INSERT INTO PRODUTO (ID, TIPO, NOME, VALOR, DESCRICAO) VALUES (43, 'Lavanderia', 'produto 42', 1, 95.00);

INSERT INTO PRODUTO (ID, TIPO, NOME, VALOR, DESCRICAO) VALUES (44, 'Lavanderia', 'produto 43', 5, 62.00);

INSERT INTO PRODUTO (ID, TIPO, NOME, VALOR, DESCRICAO) VALUES (45, 'Bar', 'produto 44', 4, 55.00);

INSERT INTO PRODUTO (ID, TIPO, NOME, VALOR, DESCRICAO) VALUES (46, 'Bar', 'produto 45', 6, 35.00);

INSERT INTO PRODUTO (ID, TIPO, NOME, VALOR, DESCRICAO) VALUES (47, 'Lavanderia', 'produto 46', 1, 195.00);

INSERT INTO PRODUTO (ID, TIPO, NOME, VALOR, DESCRICAO) VALUES (48, 'Bar', 'produto 47', 8, 72.00);

INSERT INTO PRODUTO (ID, TIPO, NOME, VALOR, DESCRICAO) VALUES (49, 'Lavanderia', 'produto 48', 4, 7.00);

INSERT INTO PRODUTO (ID, TIPO, NOME, VALOR, DESCRICAO) VALUES (50, 'Frigobar', 'produto 49', 2, 51.00);

INSERT INTO PRODUTO (ID, TIPO, NOME, VALOR, DESCRICAO) VALUES (51, 'Frigobar', 'produto 50', 10, 88.00);

INSERT INTO PRODUTO (ID, TIPO, NOME, VALOR, DESCRICAO) VALUES (52, 'Frigobar', 'produto 51', 6, 75.00);

INSERT INTO PRODUTO (ID, TIPO, NOME, VALOR, DESCRICAO) VALUES (53, 'Lavanderia', 'produto 52', 2, 42.00);

INSERT INTO PRODUTO (ID, TIPO, NOME, VALOR, DESCRICAO) VALUES (54, 'Restaurante', 'produto 53', 7, 168.00);

INSERT INTO PRODUTO (ID, TIPO, NOME, VALOR, DESCRICAO) VALUES (55, 'Bar', 'produto 54', 5, 96.00);

INSERT INTO PRODUTO (ID, TIPO, NOME, VALOR, DESCRICAO) VALUES (56, 'Bar', 'produto 55', 7, 20.00);

INSERT INTO PRODUTO (ID, TIPO, NOME, VALOR, DESCRICAO) VALUES (57, 'Frigobar', 'produto 56', 10, 19.00);

INSERT INTO PRODUTO (ID, TIPO, NOME, VALOR, DESCRICAO) VALUES (58, 'Frigobar', 'produto 57', 10, 28.00);

INSERT INTO PRODUTO (ID, TIPO, NOME, VALOR, DESCRICAO) VALUES (59, 'Lavanderia', 'produto 58', 7, 165.00);

INSERT INTO PRODUTO (ID, TIPO, NOME, VALOR, DESCRICAO) VALUES (60, 'Restaurante', 'produto 59', 8, 48.00);

INSERT INTO PRODUTO (ID, TIPO, NOME, VALOR, DESCRICAO) VALUES (61, 'Frigobar', 'produto 60', 10, 35.00);

INSERT INTO PRODUTO (ID, TIPO, NOME, VALOR, DESCRICAO) VALUES (62, 'Frigobar', 'produto 61', 6, 147.00);

INSERT INTO PRODUTO (ID, TIPO, NOME, VALOR, DESCRICAO) VALUES (63, 'Lavanderia', 'produto 62', 5, 134.00);

INSERT INTO PRODUTO (ID, TIPO, NOME, VALOR, DESCRICAO) VALUES (64, 'Lavanderia', 'produto 63', 3, 69.00);

INSERT INTO PRODUTO (ID, TIPO, NOME, VALOR, DESCRICAO) VALUES (65, 'Frigobar', 'produto 64', 8, 136.00);

INSERT INTO PRODUTO (ID, TIPO, NOME, VALOR, DESCRICAO) VALUES (66, 'Bar', 'produto 65', 3, 8.00);

INSERT INTO PRODUTO (ID, TIPO, NOME, VALOR, DESCRICAO) VALUES (67, 'Lavanderia', 'produto 66', 9, 125.00);

INSERT INTO PRODUTO (ID, TIPO, NOME, VALOR, DESCRICAO) VALUES (68, 'Frigobar', 'produto 67', 2, 124.00);

INSERT INTO PRODUTO (ID, TIPO, NOME, VALOR, DESCRICAO) VALUES (69, 'Restaurante', 'produto 68', 3, 152.00);

INSERT INTO PRODUTO (ID, TIPO, NOME, VALOR, DESCRICAO) VALUES (70, 'Restaurante', 'produto 69', 4, 129.00);

INSERT INTO PRODUTO (ID, TIPO, NOME, VALOR, DESCRICAO) VALUES (71, 'Restaurante', 'produto 70', 2, 200.00);

INSERT INTO PRODUTO (ID, TIPO, NOME, VALOR, DESCRICAO) VALUES (72, 'Lavanderia', 'produto 71', 9, 145.00);

INSERT INTO PRODUTO (ID, TIPO, NOME, VALOR, DESCRICAO) VALUES (73, 'Restaurante', 'produto 72', 7, 48.00);

INSERT INTO PRODUTO (ID, TIPO, NOME, VALOR, DESCRICAO) VALUES (74, 'Restaurante', 'produto 73', 8, 192.00);

INSERT INTO PRODUTO (ID, TIPO, NOME, VALOR, DESCRICAO) VALUES (75, 'Frigobar', 'produto 74', 4, 103.00);

INSERT INTO PRODUTO (ID, TIPO, NOME, VALOR, DESCRICAO) VALUES (76, 'Bar', 'produto 75', 5, 127.00);

INSERT INTO PRODUTO (ID, TIPO, NOME, VALOR, DESCRICAO) VALUES (77, 'Frigobar', 'produto 76', 7, 65.00);

INSERT INTO PRODUTO (ID, TIPO, NOME, VALOR, DESCRICAO) VALUES (78, 'Lavanderia', 'produto 77', 2, 163.00);

INSERT INTO PRODUTO (ID, TIPO, NOME, VALOR, DESCRICAO) VALUES (79, 'Frigobar', 'produto 78', 2, 64.00);

INSERT INTO PRODUTO (ID, TIPO, NOME, VALOR, DESCRICAO) VALUES (80, 'Bar', 'produto 79', 2, 164.00);

INSERT INTO PRODUTO (ID, TIPO, NOME, VALOR, DESCRICAO) VALUES (81, 'Bar', 'produto 80', 9, 116.00);

INSERT INTO PRODUTO (ID, TIPO, NOME, VALOR, DESCRICAO) VALUES (82, 'Restaurante', 'produto 81', 10, 160.00);

INSERT INTO PRODUTO (ID, TIPO, NOME, VALOR, DESCRICAO) VALUES (83, 'Bar', 'produto 82', 9, 102.00);

INSERT INTO PRODUTO (ID, TIPO, NOME, VALOR, DESCRICAO) VALUES (84, 'Restaurante', 'produto 83', 5, 49.00);

INSERT INTO PRODUTO (ID, TIPO, NOME, VALOR, DESCRICAO) VALUES (85, 'Restaurante', 'produto 84', 8, 139.00);

INSERT INTO PRODUTO (ID, TIPO, NOME, VALOR, DESCRICAO) VALUES (86, 'Bar', 'produto 85', 7, 107.00);

INSERT INTO PRODUTO (ID, TIPO, NOME, VALOR, DESCRICAO) VALUES (87, 'Lavanderia', 'produto 86', 2, 134.00);

INSERT INTO PRODUTO (ID, TIPO, NOME, VALOR, DESCRICAO) VALUES (88, 'Frigobar', 'produto 87', 9, 144.00);

INSERT INTO PRODUTO (ID, TIPO, NOME, VALOR, DESCRICAO) VALUES (89, 'Restaurante', 'produto 88', 6, 5.00);

INSERT INTO PRODUTO (ID, TIPO, NOME, VALOR, DESCRICAO) VALUES (90, 'Frigobar', 'produto 89', 4, 104.00);

INSERT INTO PRODUTO (ID, TIPO, NOME, VALOR, DESCRICAO) VALUES (91, 'Frigobar', 'produto 90', 2, 115.00);

INSERT INTO PRODUTO (ID, TIPO, NOME, VALOR, DESCRICAO) VALUES (92, 'Bar', 'produto 91', 7, 18.00);

INSERT INTO PRODUTO (ID, TIPO, NOME, VALOR, DESCRICAO) VALUES (93, 'Lavanderia', 'produto 92', 7, 57.00);

INSERT INTO PRODUTO (ID, TIPO, NOME, VALOR, DESCRICAO) VALUES (94, 'Lavanderia', 'produto 93', 3, 101.00);

INSERT INTO PRODUTO (ID, TIPO, NOME, VALOR, DESCRICAO) VALUES (95, 'Frigobar', 'produto 94', 8, 171.00);

INSERT INTO PRODUTO (ID, TIPO, NOME, VALOR, DESCRICAO) VALUES (96, 'Lavanderia', 'produto 95', 1, 96.00);

INSERT INTO PRODUTO (ID, TIPO, NOME, VALOR, DESCRICAO) VALUES (97, 'Frigobar', 'produto 96', 2, 189.00);

INSERT INTO PRODUTO (ID, TIPO, NOME, VALOR, DESCRICAO) VALUES (98, 'Bar', 'produto 97', 2, 100.00);

INSERT INTO PRODUTO (ID, TIPO, NOME, VALOR, DESCRICAO) VALUES (99, 'Restaurante', 'produto 98', 4, 12.00);

INSERT INTO PRODUTO (ID, TIPO, NOME, VALOR, DESCRICAO) VALUES (100, 'Frigobar', 'produto 99', 3, 133.00);

-----Telefone------

INSERT INTO TELEFONE (TELEFONE, CPF_CLIENTE) VALUES ('(058) 65861-3644', '193.940.269-78');

INSERT INTO TELEFONE (TELEFONE, CPF_CLIENTE) VALUES ('(015) 63071-3705', '193.940.269-78');

INSERT INTO TELEFONE (TELEFONE, CPF_CLIENTE) VALUES ('(053) 81854-5847', '159.574.694-60');

INSERT INTO TELEFONE (TELEFONE, CPF_CLIENTE) VALUES ('(060) 87842-6907', '159.574.694-60');

INSERT INTO TELEFONE (TELEFONE, CPF_CLIENTE) VALUES ('(065) 38848-7403', '356.276.680-82');

INSERT INTO TELEFONE (TELEFONE, CPF_CLIENTE) VALUES ('(057) 27897-3924', '356.276.680-82');

INSERT INTO TELEFONE (TELEFONE, CPF_CLIENTE) VALUES ('(051) 48686-1924', '366.102.682-60');

INSERT INTO TELEFONE (TELEFONE, CPF_CLIENTE) VALUES ('(052) 72861-2323', '965.156.230-25');

INSERT INTO TELEFONE (TELEFONE, CPF_CLIENTE) VALUES ('(083) 99875-3640', '965.156.230-25');

INSERT INTO TELEFONE (TELEFONE, CPF_CLIENTE) VALUES ('(046) 28314-3211', '322.737.917-54');

INSERT INTO TELEFONE (TELEFONE, CPF_CLIENTE) VALUES ('(020) 34805-6470', '322.737.917-54');

INSERT INTO TELEFONE (TELEFONE, CPF_CLIENTE) VALUES ('(060) 94310-2635', '187.251.201-21');

INSERT INTO TELEFONE (TELEFONE, CPF_CLIENTE) VALUES ('(023) 21588-7262', '187.251.201-21');

INSERT INTO TELEFONE (TELEFONE, CPF_CLIENTE) VALUES ('(041) 61865-7704', '113.743.292-95');

INSERT INTO TELEFONE (TELEFONE, CPF_CLIENTE) VALUES ('(056) 95578-6096', '832.837.589-92');

INSERT INTO TELEFONE (TELEFONE, CPF_CLIENTE) VALUES ('(069) 82715-8182', '135.160.265-67');

INSERT INTO TELEFONE (TELEFONE, CPF_CLIENTE) VALUES ('(038) 22652-2707', '626.598.905-38');

INSERT INTO TELEFONE (TELEFONE, CPF_CLIENTE) VALUES ('(029) 99164-8190', '626.598.905-38');

INSERT INTO TELEFONE (TELEFONE, CPF_CLIENTE) VALUES ('(051) 72320-6928', '956.853.222-63');

INSERT INTO TELEFONE (TELEFONE, CPF_CLIENTE) VALUES ('(045) 77901-4931', '426.777.604-20');

INSERT INTO TELEFONE (TELEFONE, CPF_CLIENTE) VALUES ('(087) 72469-5104', '426.777.604-20');

INSERT INTO TELEFONE (TELEFONE, CPF_CLIENTE) VALUES ('(039) 59801-5882', '517.475.209-98');

INSERT INTO TELEFONE (TELEFONE, CPF_CLIENTE) VALUES ('(023) 95136-8814', '517.475.209-98');

INSERT INTO TELEFONE (TELEFONE, CPF_CLIENTE) VALUES ('(070) 59224-6275', '108.725.764-76');

INSERT INTO TELEFONE (TELEFONE, CPF_CLIENTE) VALUES ('(083) 95288-1086', '724.994.935-12');

INSERT INTO TELEFONE (TELEFONE, CPF_CLIENTE) VALUES ('(022) 37688-1518', '724.994.935-12');

INSERT INTO TELEFONE (TELEFONE, CPF_CLIENTE) VALUES ('(016) 13664-1075', '431.517.484-27');

INSERT INTO TELEFONE (TELEFONE, CPF_CLIENTE) VALUES ('(057) 43394-5577', '424.110.568-91');

INSERT INTO TELEFONE (TELEFONE, CPF_CLIENTE) VALUES ('(072) 80090-1132', '424.110.568-91');

INSERT INTO TELEFONE (TELEFONE, CPF_CLIENTE) VALUES ('(035) 16406-6036', '385.222.357-30');

INSERT INTO TELEFONE (TELEFONE, CPF_CLIENTE) VALUES ('(070) 84503-8561', '385.222.357-30');

INSERT INTO TELEFONE (TELEFONE, CPF_CLIENTE) VALUES ('(049) 65212-1535', '993.436.220-82');

-----Equipamentos------

INSERT INTO EQUIPAMENTO (EQUIPAMENTO, NUMERO_QUARTO) VALUES ('televisão 01', '223');

INSERT INTO EQUIPAMENTO (EQUIPAMENTO, NUMERO_QUARTO) VALUES ('TV a cabo 02', '223');

INSERT INTO EQUIPAMENTO (EQUIPAMENTO, NUMERO_QUARTO) VALUES ('TV a cabo 01', '106');

INSERT INTO EQUIPAMENTO (EQUIPAMENTO, NUMERO_QUARTO) VALUES ('TV a cabo 02', '106');

INSERT INTO EQUIPAMENTO (EQUIPAMENTO, NUMERO_QUARTO) VALUES ('ar 01', '271');

INSERT INTO EQUIPAMENTO (EQUIPAMENTO, NUMERO_QUARTO) VALUES ('televisão 02', '271');

INSERT INTO EQUIPAMENTO (EQUIPAMENTO, NUMERO_QUARTO) VALUES ('TV a cabo 01', '152');

INSERT INTO EQUIPAMENTO (EQUIPAMENTO, NUMERO_QUARTO) VALUES ('ar 01', '140');

INSERT INTO EQUIPAMENTO (EQUIPAMENTO, NUMERO_QUARTO) VALUES ('TV a cabo 02', '140');

INSERT INTO EQUIPAMENTO (EQUIPAMENTO, NUMERO_QUARTO) VALUES ('ar 03', '140');

INSERT INTO EQUIPAMENTO (EQUIPAMENTO, NUMERO_QUARTO) VALUES ('frigobar 01', '123');

INSERT INTO EQUIPAMENTO (EQUIPAMENTO, NUMERO_QUARTO) VALUES ('televisão 02', '123');

INSERT INTO EQUIPAMENTO (EQUIPAMENTO, NUMERO_QUARTO) VALUES ('televisão 03', '123');

INSERT INTO EQUIPAMENTO (EQUIPAMENTO, NUMERO_QUARTO) VALUES ('televisão 01', '159');

INSERT INTO EQUIPAMENTO (EQUIPAMENTO, NUMERO_QUARTO) VALUES ('TV a cabo 02', '159');

INSERT INTO EQUIPAMENTO (EQUIPAMENTO, NUMERO_QUARTO) VALUES ('TV a cabo 03', '159');

INSERT INTO EQUIPAMENTO (EQUIPAMENTO, NUMERO_QUARTO) VALUES ('TV a cabo 04', '159');

INSERT INTO EQUIPAMENTO (EQUIPAMENTO, NUMERO_QUARTO) VALUES ('frigobar 05', '159');

INSERT INTO EQUIPAMENTO (EQUIPAMENTO, NUMERO_QUARTO) VALUES ('ar 01', '279');

INSERT INTO EQUIPAMENTO (EQUIPAMENTO, NUMERO_QUARTO) VALUES ('TV a cabo 02', '279');

INSERT INTO EQUIPAMENTO (EQUIPAMENTO, NUMERO_QUARTO) VALUES ('televisão 03', '279');

INSERT INTO EQUIPAMENTO (EQUIPAMENTO, NUMERO_QUARTO) VALUES ('TV a cabo 01', '253');

INSERT INTO EQUIPAMENTO (EQUIPAMENTO, NUMERO_QUARTO) VALUES ('frigobar 02', '253');

INSERT INTO EQUIPAMENTO (EQUIPAMENTO, NUMERO_QUARTO) VALUES ('televisão 01', '131');

INSERT INTO EQUIPAMENTO (EQUIPAMENTO, NUMERO_QUARTO) VALUES ('televisão 01', '117');

INSERT INTO EQUIPAMENTO (EQUIPAMENTO, NUMERO_QUARTO) VALUES ('ar 02', '117');

INSERT INTO EQUIPAMENTO (EQUIPAMENTO, NUMERO_QUARTO) VALUES ('ar 01', '288');

INSERT INTO EQUIPAMENTO (EQUIPAMENTO, NUMERO_QUARTO) VALUES ('televisão 01', '267');

INSERT INTO EQUIPAMENTO (EQUIPAMENTO, NUMERO_QUARTO) VALUES ('televisão 02', '267');

INSERT INTO EQUIPAMENTO (EQUIPAMENTO, NUMERO_QUARTO) VALUES ('frigobar 03', '267');

INSERT INTO EQUIPAMENTO (EQUIPAMENTO, NUMERO_QUARTO) VALUES ('ar 01', '229');

INSERT INTO EQUIPAMENTO (EQUIPAMENTO, NUMERO_QUARTO) VALUES ('TV a cabo 02', '229');

INSERT INTO EQUIPAMENTO (EQUIPAMENTO, NUMERO_QUARTO) VALUES ('ar 01', '147');

INSERT INTO EQUIPAMENTO (EQUIPAMENTO, NUMERO_QUARTO) VALUES ('frigobar 02', '147');

INSERT INTO EQUIPAMENTO (EQUIPAMENTO, NUMERO_QUARTO) VALUES ('frigobar 01', '163');

INSERT INTO EQUIPAMENTO (EQUIPAMENTO, NUMERO_QUARTO) VALUES ('TV a cabo 02', '163');

INSERT INTO EQUIPAMENTO (EQUIPAMENTO, NUMERO_QUARTO) VALUES ('frigobar 03', '163');

INSERT INTO EQUIPAMENTO (EQUIPAMENTO, NUMERO_QUARTO) VALUES ('ar 04', '163');

INSERT INTO EQUIPAMENTO (EQUIPAMENTO, NUMERO_QUARTO) VALUES ('televisão 01', '118');

INSERT INTO EQUIPAMENTO (EQUIPAMENTO, NUMERO_QUARTO) VALUES ('televisão 02', '118');

INSERT INTO EQUIPAMENTO (EQUIPAMENTO, NUMERO_QUARTO) VALUES ('TV a cabo 03', '118');

INSERT INTO EQUIPAMENTO (EQUIPAMENTO, NUMERO_QUARTO) VALUES ('televisão 01', '263');

INSERT INTO EQUIPAMENTO (EQUIPAMENTO, NUMERO_QUARTO) VALUES ('TV a cabo 02', '263');

INSERT INTO EQUIPAMENTO (EQUIPAMENTO, NUMERO_QUARTO) VALUES ('frigobar 03', '263');

INSERT INTO EQUIPAMENTO (EQUIPAMENTO, NUMERO_QUARTO) VALUES ('TV a cabo 01', '173');

INSERT INTO EQUIPAMENTO (EQUIPAMENTO, NUMERO_QUARTO) VALUES ('televisão 02', '173');

INSERT INTO EQUIPAMENTO (EQUIPAMENTO, NUMERO_QUARTO) VALUES ('televisão 03', '173');

INSERT INTO EQUIPAMENTO (EQUIPAMENTO, NUMERO_QUARTO) VALUES ('frigobar 01', '204');

INSERT INTO EQUIPAMENTO (EQUIPAMENTO, NUMERO_QUARTO) VALUES ('televisão 02', '204');

INSERT INTO EQUIPAMENTO (EQUIPAMENTO, NUMERO_QUARTO) VALUES ('frigobar 03', '204');

INSERT INTO EQUIPAMENTO (EQUIPAMENTO, NUMERO_QUARTO) VALUES ('televisão 04', '204');

INSERT INTO EQUIPAMENTO (EQUIPAMENTO, NUMERO_QUARTO) VALUES ('frigobar 01', '222');

INSERT INTO EQUIPAMENTO (EQUIPAMENTO, NUMERO_QUARTO) VALUES ('ar 02', '222');

INSERT INTO EQUIPAMENTO (EQUIPAMENTO, NUMERO_QUARTO) VALUES ('televisão 01', '167');

INSERT INTO EQUIPAMENTO (EQUIPAMENTO, NUMERO_QUARTO) VALUES ('televisão 02', '167');

INSERT INTO EQUIPAMENTO (EQUIPAMENTO, NUMERO_QUARTO) VALUES ('TV a cabo 01', '297');

INSERT INTO EQUIPAMENTO (EQUIPAMENTO, NUMERO_QUARTO) VALUES ('frigobar 01', '143');

INSERT INTO EQUIPAMENTO (EQUIPAMENTO, NUMERO_QUARTO) VALUES ('televisão 02', '143');

INSERT INTO EQUIPAMENTO (EQUIPAMENTO, NUMERO_QUARTO) VALUES ('ar 01', '197');

INSERT INTO EQUIPAMENTO (EQUIPAMENTO, NUMERO_QUARTO) VALUES ('ar 02', '197');

INSERT INTO EQUIPAMENTO (EQUIPAMENTO, NUMERO_QUARTO) VALUES ('ar 03', '197');

INSERT INTO EQUIPAMENTO (EQUIPAMENTO, NUMERO_QUARTO) VALUES ('frigobar 01', '227');

INSERT INTO EQUIPAMENTO (EQUIPAMENTO, NUMERO_QUARTO) VALUES ('TV a cabo 02', '227');

INSERT INTO EQUIPAMENTO (EQUIPAMENTO, NUMERO_QUARTO) VALUES ('televisão 03', '227');

INSERT INTO EQUIPAMENTO (EQUIPAMENTO, NUMERO_QUARTO) VALUES ('TV a cabo 04', '227');

INSERT INTO EQUIPAMENTO (EQUIPAMENTO, NUMERO_QUARTO) VALUES ('ar 01', '299');

INSERT INTO EQUIPAMENTO (EQUIPAMENTO, NUMERO_QUARTO) VALUES ('TV a cabo 02', '299');

INSERT INTO EQUIPAMENTO (EQUIPAMENTO, NUMERO_QUARTO) VALUES ('TV a cabo 03', '299');

INSERT INTO EQUIPAMENTO (EQUIPAMENTO, NUMERO_QUARTO) VALUES ('TV a cabo 01', '146');

INSERT INTO EQUIPAMENTO (EQUIPAMENTO, NUMERO_QUARTO) VALUES ('ar 01', '238');

INSERT INTO EQUIPAMENTO (EQUIPAMENTO, NUMERO_QUARTO) VALUES ('TV a cabo 02', '238');

INSERT INTO EQUIPAMENTO (EQUIPAMENTO, NUMERO_QUARTO) VALUES ('ar 03', '238');

INSERT INTO EQUIPAMENTO (EQUIPAMENTO, NUMERO_QUARTO) VALUES ('televisão 01', '155');

-----Hospeda------

INSERT INTO HOSPEDA (ID_HOSPEDAGEM, DIA_CHECK_IN, DIA_CHECK_OUT, CPF_CLIENTE, NUMERO_QUARTO) VALUES (1, TO_DATE('04/05/2011','DD/MM/YYYY'), TO_DATE('06/05/2011','DD/MM/YYYY'), '193.940.269-78', '271');

INSERT INTO HOSPEDA (ID_HOSPEDAGEM, DIA_CHECK_IN, DIA_CHECK_OUT, CPF_CLIENTE, NUMERO_QUARTO) VALUES (2, TO_DATE('03/08/2019','DD/MM/YYYY'), TO_DATE('07/08/2019','DD/MM/YYYY'), '193.940.269-78', '147');

INSERT INTO HOSPEDA (ID_HOSPEDAGEM, DIA_CHECK_IN, DIA_CHECK_OUT, CPF_CLIENTE, NUMERO_QUARTO) VALUES (3, TO_DATE('04/06/2011','DD/MM/YYYY'), TO_DATE('07/06/2011','DD/MM/YYYY'), '159.574.694-60', '123');

INSERT INTO HOSPEDA (ID_HOSPEDAGEM, DIA_CHECK_IN, DIA_CHECK_OUT, CPF_CLIENTE, NUMERO_QUARTO) VALUES (4, TO_DATE('03/04/2013','DD/MM/YYYY'), TO_DATE('05/04/2013','DD/MM/YYYY'), '356.276.680-82', '263');

INSERT INTO HOSPEDA (ID_HOSPEDAGEM, DIA_CHECK_IN, DIA_CHECK_OUT, CPF_CLIENTE, NUMERO_QUARTO) VALUES (5, TO_DATE('02/05/2012','DD/MM/YYYY'), TO_DATE('05/05/2012','DD/MM/YYYY'), '366.102.682-60', '146');

INSERT INTO HOSPEDA (ID_HOSPEDAGEM, DIA_CHECK_IN, DIA_CHECK_OUT, CPF_CLIENTE, NUMERO_QUARTO) VALUES (6, TO_DATE('05/04/2013','DD/MM/YYYY'), TO_DATE('09/04/2013','DD/MM/YYYY'), '366.102.682-60', '152');

INSERT INTO HOSPEDA (ID_HOSPEDAGEM, DIA_CHECK_IN, DIA_CHECK_OUT, CPF_CLIENTE, NUMERO_QUARTO) VALUES (7, TO_DATE('03/04/2016','DD/MM/YYYY'), TO_DATE('05/04/2016','DD/MM/YYYY'), '965.156.230-25', '271');

INSERT INTO HOSPEDA (ID_HOSPEDAGEM, DIA_CHECK_IN, DIA_CHECK_OUT, CPF_CLIENTE, NUMERO_QUARTO) VALUES (8, TO_DATE('02/07/2018','DD/MM/YYYY'), TO_DATE('06/07/2018','DD/MM/YYYY'), '322.737.917-54', '117');

INSERT INTO HOSPEDA (ID_HOSPEDAGEM, DIA_CHECK_IN, DIA_CHECK_OUT, CPF_CLIENTE, NUMERO_QUARTO) VALUES (9, TO_DATE('03/04/2010','DD/MM/YYYY'), TO_DATE('05/04/2010','DD/MM/YYYY'), '322.737.917-54', '118');

INSERT INTO HOSPEDA (ID_HOSPEDAGEM, DIA_CHECK_IN, DIA_CHECK_OUT, CPF_CLIENTE, NUMERO_QUARTO) VALUES (10, TO_DATE('02/03/2016','DD/MM/YYYY'), TO_DATE('03/03/2016','DD/MM/YYYY'), '187.251.201-21', '297');

INSERT INTO HOSPEDA (ID_HOSPEDAGEM, DIA_CHECK_IN, DIA_CHECK_OUT, CPF_CLIENTE, NUMERO_QUARTO) VALUES (11, TO_DATE('05/01/2019','DD/MM/YYYY'), TO_DATE('09/01/2019','DD/MM/YYYY'), '187.251.201-21', '106');

INSERT INTO HOSPEDA (ID_HOSPEDAGEM, DIA_CHECK_IN, DIA_CHECK_OUT, CPF_CLIENTE, NUMERO_QUARTO) VALUES (12, TO_DATE('02/08/2012','DD/MM/YYYY'), TO_DATE('06/08/2012','DD/MM/YYYY'), '113.743.292-95', '229');

INSERT INTO HOSPEDA (ID_HOSPEDAGEM, DIA_CHECK_IN, DIA_CHECK_OUT, CPF_CLIENTE, NUMERO_QUARTO) VALUES (13, TO_DATE('05/01/2017','DD/MM/YYYY'), TO_DATE('07/01/2017','DD/MM/YYYY'), '832.837.589-92', '222');

INSERT INTO HOSPEDA (ID_HOSPEDAGEM, DIA_CHECK_IN, DIA_CHECK_OUT, CPF_CLIENTE, NUMERO_QUARTO) VALUES (14, TO_DATE('01/09/2019','DD/MM/YYYY'), TO_DATE('04/09/2019','DD/MM/YYYY'), '832.837.589-92', '140');

INSERT INTO HOSPEDA (ID_HOSPEDAGEM, DIA_CHECK_IN, DIA_CHECK_OUT, CPF_CLIENTE, NUMERO_QUARTO) VALUES (15, TO_DATE('02/03/2016','DD/MM/YYYY'), TO_DATE('04/03/2016','DD/MM/YYYY'), '135.160.265-67', '288');

INSERT INTO HOSPEDA (ID_HOSPEDAGEM, DIA_CHECK_IN, DIA_CHECK_OUT, CPF_CLIENTE, NUMERO_QUARTO) VALUES (16, TO_DATE('03/08/2016','DD/MM/YYYY'), TO_DATE('05/08/2016','DD/MM/YYYY'), '135.160.265-67', '118');

INSERT INTO HOSPEDA (ID_HOSPEDAGEM, DIA_CHECK_IN, DIA_CHECK_OUT, CPF_CLIENTE, NUMERO_QUARTO) VALUES (17, TO_DATE('01/04/2012','DD/MM/YYYY'), TO_DATE('02/04/2012','DD/MM/YYYY'), '626.598.905-38', '163');

INSERT INTO HOSPEDA (ID_HOSPEDAGEM, DIA_CHECK_IN, DIA_CHECK_OUT, CPF_CLIENTE, NUMERO_QUARTO) VALUES (18, TO_DATE('03/07/2017','DD/MM/YYYY'), TO_DATE('05/07/2017','DD/MM/YYYY'), '626.598.905-38', '163');

INSERT INTO HOSPEDA (ID_HOSPEDAGEM, DIA_CHECK_IN, DIA_CHECK_OUT, CPF_CLIENTE, NUMERO_QUARTO) VALUES (19, TO_DATE('04/08/2017','DD/MM/YYYY'), TO_DATE('06/08/2017','DD/MM/YYYY'), '956.853.222-63', '279');

INSERT INTO HOSPEDA (ID_HOSPEDAGEM, DIA_CHECK_IN, DIA_CHECK_OUT, CPF_CLIENTE, NUMERO_QUARTO) VALUES (20, TO_DATE('04/02/2011','DD/MM/YYYY'), TO_DATE('05/02/2011','DD/MM/YYYY'), '956.853.222-63', '238');

INSERT INTO HOSPEDA (ID_HOSPEDAGEM, DIA_CHECK_IN, DIA_CHECK_OUT, CPF_CLIENTE, NUMERO_QUARTO) VALUES (21, TO_DATE('03/03/2010','DD/MM/YYYY'), TO_DATE('06/03/2010','DD/MM/YYYY'), '426.777.604-20', '106');

INSERT INTO HOSPEDA (ID_HOSPEDAGEM, DIA_CHECK_IN, DIA_CHECK_OUT, CPF_CLIENTE, NUMERO_QUARTO) VALUES (22, TO_DATE('01/09/2018','DD/MM/YYYY'), TO_DATE('03/09/2018','DD/MM/YYYY'), '517.475.209-98', '143');

INSERT INTO HOSPEDA (ID_HOSPEDAGEM, DIA_CHECK_IN, DIA_CHECK_OUT, CPF_CLIENTE, NUMERO_QUARTO) VALUES (23, TO_DATE('03/02/2013','DD/MM/YYYY'), TO_DATE('05/02/2013','DD/MM/YYYY'), '517.475.209-98', '223');

INSERT INTO HOSPEDA (ID_HOSPEDAGEM, DIA_CHECK_IN, DIA_CHECK_OUT, CPF_CLIENTE, NUMERO_QUARTO) VALUES (24, TO_DATE('05/05/2017','DD/MM/YYYY'), TO_DATE('09/05/2017','DD/MM/YYYY'), '108.725.764-76', '155');

INSERT INTO HOSPEDA (ID_HOSPEDAGEM, DIA_CHECK_IN, DIA_CHECK_OUT, CPF_CLIENTE, NUMERO_QUARTO) VALUES (25, TO_DATE('04/07/2015','DD/MM/YYYY'), TO_DATE('08/07/2015','DD/MM/YYYY'), '108.725.764-76', '147');

INSERT INTO HOSPEDA (ID_HOSPEDAGEM, DIA_CHECK_IN, DIA_CHECK_OUT, CPF_CLIENTE, NUMERO_QUARTO) VALUES (26, TO_DATE('01/03/2018','DD/MM/YYYY'), TO_DATE('04/03/2018','DD/MM/YYYY'), '724.994.935-12', '229');

INSERT INTO HOSPEDA (ID_HOSPEDAGEM, DIA_CHECK_IN, DIA_CHECK_OUT, CPF_CLIENTE, NUMERO_QUARTO) VALUES (27, TO_DATE('05/07/2013','DD/MM/YYYY'), TO_DATE('08/07/2013','DD/MM/YYYY'), '724.994.935-12', '222');

INSERT INTO HOSPEDA (ID_HOSPEDAGEM, DIA_CHECK_IN, DIA_CHECK_OUT, CPF_CLIENTE, NUMERO_QUARTO) VALUES (28, TO_DATE('05/08/2015','DD/MM/YYYY'), TO_DATE('06/08/2015','DD/MM/YYYY'), '431.517.484-27', '271');

INSERT INTO HOSPEDA (ID_HOSPEDAGEM, DIA_CHECK_IN, DIA_CHECK_OUT, CPF_CLIENTE, NUMERO_QUARTO) VALUES (29, TO_DATE('05/08/2018','DD/MM/YYYY'), TO_DATE('07/08/2018','DD/MM/YYYY'), '424.110.568-91', '204');

INSERT INTO HOSPEDA (ID_HOSPEDAGEM, DIA_CHECK_IN, DIA_CHECK_OUT, CPF_CLIENTE, NUMERO_QUARTO) VALUES (30, TO_DATE('05/02/2015','DD/MM/YYYY'), TO_DATE('07/02/2015','DD/MM/YYYY'), '385.222.357-30', '117');

INSERT INTO HOSPEDA (ID_HOSPEDAGEM, DIA_CHECK_IN, DIA_CHECK_OUT, CPF_CLIENTE, NUMERO_QUARTO) VALUES (31, TO_DATE('01/06/2019','DD/MM/YYYY'), TO_DATE('04/06/2019','DD/MM/YYYY'), '385.222.357-30', '123');

INSERT INTO HOSPEDA (ID_HOSPEDAGEM, DIA_CHECK_IN, DIA_CHECK_OUT, CPF_CLIENTE, NUMERO_QUARTO) VALUES (32, TO_DATE('04/09/2014','DD/MM/YYYY'), TO_DATE('08/09/2014','DD/MM/YYYY'), '993.436.220-82', '163');

-----Reserva------

INSERT INTO RESERVA (ID_RESERVA, CPF_CLIENTE, NUMERO_QUARTO, DIA_CHECK_IN, DIA_CHECK_OUT) VALUES (1, '193.940.269-78', '140', TO_DATE('01/08/2016','DD/MM/YYYY'), TO_DATE('05/08/2016','DD/MM/YYYY'));

INSERT INTO RESERVA (ID_RESERVA, CPF_CLIENTE, NUMERO_QUARTO, DIA_CHECK_IN, DIA_CHECK_OUT) VALUES (2, '193.940.269-78', '222', TO_DATE('03/02/2015','DD/MM/YYYY'), TO_DATE('07/02/2015','DD/MM/YYYY'));

INSERT INTO RESERVA (ID_RESERVA, CPF_CLIENTE, NUMERO_QUARTO, DIA_CHECK_IN, DIA_CHECK_OUT) VALUES (3, '159.574.694-60', '173', TO_DATE('04/01/2012','DD/MM/YYYY'), TO_DATE('08/01/2012','DD/MM/YYYY'));

INSERT INTO RESERVA (ID_RESERVA, CPF_CLIENTE, NUMERO_QUARTO, DIA_CHECK_IN, DIA_CHECK_OUT) VALUES (4, '159.574.694-60', '204', TO_DATE('04/02/2018','DD/MM/YYYY'), TO_DATE('07/02/2018','DD/MM/YYYY'));

INSERT INTO RESERVA (ID_RESERVA, CPF_CLIENTE, NUMERO_QUARTO, DIA_CHECK_IN, DIA_CHECK_OUT) VALUES (5, '159.574.694-60', '263', TO_DATE('02/02/2019','DD/MM/YYYY'), TO_DATE('03/02/2019','DD/MM/YYYY'));

INSERT INTO RESERVA (ID_RESERVA, CPF_CLIENTE, NUMERO_QUARTO, DIA_CHECK_IN, DIA_CHECK_OUT) VALUES (6, '356.276.680-82', '146', TO_DATE('01/07/2014','DD/MM/YYYY'), TO_DATE('02/07/2014','DD/MM/YYYY'));

INSERT INTO RESERVA (ID_RESERVA, CPF_CLIENTE, NUMERO_QUARTO, DIA_CHECK_IN, DIA_CHECK_OUT) VALUES (7, '356.276.680-82', '118', TO_DATE('04/05/2016','DD/MM/YYYY'), TO_DATE('06/05/2016','DD/MM/YYYY'));

INSERT INTO RESERVA (ID_RESERVA, CPF_CLIENTE, NUMERO_QUARTO, DIA_CHECK_IN, DIA_CHECK_OUT) VALUES (8, '356.276.680-82', '227', TO_DATE('02/02/2016','DD/MM/YYYY'), TO_DATE('06/02/2016','DD/MM/YYYY'));

INSERT INTO RESERVA (ID_RESERVA, CPF_CLIENTE, NUMERO_QUARTO, DIA_CHECK_IN, DIA_CHECK_OUT) VALUES (9, '366.102.682-60', '173', TO_DATE('04/07/2017','DD/MM/YYYY'), TO_DATE('07/07/2017','DD/MM/YYYY'));

INSERT INTO RESERVA (ID_RESERVA, CPF_CLIENTE, NUMERO_QUARTO, DIA_CHECK_IN, DIA_CHECK_OUT) VALUES (10, '366.102.682-60', '106', TO_DATE('04/05/2010','DD/MM/YYYY'), TO_DATE('05/05/2010','DD/MM/YYYY'));

INSERT INTO RESERVA (ID_RESERVA, CPF_CLIENTE, NUMERO_QUARTO, DIA_CHECK_IN, DIA_CHECK_OUT) VALUES (11, '366.102.682-60', '173', TO_DATE('02/03/2011','DD/MM/YYYY'), TO_DATE('05/03/2011','DD/MM/YYYY'));

INSERT INTO RESERVA (ID_RESERVA, CPF_CLIENTE, NUMERO_QUARTO, DIA_CHECK_IN, DIA_CHECK_OUT) VALUES (12, '965.156.230-25', '173', TO_DATE('02/06/2013','DD/MM/YYYY'), TO_DATE('06/06/2013','DD/MM/YYYY'));

INSERT INTO RESERVA (ID_RESERVA, CPF_CLIENTE, NUMERO_QUARTO, DIA_CHECK_IN, DIA_CHECK_OUT) VALUES (13, '322.737.917-54', '152', TO_DATE('01/06/2018','DD/MM/YYYY'), TO_DATE('02/06/2018','DD/MM/YYYY'));

INSERT INTO RESERVA (ID_RESERVA, CPF_CLIENTE, NUMERO_QUARTO, DIA_CHECK_IN, DIA_CHECK_OUT) VALUES (14, '322.737.917-54', '147', TO_DATE('04/05/2012','DD/MM/YYYY'), TO_DATE('07/05/2012','DD/MM/YYYY'));

INSERT INTO RESERVA (ID_RESERVA, CPF_CLIENTE, NUMERO_QUARTO, DIA_CHECK_IN, DIA_CHECK_OUT) VALUES (15, '322.737.917-54', '297', TO_DATE('04/05/2013','DD/MM/YYYY'), TO_DATE('05/05/2013','DD/MM/YYYY'));

INSERT INTO RESERVA (ID_RESERVA, CPF_CLIENTE, NUMERO_QUARTO, DIA_CHECK_IN, DIA_CHECK_OUT) VALUES (16, '187.251.201-21', '229', TO_DATE('04/06/2013','DD/MM/YYYY'), TO_DATE('05/06/2013','DD/MM/YYYY'));

INSERT INTO RESERVA (ID_RESERVA, CPF_CLIENTE, NUMERO_QUARTO, DIA_CHECK_IN, DIA_CHECK_OUT) VALUES (17, '187.251.201-21', '146', TO_DATE('04/09/2019','DD/MM/YYYY'), TO_DATE('08/09/2019','DD/MM/YYYY'));

INSERT INTO RESERVA (ID_RESERVA, CPF_CLIENTE, NUMERO_QUARTO, DIA_CHECK_IN, DIA_CHECK_OUT) VALUES (18, '113.743.292-95', '263', TO_DATE('05/09/2018','DD/MM/YYYY'), TO_DATE('07/09/2018','DD/MM/YYYY'));

INSERT INTO RESERVA (ID_RESERVA, CPF_CLIENTE, NUMERO_QUARTO, DIA_CHECK_IN, DIA_CHECK_OUT) VALUES (19, '113.743.292-95', '197', TO_DATE('02/07/2014','DD/MM/YYYY'), TO_DATE('06/07/2014','DD/MM/YYYY'));

INSERT INTO RESERVA (ID_RESERVA, CPF_CLIENTE, NUMERO_QUARTO, DIA_CHECK_IN, DIA_CHECK_OUT) VALUES (20, '113.743.292-95', '223', TO_DATE('02/07/2019','DD/MM/YYYY'), TO_DATE('05/07/2019','DD/MM/YYYY'));

INSERT INTO RESERVA (ID_RESERVA, CPF_CLIENTE, NUMERO_QUARTO, DIA_CHECK_IN, DIA_CHECK_OUT) VALUES (21, '832.837.589-92', '222', TO_DATE('02/03/2017','DD/MM/YYYY'), TO_DATE('04/03/2017','DD/MM/YYYY'));

INSERT INTO RESERVA (ID_RESERVA, CPF_CLIENTE, NUMERO_QUARTO, DIA_CHECK_IN, DIA_CHECK_OUT) VALUES (22, '832.837.589-92', '279', TO_DATE('04/01/2016','DD/MM/YYYY'), TO_DATE('08/01/2016','DD/MM/YYYY'));

INSERT INTO RESERVA (ID_RESERVA, CPF_CLIENTE, NUMERO_QUARTO, DIA_CHECK_IN, DIA_CHECK_OUT) VALUES (23, '135.160.265-67', '263', TO_DATE('01/02/2018','DD/MM/YYYY'), TO_DATE('02/02/2018','DD/MM/YYYY'));

INSERT INTO RESERVA (ID_RESERVA, CPF_CLIENTE, NUMERO_QUARTO, DIA_CHECK_IN, DIA_CHECK_OUT) VALUES (24, '135.160.265-67', '267', TO_DATE('05/06/2012','DD/MM/YYYY'), TO_DATE('08/06/2012','DD/MM/YYYY'));

INSERT INTO RESERVA (ID_RESERVA, CPF_CLIENTE, NUMERO_QUARTO, DIA_CHECK_IN, DIA_CHECK_OUT) VALUES (25, '626.598.905-38', '223', TO_DATE('01/08/2010','DD/MM/YYYY'), TO_DATE('04/08/2010','DD/MM/YYYY'));

INSERT INTO RESERVA (ID_RESERVA, CPF_CLIENTE, NUMERO_QUARTO, DIA_CHECK_IN, DIA_CHECK_OUT) VALUES (26, '956.853.222-63', '106', TO_DATE('01/07/2018','DD/MM/YYYY'), TO_DATE('02/07/2018','DD/MM/YYYY'));

INSERT INTO RESERVA (ID_RESERVA, CPF_CLIENTE, NUMERO_QUARTO, DIA_CHECK_IN, DIA_CHECK_OUT) VALUES (27, '956.853.222-63', '155', TO_DATE('03/07/2016','DD/MM/YYYY'), TO_DATE('05/07/2016','DD/MM/YYYY'));

INSERT INTO RESERVA (ID_RESERVA, CPF_CLIENTE, NUMERO_QUARTO, DIA_CHECK_IN, DIA_CHECK_OUT) VALUES (28, '426.777.604-20', '140', TO_DATE('02/06/2014','DD/MM/YYYY'), TO_DATE('04/06/2014','DD/MM/YYYY'));

INSERT INTO RESERVA (ID_RESERVA, CPF_CLIENTE, NUMERO_QUARTO, DIA_CHECK_IN, DIA_CHECK_OUT) VALUES (29, '426.777.604-20', '146', TO_DATE('04/06/2019','DD/MM/YYYY'), TO_DATE('06/06/2019','DD/MM/YYYY'));

INSERT INTO RESERVA (ID_RESERVA, CPF_CLIENTE, NUMERO_QUARTO, DIA_CHECK_IN, DIA_CHECK_OUT) VALUES (30, '517.475.209-98', '227', TO_DATE('03/02/2017','DD/MM/YYYY'), TO_DATE('05/02/2017','DD/MM/YYYY'));

INSERT INTO RESERVA (ID_RESERVA, CPF_CLIENTE, NUMERO_QUARTO, DIA_CHECK_IN, DIA_CHECK_OUT) VALUES (31, '108.725.764-76', '299', TO_DATE('01/08/2014','DD/MM/YYYY'), TO_DATE('05/08/2014','DD/MM/YYYY'));

INSERT INTO RESERVA (ID_RESERVA, CPF_CLIENTE, NUMERO_QUARTO, DIA_CHECK_IN, DIA_CHECK_OUT) VALUES (32, '724.994.935-12', '197', TO_DATE('01/03/2010','DD/MM/YYYY'), TO_DATE('02/03/2010','DD/MM/YYYY'));

INSERT INTO RESERVA (ID_RESERVA, CPF_CLIENTE, NUMERO_QUARTO, DIA_CHECK_IN, DIA_CHECK_OUT) VALUES (33, '724.994.935-12', '106', TO_DATE('01/05/2013','DD/MM/YYYY'), TO_DATE('02/05/2013','DD/MM/YYYY'));

INSERT INTO RESERVA (ID_RESERVA, CPF_CLIENTE, NUMERO_QUARTO, DIA_CHECK_IN, DIA_CHECK_OUT) VALUES (34, '431.517.484-27', '118', TO_DATE('05/05/2013','DD/MM/YYYY'), TO_DATE('08/05/2013','DD/MM/YYYY'));

INSERT INTO RESERVA (ID_RESERVA, CPF_CLIENTE, NUMERO_QUARTO, DIA_CHECK_IN, DIA_CHECK_OUT) VALUES (35, '424.110.568-91', '299', TO_DATE('01/01/2017','DD/MM/YYYY'), TO_DATE('05/01/2017','DD/MM/YYYY'));

INSERT INTO RESERVA (ID_RESERVA, CPF_CLIENTE, NUMERO_QUARTO, DIA_CHECK_IN, DIA_CHECK_OUT) VALUES (36, '424.110.568-91', '222', TO_DATE('05/09/2013','DD/MM/YYYY'), TO_DATE('07/09/2013','DD/MM/YYYY'));

INSERT INTO RESERVA (ID_RESERVA, CPF_CLIENTE, NUMERO_QUARTO, DIA_CHECK_IN, DIA_CHECK_OUT) VALUES (37, '385.222.357-30', '147', TO_DATE('04/05/2010','DD/MM/YYYY'), TO_DATE('08/05/2010','DD/MM/YYYY'));

INSERT INTO RESERVA (ID_RESERVA, CPF_CLIENTE, NUMERO_QUARTO, DIA_CHECK_IN, DIA_CHECK_OUT) VALUES (38, '993.436.220-82', '173', TO_DATE('05/06/2014','DD/MM/YYYY'), TO_DATE('08/06/2014','DD/MM/YYYY'));

-----Venda------

INSERT INTO VENDA (ID_VENDA, ID_PRODUTO, NUMERO_QUARTO, DATA, QUANTIDADE) VALUES (1, 48, '279', TO_DATE('08/02/2017','DD/MM/YYYY'), 4);

INSERT INTO VENDA (ID_VENDA, ID_PRODUTO, NUMERO_QUARTO, DATA, QUANTIDADE) VALUES (2, 53, '155', TO_DATE('07/05/2018','DD/MM/YYYY'), 4);

INSERT INTO VENDA (ID_VENDA, ID_PRODUTO, NUMERO_QUARTO, DATA, QUANTIDADE) VALUES (3, 3, '271', TO_DATE('06/05/2015','DD/MM/YYYY'), 4);

INSERT INTO VENDA (ID_VENDA, ID_PRODUTO, NUMERO_QUARTO, DATA, QUANTIDADE) VALUES (4, 71, '223', TO_DATE('05/08/2018','DD/MM/YYYY'), 2);

INSERT INTO VENDA (ID_VENDA, ID_PRODUTO, NUMERO_QUARTO, DATA, QUANTIDADE) VALUES (5, 12, '222', TO_DATE('09/02/2018','DD/MM/YYYY'), 4);

INSERT INTO VENDA (ID_VENDA, ID_PRODUTO, NUMERO_QUARTO, DATA, QUANTIDADE) VALUES (6, 27, '147', TO_DATE('04/02/2018','DD/MM/YYYY'), 2);

INSERT INTO VENDA (ID_VENDA, ID_PRODUTO, NUMERO_QUARTO, DATA, QUANTIDADE) VALUES (7, 83, '223', TO_DATE('01/05/2019','DD/MM/YYYY'), 1);

INSERT INTO VENDA (ID_VENDA, ID_PRODUTO, NUMERO_QUARTO, DATA, QUANTIDADE) VALUES (8, 1, '229', TO_DATE('08/07/2016','DD/MM/YYYY'), 3);

INSERT INTO VENDA (ID_VENDA, ID_PRODUTO, NUMERO_QUARTO, DATA, QUANTIDADE) VALUES (9, 80, '173', TO_DATE('05/09/2015','DD/MM/YYYY'), 4);

INSERT INTO VENDA (ID_VENDA, ID_PRODUTO, NUMERO_QUARTO, DATA, QUANTIDADE) VALUES (10, 96, '173', TO_DATE('09/08/2017','DD/MM/YYYY'), 3);

INSERT INTO VENDA (ID_VENDA, ID_PRODUTO, NUMERO_QUARTO, DATA, QUANTIDADE) VALUES (11, 21, '297', TO_DATE('02/01/2015','DD/MM/YYYY'), 2);

INSERT INTO VENDA (ID_VENDA, ID_PRODUTO, NUMERO_QUARTO, DATA, QUANTIDADE) VALUES (12, 20, '159', TO_DATE('06/09/2019','DD/MM/YYYY'), 3);

INSERT INTO VENDA (ID_VENDA, ID_PRODUTO, NUMERO_QUARTO, DATA, QUANTIDADE) VALUES (13, 19, '118', TO_DATE('09/02/2017','DD/MM/YYYY'), 3);

INSERT INTO VENDA (ID_VENDA, ID_PRODUTO, NUMERO_QUARTO, DATA, QUANTIDADE) VALUES (14, 76, '253', TO_DATE('07/04/2018','DD/MM/YYYY'), 3);

INSERT INTO VENDA (ID_VENDA, ID_PRODUTO, NUMERO_QUARTO, DATA, QUANTIDADE) VALUES (15, 68, '152', TO_DATE('08/07/2017','DD/MM/YYYY'), 5);

INSERT INTO VENDA (ID_VENDA, ID_PRODUTO, NUMERO_QUARTO, DATA, QUANTIDADE) VALUES (16, 59, '197', TO_DATE('01/03/2019','DD/MM/YYYY'), 3);

INSERT INTO VENDA (ID_VENDA, ID_PRODUTO, NUMERO_QUARTO, DATA, QUANTIDADE) VALUES (17, 9, '299', TO_DATE('05/09/2017','DD/MM/YYYY'), 1);

INSERT INTO VENDA (ID_VENDA, ID_PRODUTO, NUMERO_QUARTO, DATA, QUANTIDADE) VALUES (18, 88, '204', TO_DATE('01/03/2015','DD/MM/YYYY'), 2);

INSERT INTO VENDA (ID_VENDA, ID_PRODUTO, NUMERO_QUARTO, DATA, QUANTIDADE) VALUES (19, 75, '263', TO_DATE('09/07/2018','DD/MM/YYYY'), 1);

INSERT INTO VENDA (ID_VENDA, ID_PRODUTO, NUMERO_QUARTO, DATA, QUANTIDADE) VALUES (20, 96, '297', TO_DATE('03/06/2016','DD/MM/YYYY'), 3);

INSERT INTO VENDA (ID_VENDA, ID_PRODUTO, NUMERO_QUARTO, DATA, QUANTIDADE) VALUES (21, 3, '204', TO_DATE('04/04/2018','DD/MM/YYYY'), 4);

INSERT INTO VENDA (ID_VENDA, ID_PRODUTO, NUMERO_QUARTO, DATA, QUANTIDADE) VALUES (22, 17, '123', TO_DATE('02/04/2016','DD/MM/YYYY'), 2);

INSERT INTO VENDA (ID_VENDA, ID_PRODUTO, NUMERO_QUARTO, DATA, QUANTIDADE) VALUES (23, 57, '222', TO_DATE('06/08/2016','DD/MM/YYYY'), 4);

INSERT INTO VENDA (ID_VENDA, ID_PRODUTO, NUMERO_QUARTO, DATA, QUANTIDADE) VALUES (24, 64, '197', TO_DATE('06/07/2019','DD/MM/YYYY'), 4);

INSERT INTO VENDA (ID_VENDA, ID_PRODUTO, NUMERO_QUARTO, DATA, QUANTIDADE) VALUES (25, 75, '159', TO_DATE('08/01/2016','DD/MM/YYYY'), 5);

INSERT INTO VENDA (ID_VENDA, ID_PRODUTO, NUMERO_QUARTO, DATA, QUANTIDADE) VALUES (26, 2, '271', TO_DATE('08/07/2015','DD/MM/YYYY'), 2);

INSERT INTO VENDA (ID_VENDA, ID_PRODUTO, NUMERO_QUARTO, DATA, QUANTIDADE) VALUES (27, 17, '271', TO_DATE('06/05/2015','DD/MM/YYYY'), 2);

INSERT INTO VENDA (ID_VENDA, ID_PRODUTO, NUMERO_QUARTO, DATA, QUANTIDADE) VALUES (28, 100, '118', TO_DATE('07/07/2016','DD/MM/YYYY'), 5);

INSERT INTO VENDA (ID_VENDA, ID_PRODUTO, NUMERO_QUARTO, DATA, QUANTIDADE) VALUES (29, 20, '131', TO_DATE('09/07/2018','DD/MM/YYYY'), 1);

INSERT INTO VENDA (ID_VENDA, ID_PRODUTO, NUMERO_QUARTO, DATA, QUANTIDADE) VALUES (30, 22, '222', TO_DATE('07/06/2017','DD/MM/YYYY'), 4);

INSERT INTO VENDA (ID_VENDA, ID_PRODUTO, NUMERO_QUARTO, DATA, QUANTIDADE) VALUES (31, 8, '197', TO_DATE('05/09/2015','DD/MM/YYYY'), 2);

INSERT INTO VENDA (ID_VENDA, ID_PRODUTO, NUMERO_QUARTO, DATA, QUANTIDADE) VALUES (32, 91, '167', TO_DATE('05/03/2015','DD/MM/YYYY'), 4);

INSERT INTO VENDA (ID_VENDA, ID_PRODUTO, NUMERO_QUARTO, DATA, QUANTIDADE) VALUES (33, 31, '297', TO_DATE('04/05/2017','DD/MM/YYYY'), 1);

INSERT INTO VENDA (ID_VENDA, ID_PRODUTO, NUMERO_QUARTO, DATA, QUANTIDADE) VALUES (34, 60, '222', TO_DATE('09/09/2016','DD/MM/YYYY'), 1);

INSERT INTO VENDA (ID_VENDA, ID_PRODUTO, NUMERO_QUARTO, DATA, QUANTIDADE) VALUES (35, 18, '229', TO_DATE('04/05/2019','DD/MM/YYYY'), 1);

INSERT INTO VENDA (ID_VENDA, ID_PRODUTO, NUMERO_QUARTO, DATA, QUANTIDADE) VALUES (36, 20, '238', TO_DATE('07/03/2017','DD/MM/YYYY'), 3);

INSERT INTO VENDA (ID_VENDA, ID_PRODUTO, NUMERO_QUARTO, DATA, QUANTIDADE) VALUES (37, 52, '123', TO_DATE('09/07/2018','DD/MM/YYYY'), 3);

INSERT INTO VENDA (ID_VENDA, ID_PRODUTO, NUMERO_QUARTO, DATA, QUANTIDADE) VALUES (38, 47, '106', TO_DATE('02/07/2017','DD/MM/YYYY'), 1);

INSERT INTO VENDA (ID_VENDA, ID_PRODUTO, NUMERO_QUARTO, DATA, QUANTIDADE) VALUES (39, 60, '227', TO_DATE('02/03/2019','DD/MM/YYYY'), 1);

INSERT INTO VENDA (ID_VENDA, ID_PRODUTO, NUMERO_QUARTO, DATA, QUANTIDADE) VALUES (40, 48, '117', TO_DATE('01/04/2018','DD/MM/YYYY'), 1);

INSERT INTO VENDA (ID_VENDA, ID_PRODUTO, NUMERO_QUARTO, DATA, QUANTIDADE) VALUES (41, 6, '299', TO_DATE('07/04/2017','DD/MM/YYYY'), 2);

INSERT INTO VENDA (ID_VENDA, ID_PRODUTO, NUMERO_QUARTO, DATA, QUANTIDADE) VALUES (42, 58, '197', TO_DATE('06/09/2015','DD/MM/YYYY'), 3);

INSERT INTO VENDA (ID_VENDA, ID_PRODUTO, NUMERO_QUARTO, DATA, QUANTIDADE) VALUES (43, 13, '123', TO_DATE('05/07/2016','DD/MM/YYYY'), 5);

INSERT INTO VENDA (ID_VENDA, ID_PRODUTO, NUMERO_QUARTO, DATA, QUANTIDADE) VALUES (44, 14, '279', TO_DATE('07/02/2015','DD/MM/YYYY'), 4);

INSERT INTO VENDA (ID_VENDA, ID_PRODUTO, NUMERO_QUARTO, DATA, QUANTIDADE) VALUES (45, 92, '167', TO_DATE('05/02/2018','DD/MM/YYYY'), 1);

INSERT INTO VENDA (ID_VENDA, ID_PRODUTO, NUMERO_QUARTO, DATA, QUANTIDADE) VALUES (46, 50, '163', TO_DATE('04/02/2017','DD/MM/YYYY'), 5);

INSERT INTO VENDA (ID_VENDA, ID_PRODUTO, NUMERO_QUARTO, DATA, QUANTIDADE) VALUES (47, 77, '106', TO_DATE('06/04/2018','DD/MM/YYYY'), 3);

INSERT INTO VENDA (ID_VENDA, ID_PRODUTO, NUMERO_QUARTO, DATA, QUANTIDADE) VALUES (48, 95, '117', TO_DATE('06/04/2015','DD/MM/YYYY'), 4);

INSERT INTO VENDA (ID_VENDA, ID_PRODUTO, NUMERO_QUARTO, DATA, QUANTIDADE) VALUES (49, 81, '197', TO_DATE('04/06/2016','DD/MM/YYYY'), 1);

INSERT INTO VENDA (ID_VENDA, ID_PRODUTO, NUMERO_QUARTO, DATA, QUANTIDADE) VALUES (50, 64, '297', TO_DATE('06/07/2015','DD/MM/YYYY'), 3);

INSERT INTO VENDA (ID_VENDA, ID_PRODUTO, NUMERO_QUARTO, DATA, QUANTIDADE) VALUES (51, 50, '155', TO_DATE('05/04/2018','DD/MM/YYYY'), 5);

INSERT INTO VENDA (ID_VENDA, ID_PRODUTO, NUMERO_QUARTO, DATA, QUANTIDADE) VALUES (52, 69, '159', TO_DATE('02/04/2016','DD/MM/YYYY'), 2);

INSERT INTO VENDA (ID_VENDA, ID_PRODUTO, NUMERO_QUARTO, DATA, QUANTIDADE) VALUES (53, 36, '123', TO_DATE('01/06/2018','DD/MM/YYYY'), 5);

INSERT INTO VENDA (ID_VENDA, ID_PRODUTO, NUMERO_QUARTO, DATA, QUANTIDADE) VALUES (54, 31, '152', TO_DATE('08/03/2018','DD/MM/YYYY'), 1);

INSERT INTO VENDA (ID_VENDA, ID_PRODUTO, NUMERO_QUARTO, DATA, QUANTIDADE) VALUES (55, 31, '297', TO_DATE('09/09/2015','DD/MM/YYYY'), 3);

INSERT INTO VENDA (ID_VENDA, ID_PRODUTO, NUMERO_QUARTO, DATA, QUANTIDADE) VALUES (56, 23, '197', TO_DATE('05/04/2016','DD/MM/YYYY'), 5);

INSERT INTO VENDA (ID_VENDA, ID_PRODUTO, NUMERO_QUARTO, DATA, QUANTIDADE) VALUES (57, 20, '222', TO_DATE('02/04/2017','DD/MM/YYYY'), 3);

INSERT INTO VENDA (ID_VENDA, ID_PRODUTO, NUMERO_QUARTO, DATA, QUANTIDADE) VALUES (58, 58, '123', TO_DATE('08/09/2017','DD/MM/YYYY'), 3);

INSERT INTO VENDA (ID_VENDA, ID_PRODUTO, NUMERO_QUARTO, DATA, QUANTIDADE) VALUES (59, 18, '238', TO_DATE('06/01/2019','DD/MM/YYYY'), 2);

INSERT INTO VENDA (ID_VENDA, ID_PRODUTO, NUMERO_QUARTO, DATA, QUANTIDADE) VALUES (60, 1, '159', TO_DATE('06/04/2018','DD/MM/YYYY'), 2);

INSERT INTO VENDA (ID_VENDA, ID_PRODUTO, NUMERO_QUARTO, DATA, QUANTIDADE) VALUES (61, 48, '222', TO_DATE('07/02/2015','DD/MM/YYYY'), 1);

INSERT INTO VENDA (ID_VENDA, ID_PRODUTO, NUMERO_QUARTO, DATA, QUANTIDADE) VALUES (62, 4, '238', TO_DATE('03/08/2016','DD/MM/YYYY'), 1);

INSERT INTO VENDA (ID_VENDA, ID_PRODUTO, NUMERO_QUARTO, DATA, QUANTIDADE) VALUES (63, 75, '204', TO_DATE('02/03/2016','DD/MM/YYYY'), 4);

INSERT INTO VENDA (ID_VENDA, ID_PRODUTO, NUMERO_QUARTO, DATA, QUANTIDADE) VALUES (64, 43, '223', TO_DATE('08/07/2016','DD/MM/YYYY'), 5);

INSERT INTO VENDA (ID_VENDA, ID_PRODUTO, NUMERO_QUARTO, DATA, QUANTIDADE) VALUES (65, 82, '146', TO_DATE('05/03/2018','DD/MM/YYYY'), 3);

INSERT INTO VENDA (ID_VENDA, ID_PRODUTO, NUMERO_QUARTO, DATA, QUANTIDADE) VALUES (66, 73, '159', TO_DATE('07/07/2017','DD/MM/YYYY'), 1);

INSERT INTO VENDA (ID_VENDA, ID_PRODUTO, NUMERO_QUARTO, DATA, QUANTIDADE) VALUES (67, 82, '123', TO_DATE('07/06/2018','DD/MM/YYYY'), 4);

INSERT INTO VENDA (ID_VENDA, ID_PRODUTO, NUMERO_QUARTO, DATA, QUANTIDADE) VALUES (68, 77, '288', TO_DATE('01/04/2017','DD/MM/YYYY'), 1);

INSERT INTO VENDA (ID_VENDA, ID_PRODUTO, NUMERO_QUARTO, DATA, QUANTIDADE) VALUES (69, 58, '163', TO_DATE('07/07/2017','DD/MM/YYYY'), 3);

INSERT INTO VENDA (ID_VENDA, ID_PRODUTO, NUMERO_QUARTO, DATA, QUANTIDADE) VALUES (70, 87, '223', TO_DATE('08/06/2019','DD/MM/YYYY'), 2);

INSERT INTO VENDA (ID_VENDA, ID_PRODUTO, NUMERO_QUARTO, DATA, QUANTIDADE) VALUES (71, 50, '263', TO_DATE('05/04/2016','DD/MM/YYYY'), 1);

INSERT INTO VENDA (ID_VENDA, ID_PRODUTO, NUMERO_QUARTO, DATA, QUANTIDADE) VALUES (72, 88, '123', TO_DATE('07/06/2017','DD/MM/YYYY'), 1);

INSERT INTO VENDA (ID_VENDA, ID_PRODUTO, NUMERO_QUARTO, DATA, QUANTIDADE) VALUES (73, 45, '297', TO_DATE('06/08/2016','DD/MM/YYYY'), 4);

INSERT INTO VENDA (ID_VENDA, ID_PRODUTO, NUMERO_QUARTO, DATA, QUANTIDADE) VALUES (74, 13, '173', TO_DATE('03/03/2015','DD/MM/YYYY'), 3);

INSERT INTO VENDA (ID_VENDA, ID_PRODUTO, NUMERO_QUARTO, DATA, QUANTIDADE) VALUES (75, 18, '238', TO_DATE('06/05/2016','DD/MM/YYYY'), 3);

INSERT INTO VENDA (ID_VENDA, ID_PRODUTO, NUMERO_QUARTO, DATA, QUANTIDADE) VALUES (76, 23, '143', TO_DATE('07/07/2015','DD/MM/YYYY'), 3);

INSERT INTO VENDA (ID_VENDA, ID_PRODUTO, NUMERO_QUARTO, DATA, QUANTIDADE) VALUES (77, 7, '267', TO_DATE('07/08/2019','DD/MM/YYYY'), 4);

INSERT INTO VENDA (ID_VENDA, ID_PRODUTO, NUMERO_QUARTO, DATA, QUANTIDADE) VALUES (78, 59, '223', TO_DATE('02/01/2016','DD/MM/YYYY'), 4);

INSERT INTO VENDA (ID_VENDA, ID_PRODUTO, NUMERO_QUARTO, DATA, QUANTIDADE) VALUES (79, 4, '163', TO_DATE('06/04/2018','DD/MM/YYYY'), 2);

INSERT INTO VENDA (ID_VENDA, ID_PRODUTO, NUMERO_QUARTO, DATA, QUANTIDADE) VALUES (80, 20, '279', TO_DATE('06/02/2018','DD/MM/YYYY'), 3);

INSERT INTO VENDA (ID_VENDA, ID_PRODUTO, NUMERO_QUARTO, DATA, QUANTIDADE) VALUES (81, 36, '131', TO_DATE('06/01/2016','DD/MM/YYYY'), 5);

INSERT INTO VENDA (ID_VENDA, ID_PRODUTO, NUMERO_QUARTO, DATA, QUANTIDADE) VALUES (82, 2, '147', TO_DATE('01/01/2016','DD/MM/YYYY'), 1);

INSERT INTO VENDA (ID_VENDA, ID_PRODUTO, NUMERO_QUARTO, DATA, QUANTIDADE) VALUES (83, 22, '229', TO_DATE('08/07/2018','DD/MM/YYYY'), 2);

INSERT INTO VENDA (ID_VENDA, ID_PRODUTO, NUMERO_QUARTO, DATA, QUANTIDADE) VALUES (84, 84, '253', TO_DATE('04/07/2018','DD/MM/YYYY'), 3);

INSERT INTO VENDA (ID_VENDA, ID_PRODUTO, NUMERO_QUARTO, DATA, QUANTIDADE) VALUES (85, 1, '159', TO_DATE('09/08/2016','DD/MM/YYYY'), 4);

INSERT INTO VENDA (ID_VENDA, ID_PRODUTO, NUMERO_QUARTO, DATA, QUANTIDADE) VALUES (86, 62, '204', TO_DATE('09/08/2017','DD/MM/YYYY'), 2);

INSERT INTO VENDA (ID_VENDA, ID_PRODUTO, NUMERO_QUARTO, DATA, QUANTIDADE) VALUES (87, 80, '279', TO_DATE('01/03/2016','DD/MM/YYYY'), 2);

INSERT INTO VENDA (ID_VENDA, ID_PRODUTO, NUMERO_QUARTO, DATA, QUANTIDADE) VALUES (88, 14, '227', TO_DATE('01/07/2018','DD/MM/YYYY'), 3);

INSERT INTO VENDA (ID_VENDA, ID_PRODUTO, NUMERO_QUARTO, DATA, QUANTIDADE) VALUES (89, 98, '147', TO_DATE('07/04/2015','DD/MM/YYYY'), 1);

INSERT INTO VENDA (ID_VENDA, ID_PRODUTO, NUMERO_QUARTO, DATA, QUANTIDADE) VALUES (90, 59, '297', TO_DATE('06/05/2018','DD/MM/YYYY'), 2);

INSERT INTO VENDA (ID_VENDA, ID_PRODUTO, NUMERO_QUARTO, DATA, QUANTIDADE) VALUES (91, 36, '223', TO_DATE('08/07/2019','DD/MM/YYYY'), 2);

INSERT INTO VENDA (ID_VENDA, ID_PRODUTO, NUMERO_QUARTO, DATA, QUANTIDADE) VALUES (92, 16, '131', TO_DATE('03/07/2015','DD/MM/YYYY'), 5);

INSERT INTO VENDA (ID_VENDA, ID_PRODUTO, NUMERO_QUARTO, DATA, QUANTIDADE) VALUES (93, 80, '222', TO_DATE('06/08/2016','DD/MM/YYYY'), 1);

INSERT INTO VENDA (ID_VENDA, ID_PRODUTO, NUMERO_QUARTO, DATA, QUANTIDADE) VALUES (94, 41, '106', TO_DATE('05/04/2016','DD/MM/YYYY'), 2);

INSERT INTO VENDA (ID_VENDA, ID_PRODUTO, NUMERO_QUARTO, DATA, QUANTIDADE) VALUES (95, 30, '288', TO_DATE('04/04/2019','DD/MM/YYYY'), 4);

INSERT INTO VENDA (ID_VENDA, ID_PRODUTO, NUMERO_QUARTO, DATA, QUANTIDADE) VALUES (96, 31, '155', TO_DATE('06/06/2015','DD/MM/YYYY'), 1);

INSERT INTO VENDA (ID_VENDA, ID_PRODUTO, NUMERO_QUARTO, DATA, QUANTIDADE) VALUES (97, 8, '118', TO_DATE('05/07/2017','DD/MM/YYYY'), 4);

INSERT INTO VENDA (ID_VENDA, ID_PRODUTO, NUMERO_QUARTO, DATA, QUANTIDADE) VALUES (98, 50, '223', TO_DATE('01/04/2018','DD/MM/YYYY'), 5);

INSERT INTO VENDA (ID_VENDA, ID_PRODUTO, NUMERO_QUARTO, DATA, QUANTIDADE) VALUES (99, 23, '263', TO_DATE('09/06/2019','DD/MM/YYYY'), 5);

INSERT INTO VENDA (ID_VENDA, ID_PRODUTO, NUMERO_QUARTO, DATA, QUANTIDADE) VALUES (100, 99, '159', TO_DATE('03/06/2016','DD/MM/YYYY'), 2);

INSERT INTO VENDA (ID_VENDA, ID_PRODUTO, NUMERO_QUARTO, DATA, QUANTIDADE) VALUES (101, 32, '117', TO_DATE('02/05/2015','DD/MM/YYYY'), 3);

INSERT INTO VENDA (ID_VENDA, ID_PRODUTO, NUMERO_QUARTO, DATA, QUANTIDADE) VALUES (102, 70, '229', TO_DATE('08/01/2019','DD/MM/YYYY'), 3);

INSERT INTO VENDA (ID_VENDA, ID_PRODUTO, NUMERO_QUARTO, DATA, QUANTIDADE) VALUES (103, 23, '227', TO_DATE('01/07/2016','DD/MM/YYYY'), 1);

INSERT INTO VENDA (ID_VENDA, ID_PRODUTO, NUMERO_QUARTO, DATA, QUANTIDADE) VALUES (104, 85, '131', TO_DATE('04/05/2017','DD/MM/YYYY'), 2);

INSERT INTO VENDA (ID_VENDA, ID_PRODUTO, NUMERO_QUARTO, DATA, QUANTIDADE) VALUES (105, 52, '279', TO_DATE('03/04/2019','DD/MM/YYYY'), 5);

INSERT INTO VENDA (ID_VENDA, ID_PRODUTO, NUMERO_QUARTO, DATA, QUANTIDADE) VALUES (106, 14, '123', TO_DATE('01/05/2016','DD/MM/YYYY'), 1);

INSERT INTO VENDA (ID_VENDA, ID_PRODUTO, NUMERO_QUARTO, DATA, QUANTIDADE) VALUES (107, 12, '159', TO_DATE('07/04/2017','DD/MM/YYYY'), 3);

INSERT INTO VENDA (ID_VENDA, ID_PRODUTO, NUMERO_QUARTO, DATA, QUANTIDADE) VALUES (108, 91, '118', TO_DATE('02/04/2019','DD/MM/YYYY'), 1);

INSERT INTO VENDA (ID_VENDA, ID_PRODUTO, NUMERO_QUARTO, DATA, QUANTIDADE) VALUES (109, 17, '163', TO_DATE('03/06/2015','DD/MM/YYYY'), 4);

INSERT INTO VENDA (ID_VENDA, ID_PRODUTO, NUMERO_QUARTO, DATA, QUANTIDADE) VALUES (110, 90, '155', TO_DATE('08/06/2015','DD/MM/YYYY'), 4);

INSERT INTO VENDA (ID_VENDA, ID_PRODUTO, NUMERO_QUARTO, DATA, QUANTIDADE) VALUES (111, 94, '140', TO_DATE('02/05/2019','DD/MM/YYYY'), 4);

INSERT INTO VENDA (ID_VENDA, ID_PRODUTO, NUMERO_QUARTO, DATA, QUANTIDADE) VALUES (112, 26, '223', TO_DATE('06/06/2016','DD/MM/YYYY'), 2);

INSERT INTO VENDA (ID_VENDA, ID_PRODUTO, NUMERO_QUARTO, DATA, QUANTIDADE) VALUES (113, 36, '271', TO_DATE('09/06/2017','DD/MM/YYYY'), 2);

INSERT INTO VENDA (ID_VENDA, ID_PRODUTO, NUMERO_QUARTO, DATA, QUANTIDADE) VALUES (114, 80, '288', TO_DATE('04/04/2018','DD/MM/YYYY'), 1);

INSERT INTO VENDA (ID_VENDA, ID_PRODUTO, NUMERO_QUARTO, DATA, QUANTIDADE) VALUES (115, 23, '223', TO_DATE('03/09/2018','DD/MM/YYYY'), 4);

INSERT INTO VENDA (ID_VENDA, ID_PRODUTO, NUMERO_QUARTO, DATA, QUANTIDADE) VALUES (116, 94, '159', TO_DATE('08/01/2018','DD/MM/YYYY'), 1);

INSERT INTO VENDA (ID_VENDA, ID_PRODUTO, NUMERO_QUARTO, DATA, QUANTIDADE) VALUES (117, 52, '147', TO_DATE('02/03/2019','DD/MM/YYYY'), 2);

INSERT INTO VENDA (ID_VENDA, ID_PRODUTO, NUMERO_QUARTO, DATA, QUANTIDADE) VALUES (118, 70, '118', TO_DATE('01/09/2019','DD/MM/YYYY'), 4);

INSERT INTO VENDA (ID_VENDA, ID_PRODUTO, NUMERO_QUARTO, DATA, QUANTIDADE) VALUES (119, 89, '229', TO_DATE('04/05/2015','DD/MM/YYYY'), 2);

INSERT INTO VENDA (ID_VENDA, ID_PRODUTO, NUMERO_QUARTO, DATA, QUANTIDADE) VALUES (120, 72, '267', TO_DATE('02/06/2017','DD/MM/YYYY'), 2);

INSERT INTO VENDA (ID_VENDA, ID_PRODUTO, NUMERO_QUARTO, DATA, QUANTIDADE) VALUES (121, 27, '152', TO_DATE('07/07/2018','DD/MM/YYYY'), 2);

INSERT INTO VENDA (ID_VENDA, ID_PRODUTO, NUMERO_QUARTO, DATA, QUANTIDADE) VALUES (122, 71, '253', TO_DATE('05/04/2018','DD/MM/YYYY'), 4);

INSERT INTO VENDA (ID_VENDA, ID_PRODUTO, NUMERO_QUARTO, DATA, QUANTIDADE) VALUES (123, 71, '143', TO_DATE('03/01/2017','DD/MM/YYYY'), 2);

INSERT INTO VENDA (ID_VENDA, ID_PRODUTO, NUMERO_QUARTO, DATA, QUANTIDADE) VALUES (124, 42, '143', TO_DATE('03/01/2015','DD/MM/YYYY'), 5);

INSERT INTO VENDA (ID_VENDA, ID_PRODUTO, NUMERO_QUARTO, DATA, QUANTIDADE) VALUES (125, 95, '204', TO_DATE('01/03/2018','DD/MM/YYYY'), 2);

INSERT INTO VENDA (ID_VENDA, ID_PRODUTO, NUMERO_QUARTO, DATA, QUANTIDADE) VALUES (126, 55, '152', TO_DATE('08/01/2017','DD/MM/YYYY'), 3);

INSERT INTO VENDA (ID_VENDA, ID_PRODUTO, NUMERO_QUARTO, DATA, QUANTIDADE) VALUES (127, 80, '299', TO_DATE('01/05/2015','DD/MM/YYYY'), 5);

INSERT INTO VENDA (ID_VENDA, ID_PRODUTO, NUMERO_QUARTO, DATA, QUANTIDADE) VALUES (128, 20, '223', TO_DATE('03/01/2019','DD/MM/YYYY'), 4);

INSERT INTO VENDA (ID_VENDA, ID_PRODUTO, NUMERO_QUARTO, DATA, QUANTIDADE) VALUES (129, 28, '297', TO_DATE('02/05/2017','DD/MM/YYYY'), 1);

INSERT INTO VENDA (ID_VENDA, ID_PRODUTO, NUMERO_QUARTO, DATA, QUANTIDADE) VALUES (130, 2, '253', TO_DATE('09/09/2016','DD/MM/YYYY'), 2);

INSERT INTO VENDA (ID_VENDA, ID_PRODUTO, NUMERO_QUARTO, DATA, QUANTIDADE) VALUES (131, 98, '147', TO_DATE('02/06/2017','DD/MM/YYYY'), 1);

INSERT INTO VENDA (ID_VENDA, ID_PRODUTO, NUMERO_QUARTO, DATA, QUANTIDADE) VALUES (132, 19, '106', TO_DATE('07/05/2016','DD/MM/YYYY'), 4);

INSERT INTO VENDA (ID_VENDA, ID_PRODUTO, NUMERO_QUARTO, DATA, QUANTIDADE) VALUES (133, 2, '222', TO_DATE('05/07/2015','DD/MM/YYYY'), 1);

INSERT INTO VENDA (ID_VENDA, ID_PRODUTO, NUMERO_QUARTO, DATA, QUANTIDADE) VALUES (134, 45, '238', TO_DATE('09/07/2019','DD/MM/YYYY'), 3);

INSERT INTO VENDA (ID_VENDA, ID_PRODUTO, NUMERO_QUARTO, DATA, QUANTIDADE) VALUES (135, 14, '155', TO_DATE('09/09/2016','DD/MM/YYYY'), 2);

INSERT INTO VENDA (ID_VENDA, ID_PRODUTO, NUMERO_QUARTO, DATA, QUANTIDADE) VALUES (136, 85, '297', TO_DATE('09/06/2019','DD/MM/YYYY'), 1);

INSERT INTO VENDA (ID_VENDA, ID_PRODUTO, NUMERO_QUARTO, DATA, QUANTIDADE) VALUES (137, 18, '173', TO_DATE('07/02/2018','DD/MM/YYYY'), 3);

INSERT INTO VENDA (ID_VENDA, ID_PRODUTO, NUMERO_QUARTO, DATA, QUANTIDADE) VALUES (138, 41, '167', TO_DATE('02/01/2018','DD/MM/YYYY'), 1);

INSERT INTO VENDA (ID_VENDA, ID_PRODUTO, NUMERO_QUARTO, DATA, QUANTIDADE) VALUES (139, 23, '204', TO_DATE('04/05/2016','DD/MM/YYYY'), 1);

INSERT INTO VENDA (ID_VENDA, ID_PRODUTO, NUMERO_QUARTO, DATA, QUANTIDADE) VALUES (140, 52, '229', TO_DATE('09/07/2015','DD/MM/YYYY'), 2);

INSERT INTO VENDA (ID_VENDA, ID_PRODUTO, NUMERO_QUARTO, DATA, QUANTIDADE) VALUES (141, 61, '299', TO_DATE('03/02/2017','DD/MM/YYYY'), 2);

INSERT INTO VENDA (ID_VENDA, ID_PRODUTO, NUMERO_QUARTO, DATA, QUANTIDADE) VALUES (142, 37, '163', TO_DATE('06/07/2019','DD/MM/YYYY'), 2);

INSERT INTO VENDA (ID_VENDA, ID_PRODUTO, NUMERO_QUARTO, DATA, QUANTIDADE) VALUES (143, 87, '223', TO_DATE('01/07/2016','DD/MM/YYYY'), 3);

INSERT INTO VENDA (ID_VENDA, ID_PRODUTO, NUMERO_QUARTO, DATA, QUANTIDADE) VALUES (144, 43, '204', TO_DATE('09/02/2018','DD/MM/YYYY'), 4);

INSERT INTO VENDA (ID_VENDA, ID_PRODUTO, NUMERO_QUARTO, DATA, QUANTIDADE) VALUES (145, 67, '222', TO_DATE('09/03/2017','DD/MM/YYYY'), 3);

INSERT INTO VENDA (ID_VENDA, ID_PRODUTO, NUMERO_QUARTO, DATA, QUANTIDADE) VALUES (146, 41, '279', TO_DATE('09/02/2018','DD/MM/YYYY'), 1);

INSERT INTO VENDA (ID_VENDA, ID_PRODUTO, NUMERO_QUARTO, DATA, QUANTIDADE) VALUES (147, 75, '147', TO_DATE('01/08/2016','DD/MM/YYYY'), 2);

INSERT INTO VENDA (ID_VENDA, ID_PRODUTO, NUMERO_QUARTO, DATA, QUANTIDADE) VALUES (148, 46, '152', TO_DATE('07/06/2018','DD/MM/YYYY'), 2);

INSERT INTO VENDA (ID_VENDA, ID_PRODUTO, NUMERO_QUARTO, DATA, QUANTIDADE) VALUES (149, 3, '143', TO_DATE('06/02/2015','DD/MM/YYYY'), 4);

INSERT INTO VENDA (ID_VENDA, ID_PRODUTO, NUMERO_QUARTO, DATA, QUANTIDADE) VALUES (150, 36, '140', TO_DATE('08/07/2018','DD/MM/YYYY'), 3);

-----Manutenção------

INSERT INTO MANUTENCAO (ID_MANUTENCAO, CPF_FUNCIONARIO, NUMERO_QUARTO, DATA, TIPO_MANUTENCAO, OBSERVACAO) VALUES (1, '392.614.490-55', '117', TO_DATE('07/09/2017','DD/MM/YYYY'), 'limpeza', 'Nenhuma');

INSERT INTO MANUTENCAO (ID_MANUTENCAO, CPF_FUNCIONARIO, NUMERO_QUARTO, DATA, TIPO_MANUTENCAO, OBSERVACAO) VALUES (2, '850.207.435-17', '152', TO_DATE('01/06/2018','DD/MM/YYYY'), 'conserto', 'Uma bela e linda observação');

INSERT INTO MANUTENCAO (ID_MANUTENCAO, CPF_FUNCIONARIO, NUMERO_QUARTO, DATA, TIPO_MANUTENCAO, OBSERVACAO) VALUES (3, '809.712.710-43', '140', TO_DATE('04/07/2016','DD/MM/YYYY'), 'conserto', 'Uma bela e linda observação');

INSERT INTO MANUTENCAO (ID_MANUTENCAO, CPF_FUNCIONARIO, NUMERO_QUARTO, DATA, TIPO_MANUTENCAO, OBSERVACAO) VALUES (4, '777.544.843-92', '267', TO_DATE('06/05/2017','DD/MM/YYYY'), 'conserto', 'Uma bela e linda observação');

INSERT INTO MANUTENCAO (ID_MANUTENCAO, CPF_FUNCIONARIO, NUMERO_QUARTO, DATA, TIPO_MANUTENCAO, OBSERVACAO) VALUES (5, '247.969.247-51', '267', TO_DATE('06/04/2018','DD/MM/YYYY'), 'conserto', 'Uma bela e linda observação');

INSERT INTO MANUTENCAO (ID_MANUTENCAO, CPF_FUNCIONARIO, NUMERO_QUARTO, DATA, TIPO_MANUTENCAO, OBSERVACAO) VALUES (6, '110.310.526-35', '204', TO_DATE('01/08/2018','DD/MM/YYYY'), 'conserto', 'Uma bela e linda observação');

INSERT INTO MANUTENCAO (ID_MANUTENCAO, CPF_FUNCIONARIO, NUMERO_QUARTO, DATA, TIPO_MANUTENCAO, OBSERVACAO) VALUES (7, '809.712.710-43', '222', TO_DATE('02/06/2018','DD/MM/YYYY'), 'conserto', 'Nenhuma');

INSERT INTO MANUTENCAO (ID_MANUTENCAO, CPF_FUNCIONARIO, NUMERO_QUARTO, DATA, TIPO_MANUTENCAO, OBSERVACAO) VALUES (8, '392.614.490-55', '197', TO_DATE('08/05/2016','DD/MM/YYYY'), 'conserto', 'Uma bela e linda observação');

INSERT INTO MANUTENCAO (ID_MANUTENCAO, CPF_FUNCIONARIO, NUMERO_QUARTO, DATA, TIPO_MANUTENCAO, OBSERVACAO) VALUES (9, '110.310.526-35', '288', TO_DATE('06/02/2019','DD/MM/YYYY'), 'conserto', 'Uma bela e linda observação');

INSERT INTO MANUTENCAO (ID_MANUTENCAO, CPF_FUNCIONARIO, NUMERO_QUARTO, DATA, TIPO_MANUTENCAO, OBSERVACAO) VALUES (10, '392.614.490-55', '147', TO_DATE('03/05/2015','DD/MM/YYYY'), 'conserto', 'Uma bela e linda observação');

INSERT INTO MANUTENCAO (ID_MANUTENCAO, CPF_FUNCIONARIO, NUMERO_QUARTO, DATA, TIPO_MANUTENCAO, OBSERVACAO) VALUES (11, '189.294.606-19', '173', TO_DATE('03/07/2018','DD/MM/YYYY'), 'conserto', 'Nenhuma');

INSERT INTO MANUTENCAO (ID_MANUTENCAO, CPF_FUNCIONARIO, NUMERO_QUARTO, DATA, TIPO_MANUTENCAO, OBSERVACAO) VALUES (12, '110.310.526-35', '279', TO_DATE('09/09/2018','DD/MM/YYYY'), 'conserto', 'Uma bela e linda observação');

INSERT INTO MANUTENCAO (ID_MANUTENCAO, CPF_FUNCIONARIO, NUMERO_QUARTO, DATA, TIPO_MANUTENCAO, OBSERVACAO) VALUES (13, '189.294.606-19', '197', TO_DATE('04/09/2018','DD/MM/YYYY'), 'limpeza', 'Uma bela e linda observação');

INSERT INTO MANUTENCAO (ID_MANUTENCAO, CPF_FUNCIONARIO, NUMERO_QUARTO, DATA, TIPO_MANUTENCAO, OBSERVACAO) VALUES (14, '386.467.598-40', '155', TO_DATE('08/08/2016','DD/MM/YYYY'), 'conserto', 'Nenhuma');

INSERT INTO MANUTENCAO (ID_MANUTENCAO, CPF_FUNCIONARIO, NUMERO_QUARTO, DATA, TIPO_MANUTENCAO, OBSERVACAO) VALUES (15, '392.614.490-55', '167', TO_DATE('09/05/2017','DD/MM/YYYY'), 'conserto', 'Uma bela e linda observação');

INSERT INTO MANUTENCAO (ID_MANUTENCAO, CPF_FUNCIONARIO, NUMERO_QUARTO, DATA, TIPO_MANUTENCAO, OBSERVACAO) VALUES (16, '110.310.526-35', '118', TO_DATE('08/09/2016','DD/MM/YYYY'), 'limpeza', 'Uma bela e linda observação');

INSERT INTO MANUTENCAO (ID_MANUTENCAO, CPF_FUNCIONARIO, NUMERO_QUARTO, DATA, TIPO_MANUTENCAO, OBSERVACAO) VALUES (17, '355.151.448-68', '253', TO_DATE('01/04/2016','DD/MM/YYYY'), 'limpeza', 'Uma bela e linda observação');

INSERT INTO MANUTENCAO (ID_MANUTENCAO, CPF_FUNCIONARIO, NUMERO_QUARTO, DATA, TIPO_MANUTENCAO, OBSERVACAO) VALUES (18, '110.310.526-35', '163', TO_DATE('07/01/2015','DD/MM/YYYY'), 'limpeza', 'Uma bela e linda observação');

INSERT INTO MANUTENCAO (ID_MANUTENCAO, CPF_FUNCIONARIO, NUMERO_QUARTO, DATA, TIPO_MANUTENCAO, OBSERVACAO) VALUES (19, '809.712.710-43', '297', TO_DATE('02/01/2017','DD/MM/YYYY'), 'conserto', 'Nenhuma');

INSERT INTO MANUTENCAO (ID_MANUTENCAO, CPF_FUNCIONARIO, NUMERO_QUARTO, DATA, TIPO_MANUTENCAO, OBSERVACAO) VALUES (20, '355.151.448-68', '267', TO_DATE('05/03/2015','DD/MM/YYYY'), 'conserto', 'Nenhuma');

INSERT INTO MANUTENCAO (ID_MANUTENCAO, CPF_FUNCIONARIO, NUMERO_QUARTO, DATA, TIPO_MANUTENCAO, OBSERVACAO) VALUES (21, '850.207.435-17', '222', TO_DATE('03/01/2019','DD/MM/YYYY'), 'conserto', 'Uma bela e linda observação');

INSERT INTO MANUTENCAO (ID_MANUTENCAO, CPF_FUNCIONARIO, NUMERO_QUARTO, DATA, TIPO_MANUTENCAO, OBSERVACAO) VALUES (22, '189.294.606-19', '147', TO_DATE('01/09/2019','DD/MM/YYYY'), 'limpeza', 'Nenhuma');

INSERT INTO MANUTENCAO (ID_MANUTENCAO, CPF_FUNCIONARIO, NUMERO_QUARTO, DATA, TIPO_MANUTENCAO, OBSERVACAO) VALUES (23, '189.294.606-19', '297', TO_DATE('06/09/2016','DD/MM/YYYY'), 'limpeza', 'Nenhuma');

INSERT INTO MANUTENCAO (ID_MANUTENCAO, CPF_FUNCIONARIO, NUMERO_QUARTO, DATA, TIPO_MANUTENCAO, OBSERVACAO) VALUES (24, '355.151.448-68', '117', TO_DATE('09/02/2016','DD/MM/YYYY'), 'conserto', 'Nenhuma');

INSERT INTO MANUTENCAO (ID_MANUTENCAO, CPF_FUNCIONARIO, NUMERO_QUARTO, DATA, TIPO_MANUTENCAO, OBSERVACAO) VALUES (25, '624.579.712-91', '197', TO_DATE('05/01/2017','DD/MM/YYYY'), 'conserto', 'Uma bela e linda observação');

INSERT INTO MANUTENCAO (ID_MANUTENCAO, CPF_FUNCIONARIO, NUMERO_QUARTO, DATA, TIPO_MANUTENCAO, OBSERVACAO) VALUES (26, '777.544.843-92', '299', TO_DATE('05/09/2017','DD/MM/YYYY'), 'conserto', 'Nenhuma');

INSERT INTO MANUTENCAO (ID_MANUTENCAO, CPF_FUNCIONARIO, NUMERO_QUARTO, DATA, TIPO_MANUTENCAO, OBSERVACAO) VALUES (27, '777.544.843-92', '197', TO_DATE('08/08/2017','DD/MM/YYYY'), 'limpeza', 'Uma bela e linda observação');

INSERT INTO MANUTENCAO (ID_MANUTENCAO, CPF_FUNCIONARIO, NUMERO_QUARTO, DATA, TIPO_MANUTENCAO, OBSERVACAO) VALUES (28, '247.969.247-51', '227', TO_DATE('08/03/2019','DD/MM/YYYY'), 'limpeza', 'Nenhuma');

INSERT INTO MANUTENCAO (ID_MANUTENCAO, CPF_FUNCIONARIO, NUMERO_QUARTO, DATA, TIPO_MANUTENCAO, OBSERVACAO) VALUES (29, '850.207.435-17', '159', TO_DATE('04/02/2018','DD/MM/YYYY'), 'limpeza', 'Nenhuma');

INSERT INTO MANUTENCAO (ID_MANUTENCAO, CPF_FUNCIONARIO, NUMERO_QUARTO, DATA, TIPO_MANUTENCAO, OBSERVACAO) VALUES (30, '809.712.710-43', '229', TO_DATE('03/06/2018','DD/MM/YYYY'), 'limpeza', 'Nenhuma');

INSERT INTO MANUTENCAO (ID_MANUTENCAO, CPF_FUNCIONARIO, NUMERO_QUARTO, DATA, TIPO_MANUTENCAO, OBSERVACAO) VALUES (31, '777.544.843-92', '271', TO_DATE('04/02/2017','DD/MM/YYYY'), 'conserto', 'Uma bela e linda observação');

INSERT INTO MANUTENCAO (ID_MANUTENCAO, CPF_FUNCIONARIO, NUMERO_QUARTO, DATA, TIPO_MANUTENCAO, OBSERVACAO) VALUES (32, '624.579.712-91', '223', TO_DATE('07/03/2017','DD/MM/YYYY'), 'limpeza', 'Nenhuma');

INSERT INTO MANUTENCAO (ID_MANUTENCAO, CPF_FUNCIONARIO, NUMERO_QUARTO, DATA, TIPO_MANUTENCAO, OBSERVACAO) VALUES (33, '777.544.843-92', '147', TO_DATE('07/02/2018','DD/MM/YYYY'), 'conserto', 'Nenhuma');

INSERT INTO MANUTENCAO (ID_MANUTENCAO, CPF_FUNCIONARIO, NUMERO_QUARTO, DATA, TIPO_MANUTENCAO, OBSERVACAO) VALUES (34, '624.579.712-91', '223', TO_DATE('03/09/2015','DD/MM/YYYY'), 'conserto', 'Nenhuma');

INSERT INTO MANUTENCAO (ID_MANUTENCAO, CPF_FUNCIONARIO, NUMERO_QUARTO, DATA, TIPO_MANUTENCAO, OBSERVACAO) VALUES (35, '110.310.526-35', '155', TO_DATE('08/05/2018','DD/MM/YYYY'), 'conserto', 'Uma bela e linda observação');

INSERT INTO MANUTENCAO (ID_MANUTENCAO, CPF_FUNCIONARIO, NUMERO_QUARTO, DATA, TIPO_MANUTENCAO, OBSERVACAO) VALUES (36, '777.544.843-92', '288', TO_DATE('02/03/2016','DD/MM/YYYY'), 'limpeza', 'Uma bela e linda observação');

INSERT INTO MANUTENCAO (ID_MANUTENCAO, CPF_FUNCIONARIO, NUMERO_QUARTO, DATA, TIPO_MANUTENCAO, OBSERVACAO) VALUES (37, '850.207.435-17', '279', TO_DATE('04/05/2018','DD/MM/YYYY'), 'limpeza', 'Nenhuma');

INSERT INTO MANUTENCAO (ID_MANUTENCAO, CPF_FUNCIONARIO, NUMERO_QUARTO, DATA, TIPO_MANUTENCAO, OBSERVACAO) VALUES (38, '624.579.712-91', '159', TO_DATE('05/09/2015','DD/MM/YYYY'), 'limpeza', 'Uma bela e linda observação');

INSERT INTO MANUTENCAO (ID_MANUTENCAO, CPF_FUNCIONARIO, NUMERO_QUARTO, DATA, TIPO_MANUTENCAO, OBSERVACAO) VALUES (39, '809.712.710-43', '263', TO_DATE('08/08/2016','DD/MM/YYYY'), 'limpeza', 'Uma bela e linda observação');

INSERT INTO MANUTENCAO (ID_MANUTENCAO, CPF_FUNCIONARIO, NUMERO_QUARTO, DATA, TIPO_MANUTENCAO, OBSERVACAO) VALUES (40, '850.207.435-17', '299', TO_DATE('09/06/2015','DD/MM/YYYY'), 'limpeza', 'Uma bela e linda observação');

INSERT INTO MANUTENCAO (ID_MANUTENCAO, CPF_FUNCIONARIO, NUMERO_QUARTO, DATA, TIPO_MANUTENCAO, OBSERVACAO) VALUES (41, '110.310.526-35', '222', TO_DATE('03/07/2018','DD/MM/YYYY'), 'limpeza', 'Uma bela e linda observação');

INSERT INTO MANUTENCAO (ID_MANUTENCAO, CPF_FUNCIONARIO, NUMERO_QUARTO, DATA, TIPO_MANUTENCAO, OBSERVACAO) VALUES (42, '355.151.448-68', '155', TO_DATE('03/07/2018','DD/MM/YYYY'), 'conserto', 'Uma bela e linda observação');

INSERT INTO MANUTENCAO (ID_MANUTENCAO, CPF_FUNCIONARIO, NUMERO_QUARTO, DATA, TIPO_MANUTENCAO, OBSERVACAO) VALUES (43, '777.544.843-92', '297', TO_DATE('09/03/2018','DD/MM/YYYY'), 'limpeza', 'Nenhuma');

INSERT INTO MANUTENCAO (ID_MANUTENCAO, CPF_FUNCIONARIO, NUMERO_QUARTO, DATA, TIPO_MANUTENCAO, OBSERVACAO) VALUES (44, '850.207.435-17', '140', TO_DATE('02/05/2019','DD/MM/YYYY'), 'limpeza', 'Uma bela e linda observação');

INSERT INTO MANUTENCAO (ID_MANUTENCAO, CPF_FUNCIONARIO, NUMERO_QUARTO, DATA, TIPO_MANUTENCAO, OBSERVACAO) VALUES (45, '777.544.843-92', '279', TO_DATE('04/05/2018','DD/MM/YYYY'), 'limpeza', 'Nenhuma');

INSERT INTO MANUTENCAO (ID_MANUTENCAO, CPF_FUNCIONARIO, NUMERO_QUARTO, DATA, TIPO_MANUTENCAO, OBSERVACAO) VALUES (46, '386.467.598-40', '117', TO_DATE('06/02/2018','DD/MM/YYYY'), 'limpeza', 'Uma bela e linda observação');

INSERT INTO MANUTENCAO (ID_MANUTENCAO, CPF_FUNCIONARIO, NUMERO_QUARTO, DATA, TIPO_MANUTENCAO, OBSERVACAO) VALUES (47, '809.712.710-43', '238', TO_DATE('05/01/2019','DD/MM/YYYY'), 'conserto', 'Uma bela e linda observação');

INSERT INTO MANUTENCAO (ID_MANUTENCAO, CPF_FUNCIONARIO, NUMERO_QUARTO, DATA, TIPO_MANUTENCAO, OBSERVACAO) VALUES (48, '355.151.448-68', '204', TO_DATE('06/09/2019','DD/MM/YYYY'), 'conserto', 'Uma bela e linda observação');

INSERT INTO MANUTENCAO (ID_MANUTENCAO, CPF_FUNCIONARIO, NUMERO_QUARTO, DATA, TIPO_MANUTENCAO, OBSERVACAO) VALUES (49, '809.712.710-43', '173', TO_DATE('09/09/2016','DD/MM/YYYY'), 'limpeza', 'Uma bela e linda observação');

INSERT INTO MANUTENCAO (ID_MANUTENCAO, CPF_FUNCIONARIO, NUMERO_QUARTO, DATA, TIPO_MANUTENCAO, OBSERVACAO) VALUES (50, '355.151.448-68', '167', TO_DATE('02/04/2016','DD/MM/YYYY'), 'conserto', 'Uma bela e linda observação');

