-----Clientes-----

INSERT INTO CLIENTE (CPF, EMAIL, NOME, ENDERECO, SEXO, DATA_NASC) VALUES ('923.986.879-76','cliente00@gmail.com', 'cliente 00', 'Rua 1061', 'feminino', TO_DATE('03/07/1917','DD/MM/YYYY'));

INSERT INTO CLIENTE (CPF, EMAIL, NOME, ENDERECO, SEXO, DATA_NASC) VALUES ('904.566.799-78','cliente01@gmail.com', 'cliente 01', 'Rua 1492', 'masculino', TO_DATE('03/05/2019','DD/MM/YYYY'));

INSERT INTO CLIENTE (CPF, EMAIL, NOME, ENDERECO, SEXO, DATA_NASC) VALUES ('712.444.893-47','cliente02@gmail.com', 'cliente 02', 'Rua 1912', 'feminino', TO_DATE('06/01/1978','DD/MM/YYYY'));

INSERT INTO CLIENTE (CPF, EMAIL, NOME, ENDERECO, SEXO, DATA_NASC) VALUES ('860.405.105-52','cliente03@gmail.com', 'cliente 03', 'Rua 1090', 'masculino', TO_DATE('03/03/1946','DD/MM/YYYY'));

INSERT INTO CLIENTE (CPF, EMAIL, NOME, ENDERECO, SEXO, DATA_NASC) VALUES ('909.279.766-29','cliente04@gmail.com', 'cliente 04', 'Rua 1561', 'feminino', TO_DATE('02/02/2013','DD/MM/YYYY'));

INSERT INTO CLIENTE (CPF, EMAIL, NOME, ENDERECO, SEXO, DATA_NASC) VALUES ('454.378.795-95','cliente05@gmail.com', 'cliente 05', 'Rua 1962', 'masculino', TO_DATE('08/07/1925','DD/MM/YYYY'));

INSERT INTO CLIENTE (CPF, EMAIL, NOME, ENDERECO, SEXO, DATA_NASC) VALUES ('296.900.210-78','cliente06@gmail.com', 'cliente 06', 'Rua 1262', 'feminino', TO_DATE('04/01/2018','DD/MM/YYYY'));

INSERT INTO CLIENTE (CPF, EMAIL, NOME, ENDERECO, SEXO, DATA_NASC) VALUES ('903.944.686-59','cliente07@gmail.com', 'cliente 07', 'Rua 1991', 'masculino', TO_DATE('05/01/1929','DD/MM/YYYY'));

INSERT INTO CLIENTE (CPF, EMAIL, NOME, ENDERECO, SEXO, DATA_NASC) VALUES ('765.168.613-28','cliente08@gmail.com', 'cliente 08', 'Rua 1431', 'feminino', TO_DATE('09/01/1979','DD/MM/YYYY'));

INSERT INTO CLIENTE (CPF, EMAIL, NOME, ENDERECO, SEXO, DATA_NASC) VALUES ('884.971.378-30','cliente09@gmail.com', 'cliente 09', 'Rua 1154', 'masculino', TO_DATE('06/06/2013','DD/MM/YYYY'));

INSERT INTO CLIENTE (CPF, EMAIL, NOME, ENDERECO, SEXO, DATA_NASC) VALUES ('198.385.238-84','cliente010@gmail.com', 'cliente 010', 'Rua 1125', 'feminino', TO_DATE('02/01/1931','DD/MM/YYYY'));

INSERT INTO CLIENTE (CPF, EMAIL, NOME, ENDERECO, SEXO, DATA_NASC) VALUES ('803.121.410-14','cliente011@gmail.com', 'cliente 011', 'Rua 1130', 'masculino', TO_DATE('08/06/1953','DD/MM/YYYY'));

INSERT INTO CLIENTE (CPF, EMAIL, NOME, ENDERECO, SEXO, DATA_NASC) VALUES ('881.361.871-20','cliente012@gmail.com', 'cliente 012', 'Rua 1510', 'feminino', TO_DATE('04/06/1930','DD/MM/YYYY'));

INSERT INTO CLIENTE (CPF, EMAIL, NOME, ENDERECO, SEXO, DATA_NASC) VALUES ('909.685.848-46','cliente013@gmail.com', 'cliente 013', 'Rua 1517', 'masculino', TO_DATE('07/03/1942','DD/MM/YYYY'));

INSERT INTO CLIENTE (CPF, EMAIL, NOME, ENDERECO, SEXO, DATA_NASC) VALUES ('872.290.681-74','cliente014@gmail.com', 'cliente 014', 'Rua 1278', 'feminino', TO_DATE('04/04/2006','DD/MM/YYYY'));

INSERT INTO CLIENTE (CPF, EMAIL, NOME, ENDERECO, SEXO, DATA_NASC) VALUES ('101.988.834-26','cliente015@gmail.com', 'cliente 015', 'Rua 1629', 'masculino', TO_DATE('01/02/1958','DD/MM/YYYY'));

INSERT INTO CLIENTE (CPF, EMAIL, NOME, ENDERECO, SEXO, DATA_NASC) VALUES ('944.150.718-16','cliente016@gmail.com', 'cliente 016', 'Rua 1945', 'feminino', TO_DATE('07/04/2008','DD/MM/YYYY'));

INSERT INTO CLIENTE (CPF, EMAIL, NOME, ENDERECO, SEXO, DATA_NASC) VALUES ('322.145.868-52','cliente017@gmail.com', 'cliente 017', 'Rua 1919', 'masculino', TO_DATE('07/04/1942','DD/MM/YYYY'));

INSERT INTO CLIENTE (CPF, EMAIL, NOME, ENDERECO, SEXO, DATA_NASC) VALUES ('612.710.475-95','cliente018@gmail.com', 'cliente 018', 'Rua 1998', 'feminino', TO_DATE('06/08/1977','DD/MM/YYYY'));

INSERT INTO CLIENTE (CPF, EMAIL, NOME, ENDERECO, SEXO, DATA_NASC) VALUES ('668.371.240-92','cliente019@gmail.com', 'cliente 019', 'Rua 1143', 'masculino', TO_DATE('04/09/1946','DD/MM/YYYY'));

-----Dependentes------

INSERT INTO DEPENDENTE (CPF, DATA_NASC, NOME, CPF_CLIENTE) VALUES ('972.240.512-36', TO_DATE('02/02/1966','DD/MM/YYYY'),'dependente 01', '923.986.879-76');

INSERT INTO DEPENDENTE (CPF, DATA_NASC, NOME, CPF_CLIENTE) VALUES ('517.982.649-76', TO_DATE('06/02/1920','DD/MM/YYYY'),'dependente 02', '923.986.879-76');

INSERT INTO DEPENDENTE (CPF, DATA_NASC, NOME, CPF_CLIENTE) VALUES ('329.125.670-50', TO_DATE('05/07/1946','DD/MM/YYYY'),'dependente 03', '923.986.879-76');

INSERT INTO DEPENDENTE (CPF, DATA_NASC, NOME, CPF_CLIENTE) VALUES ('683.463.970-92', TO_DATE('05/08/2013','DD/MM/YYYY'),'dependente 04', '923.986.879-76');

INSERT INTO DEPENDENTE (CPF, DATA_NASC, NOME, CPF_CLIENTE) VALUES ('719.457.236-49', TO_DATE('05/09/1929','DD/MM/YYYY'),'dependente 05', '904.566.799-78');

INSERT INTO DEPENDENTE (CPF, DATA_NASC, NOME, CPF_CLIENTE) VALUES ('706.965.354-70', TO_DATE('06/02/1940','DD/MM/YYYY'),'dependente 06', '904.566.799-78');

INSERT INTO DEPENDENTE (CPF, DATA_NASC, NOME, CPF_CLIENTE) VALUES ('298.766.556-57', TO_DATE('03/07/1984','DD/MM/YYYY'),'dependente 07', '904.566.799-78');

INSERT INTO DEPENDENTE (CPF, DATA_NASC, NOME, CPF_CLIENTE) VALUES ('556.923.754-93', TO_DATE('09/01/1918','DD/MM/YYYY'),'dependente 08', '712.444.893-47');

INSERT INTO DEPENDENTE (CPF, DATA_NASC, NOME, CPF_CLIENTE) VALUES ('679.311.367-40', TO_DATE('02/04/1925','DD/MM/YYYY'),'dependente 09', '712.444.893-47');

INSERT INTO DEPENDENTE (CPF, DATA_NASC, NOME, CPF_CLIENTE) VALUES ('520.119.618-96', TO_DATE('02/05/2011','DD/MM/YYYY'),'dependente 010', '860.405.105-52');

INSERT INTO DEPENDENTE (CPF, DATA_NASC, NOME, CPF_CLIENTE) VALUES ('915.527.846-28', TO_DATE('04/07/2007','DD/MM/YYYY'),'dependente 011', '860.405.105-52');

INSERT INTO DEPENDENTE (CPF, DATA_NASC, NOME, CPF_CLIENTE) VALUES ('365.469.458-37', TO_DATE('03/09/1912','DD/MM/YYYY'),'dependente 012', '860.405.105-52');

INSERT INTO DEPENDENTE (CPF, DATA_NASC, NOME, CPF_CLIENTE) VALUES ('443.664.691-25', TO_DATE('09/07/2005','DD/MM/YYYY'),'dependente 013', '860.405.105-52');

INSERT INTO DEPENDENTE (CPF, DATA_NASC, NOME, CPF_CLIENTE) VALUES ('268.303.208-14', TO_DATE('06/06/1985','DD/MM/YYYY'),'dependente 014', '909.279.766-29');

INSERT INTO DEPENDENTE (CPF, DATA_NASC, NOME, CPF_CLIENTE) VALUES ('339.544.276-53', TO_DATE('02/01/1947','DD/MM/YYYY'),'dependente 015', '909.279.766-29');

INSERT INTO DEPENDENTE (CPF, DATA_NASC, NOME, CPF_CLIENTE) VALUES ('806.642.666-65', TO_DATE('05/03/2008','DD/MM/YYYY'),'dependente 016', '909.279.766-29');

INSERT INTO DEPENDENTE (CPF, DATA_NASC, NOME, CPF_CLIENTE) VALUES ('779.607.883-12', TO_DATE('06/04/2019','DD/MM/YYYY'),'dependente 017', '454.378.795-95');

INSERT INTO DEPENDENTE (CPF, DATA_NASC, NOME, CPF_CLIENTE) VALUES ('236.807.151-97', TO_DATE('07/09/1942','DD/MM/YYYY'),'dependente 018', '454.378.795-95');

INSERT INTO DEPENDENTE (CPF, DATA_NASC, NOME, CPF_CLIENTE) VALUES ('297.898.346-68', TO_DATE('09/06/1944','DD/MM/YYYY'),'dependente 019', '454.378.795-95');

INSERT INTO DEPENDENTE (CPF, DATA_NASC, NOME, CPF_CLIENTE) VALUES ('541.798.976-64', TO_DATE('01/06/2001','DD/MM/YYYY'),'dependente 020', '454.378.795-95');

INSERT INTO DEPENDENTE (CPF, DATA_NASC, NOME, CPF_CLIENTE) VALUES ('502.490.221-73', TO_DATE('05/06/1986','DD/MM/YYYY'),'dependente 021', '296.900.210-78');

INSERT INTO DEPENDENTE (CPF, DATA_NASC, NOME, CPF_CLIENTE) VALUES ('232.144.914-40', TO_DATE('02/04/1998','DD/MM/YYYY'),'dependente 022', '296.900.210-78');

INSERT INTO DEPENDENTE (CPF, DATA_NASC, NOME, CPF_CLIENTE) VALUES ('430.863.313-59', TO_DATE('05/01/1939','DD/MM/YYYY'),'dependente 023', '296.900.210-78');

INSERT INTO DEPENDENTE (CPF, DATA_NASC, NOME, CPF_CLIENTE) VALUES ('977.556.296-13', TO_DATE('09/05/1976','DD/MM/YYYY'),'dependente 024', '296.900.210-78');

INSERT INTO DEPENDENTE (CPF, DATA_NASC, NOME, CPF_CLIENTE) VALUES ('809.148.927-46', TO_DATE('07/05/2008','DD/MM/YYYY'),'dependente 025', '903.944.686-59');

INSERT INTO DEPENDENTE (CPF, DATA_NASC, NOME, CPF_CLIENTE) VALUES ('310.748.719-91', TO_DATE('01/07/1997','DD/MM/YYYY'),'dependente 026', '903.944.686-59');

INSERT INTO DEPENDENTE (CPF, DATA_NASC, NOME, CPF_CLIENTE) VALUES ('987.683.198-31', TO_DATE('01/01/1946','DD/MM/YYYY'),'dependente 027', '903.944.686-59');

INSERT INTO DEPENDENTE (CPF, DATA_NASC, NOME, CPF_CLIENTE) VALUES ('908.743.377-71', TO_DATE('09/08/1986','DD/MM/YYYY'),'dependente 028', '903.944.686-59');

INSERT INTO DEPENDENTE (CPF, DATA_NASC, NOME, CPF_CLIENTE) VALUES ('642.655.253-42', TO_DATE('06/06/1967','DD/MM/YYYY'),'dependente 029', '765.168.613-28');

INSERT INTO DEPENDENTE (CPF, DATA_NASC, NOME, CPF_CLIENTE) VALUES ('226.704.133-58', TO_DATE('07/08/1953','DD/MM/YYYY'),'dependente 030', '884.971.378-30');

INSERT INTO DEPENDENTE (CPF, DATA_NASC, NOME, CPF_CLIENTE) VALUES ('189.954.214-65', TO_DATE('08/04/2019','DD/MM/YYYY'),'dependente 031', '884.971.378-30');

INSERT INTO DEPENDENTE (CPF, DATA_NASC, NOME, CPF_CLIENTE) VALUES ('516.960.432-65', TO_DATE('02/01/1941','DD/MM/YYYY'),'dependente 032', '884.971.378-30');

INSERT INTO DEPENDENTE (CPF, DATA_NASC, NOME, CPF_CLIENTE) VALUES ('759.480.542-76', TO_DATE('01/09/1966','DD/MM/YYYY'),'dependente 033', '198.385.238-84');

INSERT INTO DEPENDENTE (CPF, DATA_NASC, NOME, CPF_CLIENTE) VALUES ('585.630.434-89', TO_DATE('06/07/1954','DD/MM/YYYY'),'dependente 034', '198.385.238-84');

INSERT INTO DEPENDENTE (CPF, DATA_NASC, NOME, CPF_CLIENTE) VALUES ('671.873.161-68', TO_DATE('02/08/1938','DD/MM/YYYY'),'dependente 035', '198.385.238-84');

INSERT INTO DEPENDENTE (CPF, DATA_NASC, NOME, CPF_CLIENTE) VALUES ('764.324.269-97', TO_DATE('05/01/1963','DD/MM/YYYY'),'dependente 036', '198.385.238-84');

INSERT INTO DEPENDENTE (CPF, DATA_NASC, NOME, CPF_CLIENTE) VALUES ('819.935.439-69', TO_DATE('01/03/1980','DD/MM/YYYY'),'dependente 037', '803.121.410-14');

INSERT INTO DEPENDENTE (CPF, DATA_NASC, NOME, CPF_CLIENTE) VALUES ('779.564.553-35', TO_DATE('07/06/1991','DD/MM/YYYY'),'dependente 038', '803.121.410-14');

INSERT INTO DEPENDENTE (CPF, DATA_NASC, NOME, CPF_CLIENTE) VALUES ('712.648.189-92', TO_DATE('09/01/1910','DD/MM/YYYY'),'dependente 039', '803.121.410-14');

INSERT INTO DEPENDENTE (CPF, DATA_NASC, NOME, CPF_CLIENTE) VALUES ('996.679.788-65', TO_DATE('04/07/1962','DD/MM/YYYY'),'dependente 040', '803.121.410-14');

INSERT INTO DEPENDENTE (CPF, DATA_NASC, NOME, CPF_CLIENTE) VALUES ('852.678.395-42', TO_DATE('09/01/1921','DD/MM/YYYY'),'dependente 041', '881.361.871-20');

INSERT INTO DEPENDENTE (CPF, DATA_NASC, NOME, CPF_CLIENTE) VALUES ('134.251.617-43', TO_DATE('03/09/1950','DD/MM/YYYY'),'dependente 042', '881.361.871-20');

INSERT INTO DEPENDENTE (CPF, DATA_NASC, NOME, CPF_CLIENTE) VALUES ('644.351.597-58', TO_DATE('02/08/2017','DD/MM/YYYY'),'dependente 043', '881.361.871-20');

INSERT INTO DEPENDENTE (CPF, DATA_NASC, NOME, CPF_CLIENTE) VALUES ('605.180.603-58', TO_DATE('07/09/1930','DD/MM/YYYY'),'dependente 044', '881.361.871-20');

INSERT INTO DEPENDENTE (CPF, DATA_NASC, NOME, CPF_CLIENTE) VALUES ('811.499.949-79', TO_DATE('08/09/1910','DD/MM/YYYY'),'dependente 045', '909.685.848-46');

INSERT INTO DEPENDENTE (CPF, DATA_NASC, NOME, CPF_CLIENTE) VALUES ('263.388.763-39', TO_DATE('02/08/2004','DD/MM/YYYY'),'dependente 046', '872.290.681-74');

INSERT INTO DEPENDENTE (CPF, DATA_NASC, NOME, CPF_CLIENTE) VALUES ('587.455.509-92', TO_DATE('05/01/1960','DD/MM/YYYY'),'dependente 047', '101.988.834-26');

INSERT INTO DEPENDENTE (CPF, DATA_NASC, NOME, CPF_CLIENTE) VALUES ('167.613.352-18', TO_DATE('03/06/1971','DD/MM/YYYY'),'dependente 048', '101.988.834-26');

INSERT INTO DEPENDENTE (CPF, DATA_NASC, NOME, CPF_CLIENTE) VALUES ('234.926.807-88', TO_DATE('05/03/1913','DD/MM/YYYY'),'dependente 049', '944.150.718-16');

INSERT INTO DEPENDENTE (CPF, DATA_NASC, NOME, CPF_CLIENTE) VALUES ('440.998.242-94', TO_DATE('07/04/1975','DD/MM/YYYY'),'dependente 050', '944.150.718-16');

INSERT INTO DEPENDENTE (CPF, DATA_NASC, NOME, CPF_CLIENTE) VALUES ('645.580.118-26', TO_DATE('03/08/1982','DD/MM/YYYY'),'dependente 051', '322.145.868-52');

INSERT INTO DEPENDENTE (CPF, DATA_NASC, NOME, CPF_CLIENTE) VALUES ('668.939.620-39', TO_DATE('05/05/1990','DD/MM/YYYY'),'dependente 052', '612.710.475-95');

INSERT INTO DEPENDENTE (CPF, DATA_NASC, NOME, CPF_CLIENTE) VALUES ('762.252.705-81', TO_DATE('03/05/1998','DD/MM/YYYY'),'dependente 053', '668.371.240-92');

INSERT INTO DEPENDENTE (CPF, DATA_NASC, NOME, CPF_CLIENTE) VALUES ('374.118.286-26', TO_DATE('06/01/1925','DD/MM/YYYY'),'dependente 054', '668.371.240-92');

INSERT INTO DEPENDENTE (CPF, DATA_NASC, NOME, CPF_CLIENTE) VALUES ('287.580.741-38', TO_DATE('02/01/1984','DD/MM/YYYY'),'dependente 055', '668.371.240-92');

-----Avaliação------

INSERT INTO AVALIACAO (ID, NOTA, DATA, COMENTARIO, CPF_CLIENTE) VALUES (1, 4, TO_DATE('03/04/2019','DD/MM/YYYY'), 'Ruim','923.986.879-76');

INSERT INTO AVALIACAO (ID, NOTA, DATA, COMENTARIO, CPF_CLIENTE) VALUES (3, 2, TO_DATE('09/05/2019','DD/MM/YYYY'), 'Péssimo','712.444.893-47');

INSERT INTO AVALIACAO (ID, NOTA, DATA, COMENTARIO, CPF_CLIENTE) VALUES (5, 3, TO_DATE('09/01/2019','DD/MM/YYYY'), 'Ruim','909.279.766-29');

INSERT INTO AVALIACAO (ID, NOTA, DATA, COMENTARIO, CPF_CLIENTE) VALUES (7, 2, TO_DATE('06/01/2019','DD/MM/YYYY'), 'Ruim','296.900.210-78');

INSERT INTO AVALIACAO (ID, NOTA, DATA, COMENTARIO, CPF_CLIENTE) VALUES (9, 7, TO_DATE('07/04/2019','DD/MM/YYYY'), 'Ok','765.168.613-28');

INSERT INTO AVALIACAO (ID, NOTA, DATA, COMENTARIO, CPF_CLIENTE) VALUES (11, 7, TO_DATE('02/03/2019','DD/MM/YYYY'), 'Neutro','198.385.238-84');

INSERT INTO AVALIACAO (ID, NOTA, DATA, COMENTARIO, CPF_CLIENTE) VALUES (13, 4, TO_DATE('01/09/2019','DD/MM/YYYY'), 'Ok','881.361.871-20');

INSERT INTO AVALIACAO (ID, NOTA, DATA, COMENTARIO, CPF_CLIENTE) VALUES (15, 5, TO_DATE('01/08/2019','DD/MM/YYYY'), 'Top','872.290.681-74');

INSERT INTO AVALIACAO (ID, NOTA, DATA, COMENTARIO, CPF_CLIENTE) VALUES (17, 9, TO_DATE('01/08/2019','DD/MM/YYYY'), 'Ruim','944.150.718-16');

INSERT INTO AVALIACAO (ID, NOTA, DATA, COMENTARIO, CPF_CLIENTE) VALUES (19, 6, TO_DATE('03/01/2019','DD/MM/YYYY'), 'Péssimo','612.710.475-95');

-----Funcionários-----

INSERT INTO FUNCIONARIO (CPF, NOME, DATA_NASC, SALARIO, FUNCAO) VALUES ('214.960.771-57','funcionario 00', TO_DATE('06/07/1954','DD/MM/YYYY'), 1246.00,'camareiro');

INSERT INTO FUNCIONARIO (CPF, NOME, DATA_NASC, SALARIO, FUNCAO) VALUES ('819.754.876-13','funcionario 01', TO_DATE('09/01/1981','DD/MM/YYYY'), 1333.00,'técnico');

INSERT INTO FUNCIONARIO (CPF, NOME, DATA_NASC, SALARIO, FUNCAO) VALUES ('270.237.929-50','funcionario 02', TO_DATE('01/08/1933','DD/MM/YYYY'), 1005.00,'camareiro');

INSERT INTO FUNCIONARIO (CPF, NOME, DATA_NASC, SALARIO, FUNCAO) VALUES ('640.478.271-25','funcionario 03', TO_DATE('05/05/1911','DD/MM/YYYY'), 1274.00,'técnico');

INSERT INTO FUNCIONARIO (CPF, NOME, DATA_NASC, SALARIO, FUNCAO) VALUES ('526.122.707-52','funcionario 04', TO_DATE('03/09/1971','DD/MM/YYYY'), 1002.00,'camareiro');

INSERT INTO FUNCIONARIO (CPF, NOME, DATA_NASC, SALARIO, FUNCAO) VALUES ('805.714.579-94','funcionario 05', TO_DATE('09/04/1955','DD/MM/YYYY'), 1387.00,'técnico');

INSERT INTO FUNCIONARIO (CPF, NOME, DATA_NASC, SALARIO, FUNCAO) VALUES ('464.682.289-67','funcionario 06', TO_DATE('02/02/1942','DD/MM/YYYY'), 1294.00,'camareiro');

INSERT INTO FUNCIONARIO (CPF, NOME, DATA_NASC, SALARIO, FUNCAO) VALUES ('622.935.331-81','funcionario 07', TO_DATE('01/08/1946','DD/MM/YYYY'), 1407.00,'técnico');

INSERT INTO FUNCIONARIO (CPF, NOME, DATA_NASC, SALARIO, FUNCAO) VALUES ('429.688.274-84','funcionario 08', TO_DATE('02/09/1939','DD/MM/YYYY'), 1026.00,'camareiro');

INSERT INTO FUNCIONARIO (CPF, NOME, DATA_NASC, SALARIO, FUNCAO) VALUES ('437.263.471-64','funcionario 09', TO_DATE('07/04/1960','DD/MM/YYYY'), 1315.00,'técnico');

-----Quarto------

INSERT INTO QUARTO (NUMERO, TIPO, VISTA, VALOR_DIARIA) VALUES ('185-A', 'duplo casal', 'frontal', 276.00);

INSERT INTO QUARTO (NUMERO, TIPO, VISTA, VALOR_DIARIA) VALUES ('R-226', 'duplo casal', 'lateral', 226.00);

INSERT INTO QUARTO (NUMERO, TIPO, VISTA, VALOR_DIARIA) VALUES ('273-T', 'duplo casal', 'frontal', 250.00);

INSERT INTO QUARTO (NUMERO, TIPO, VISTA, VALOR_DIARIA) VALUES ('H-131', 'duplo casal', 'lateral', 203.00);

INSERT INTO QUARTO (NUMERO, TIPO, VISTA, VALOR_DIARIA) VALUES ('120-F', 'simples', 'frontal', 131.00);

INSERT INTO QUARTO (NUMERO, TIPO, VISTA, VALOR_DIARIA) VALUES ('M-204', 'duplo twin', 'lateral', 209.00);

INSERT INTO QUARTO (NUMERO, TIPO, VISTA, VALOR_DIARIA) VALUES ('215-Z', 'duplo twin', 'frontal', 132.00);

INSERT INTO QUARTO (NUMERO, TIPO, VISTA, VALOR_DIARIA) VALUES ('G-280', 'duplo twin', 'lateral', 209.00);

INSERT INTO QUARTO (NUMERO, TIPO, VISTA, VALOR_DIARIA) VALUES ('281-T', 'duplo casal', 'frontal', 300.00);

INSERT INTO QUARTO (NUMERO, TIPO, VISTA, VALOR_DIARIA) VALUES ('Y-201', 'duplo twin', 'lateral', 245.00);

INSERT INTO QUARTO (NUMERO, TIPO, VISTA, VALOR_DIARIA) VALUES ('169-W', 'simples', 'frontal', 188.00);

INSERT INTO QUARTO (NUMERO, TIPO, VISTA, VALOR_DIARIA) VALUES ('D-284', 'simples', 'lateral', 178.00);

INSERT INTO QUARTO (NUMERO, TIPO, VISTA, VALOR_DIARIA) VALUES ('176-I', 'duplo casal', 'frontal', 155.00);

INSERT INTO QUARTO (NUMERO, TIPO, VISTA, VALOR_DIARIA) VALUES ('S-281', 'duplo casal', 'lateral', 276.00);

INSERT INTO QUARTO (NUMERO, TIPO, VISTA, VALOR_DIARIA) VALUES ('102-R', 'triplo', 'frontal', 272.00);

INSERT INTO QUARTO (NUMERO, TIPO, VISTA, VALOR_DIARIA) VALUES ('L-208', 'simples', 'lateral', 205.00);

INSERT INTO QUARTO (NUMERO, TIPO, VISTA, VALOR_DIARIA) VALUES ('127-H', 'simples', 'frontal', 267.00);

INSERT INTO QUARTO (NUMERO, TIPO, VISTA, VALOR_DIARIA) VALUES ('H-228', 'duplo casal', 'lateral', 261.00);

INSERT INTO QUARTO (NUMERO, TIPO, VISTA, VALOR_DIARIA) VALUES ('116-C', 'triplo', 'frontal', 154.00);

INSERT INTO QUARTO (NUMERO, TIPO, VISTA, VALOR_DIARIA) VALUES ('Q-253', 'triplo', 'lateral', 189.00);

INSERT INTO QUARTO (NUMERO, TIPO, VISTA, VALOR_DIARIA) VALUES ('148-L', 'duplo casal', 'frontal', 121.00);

INSERT INTO QUARTO (NUMERO, TIPO, VISTA, VALOR_DIARIA) VALUES ('U-203', 'duplo twin', 'lateral', 203.00);

INSERT INTO QUARTO (NUMERO, TIPO, VISTA, VALOR_DIARIA) VALUES ('112-B', 'duplo casal', 'frontal', 139.00);

INSERT INTO QUARTO (NUMERO, TIPO, VISTA, VALOR_DIARIA) VALUES ('I-262', 'duplo twin', 'lateral', 113.00);

INSERT INTO QUARTO (NUMERO, TIPO, VISTA, VALOR_DIARIA) VALUES ('174-I', 'duplo twin', 'frontal', 284.00);

INSERT INTO QUARTO (NUMERO, TIPO, VISTA, VALOR_DIARIA) VALUES ('U-249', 'triplo', 'lateral', 101.00);

INSERT INTO QUARTO (NUMERO, TIPO, VISTA, VALOR_DIARIA) VALUES ('255-B', 'triplo', 'frontal', 113.00);

INSERT INTO QUARTO (NUMERO, TIPO, VISTA, VALOR_DIARIA) VALUES ('W-238', 'simples', 'lateral', 288.00);

INSERT INTO QUARTO (NUMERO, TIPO, VISTA, VALOR_DIARIA) VALUES ('165-U', 'triplo', 'frontal', 298.00);

INSERT INTO QUARTO (NUMERO, TIPO, VISTA, VALOR_DIARIA) VALUES ('T-184', 'simples', 'lateral', 163.00);

-----Produto------

INSERT INTO PRODUTO (ID, TIPO, NOME, VALOR, DESCRICAO) VALUES (1, 'Restaurante', 'produto 0', 52.00, 'Descrição do produto: 1');

INSERT INTO PRODUTO (ID, TIPO, NOME, VALOR, DESCRICAO) VALUES (2, 'Lavanderia', 'produto 1', 185.00, 'Descrição do produto: 2');

INSERT INTO PRODUTO (ID, TIPO, NOME, VALOR, DESCRICAO) VALUES (3, 'Bar', 'produto 2', 16.00, 'Descrição do produto: 3');

INSERT INTO PRODUTO (ID, TIPO, NOME, VALOR, DESCRICAO) VALUES (4, 'Lavanderia', 'produto 3', 175.00, 'Descrição do produto: 4');

INSERT INTO PRODUTO (ID, TIPO, NOME, VALOR, DESCRICAO) VALUES (5, 'Frigobar', 'produto 4', 192.00, 'Descrição do produto: 5');

INSERT INTO PRODUTO (ID, TIPO, NOME, VALOR, DESCRICAO) VALUES (6, 'Bar', 'produto 5', 36.00, 'Descrição do produto: 6');

INSERT INTO PRODUTO (ID, TIPO, NOME, VALOR, DESCRICAO) VALUES (7, 'Lavanderia', 'produto 6', 44.00, 'Descrição do produto: 7');

INSERT INTO PRODUTO (ID, TIPO, NOME, VALOR, DESCRICAO) VALUES (8, 'Lavanderia', 'produto 7', 79.00, 'Descrição do produto: 8');

INSERT INTO PRODUTO (ID, TIPO, NOME, VALOR, DESCRICAO) VALUES (9, 'Lavanderia', 'produto 8', 177.00, 'Descrição do produto: 9');

INSERT INTO PRODUTO (ID, TIPO, NOME, VALOR, DESCRICAO) VALUES (10, 'Restaurante', 'produto 9', 95.00, 'Descrição do produto: 10');

INSERT INTO PRODUTO (ID, TIPO, NOME, VALOR, DESCRICAO) VALUES (11, 'Lavanderia', 'produto 10', 84.00, 'Descrição do produto: 11');

INSERT INTO PRODUTO (ID, TIPO, NOME, VALOR, DESCRICAO) VALUES (12, 'Frigobar', 'produto 11', 45.00, 'Descrição do produto: 12');

INSERT INTO PRODUTO (ID, TIPO, NOME, VALOR, DESCRICAO) VALUES (13, 'Bar', 'produto 12', 49.00, 'Descrição do produto: 13');

INSERT INTO PRODUTO (ID, TIPO, NOME, VALOR, DESCRICAO) VALUES (14, 'Restaurante', 'produto 13', 157.00, 'Descrição do produto: 14');

INSERT INTO PRODUTO (ID, TIPO, NOME, VALOR, DESCRICAO) VALUES (15, 'Frigobar', 'produto 14', 104.00, 'Descrição do produto: 15');

INSERT INTO PRODUTO (ID, TIPO, NOME, VALOR, DESCRICAO) VALUES (16, 'Bar', 'produto 15', 41.00, 'Descrição do produto: 16');

INSERT INTO PRODUTO (ID, TIPO, NOME, VALOR, DESCRICAO) VALUES (17, 'Bar', 'produto 16', 167.00, 'Descrição do produto: 17');

INSERT INTO PRODUTO (ID, TIPO, NOME, VALOR, DESCRICAO) VALUES (18, 'Bar', 'produto 17', 119.00, 'Descrição do produto: 18');

INSERT INTO PRODUTO (ID, TIPO, NOME, VALOR, DESCRICAO) VALUES (19, 'Lavanderia', 'produto 18', 132.00, 'Descrição do produto: 19');

INSERT INTO PRODUTO (ID, TIPO, NOME, VALOR, DESCRICAO) VALUES (20, 'Lavanderia', 'produto 19', 185.00, 'Descrição do produto: 20');

INSERT INTO PRODUTO (ID, TIPO, NOME, VALOR, DESCRICAO) VALUES (21, 'Frigobar', 'produto 20', 183.00, 'Descrição do produto: 21');

INSERT INTO PRODUTO (ID, TIPO, NOME, VALOR, DESCRICAO) VALUES (22, 'Bar', 'produto 21', 128.00, 'Descrição do produto: 22');

INSERT INTO PRODUTO (ID, TIPO, NOME, VALOR, DESCRICAO) VALUES (23, 'Bar', 'produto 22', 95.00, 'Descrição do produto: 23');

INSERT INTO PRODUTO (ID, TIPO, NOME, VALOR, DESCRICAO) VALUES (24, 'Lavanderia', 'produto 23', 174.00, 'Descrição do produto: 24');

INSERT INTO PRODUTO (ID, TIPO, NOME, VALOR, DESCRICAO) VALUES (25, 'Bar', 'produto 24', 30.00, 'Descrição do produto: 25');

INSERT INTO PRODUTO (ID, TIPO, NOME, VALOR, DESCRICAO) VALUES (26, 'Frigobar', 'produto 25', 193.00, 'Descrição do produto: 26');

INSERT INTO PRODUTO (ID, TIPO, NOME, VALOR, DESCRICAO) VALUES (27, 'Lavanderia', 'produto 26', 64.00, 'Descrição do produto: 27');

INSERT INTO PRODUTO (ID, TIPO, NOME, VALOR, DESCRICAO) VALUES (28, 'Restaurante', 'produto 27', 157.00, 'Descrição do produto: 28');

INSERT INTO PRODUTO (ID, TIPO, NOME, VALOR, DESCRICAO) VALUES (29, 'Restaurante', 'produto 28', 17.00, 'Descrição do produto: 29');

INSERT INTO PRODUTO (ID, TIPO, NOME, VALOR, DESCRICAO) VALUES (30, 'Frigobar', 'produto 29', 58.00, 'Descrição do produto: 30');

INSERT INTO PRODUTO (ID, TIPO, NOME, VALOR, DESCRICAO) VALUES (31, 'Frigobar', 'produto 30', 98.00, 'Descrição do produto: 31');

INSERT INTO PRODUTO (ID, TIPO, NOME, VALOR, DESCRICAO) VALUES (32, 'Lavanderia', 'produto 31', 158.00, 'Descrição do produto: 32');

INSERT INTO PRODUTO (ID, TIPO, NOME, VALOR, DESCRICAO) VALUES (33, 'Frigobar', 'produto 32', 144.00, 'Descrição do produto: 33');

INSERT INTO PRODUTO (ID, TIPO, NOME, VALOR, DESCRICAO) VALUES (34, 'Frigobar', 'produto 33', 15.00, 'Descrição do produto: 34');

INSERT INTO PRODUTO (ID, TIPO, NOME, VALOR, DESCRICAO) VALUES (35, 'Bar', 'produto 34', 108.00, 'Descrição do produto: 35');

INSERT INTO PRODUTO (ID, TIPO, NOME, VALOR, DESCRICAO) VALUES (36, 'Lavanderia', 'produto 35', 172.00, 'Descrição do produto: 36');

INSERT INTO PRODUTO (ID, TIPO, NOME, VALOR, DESCRICAO) VALUES (37, 'Restaurante', 'produto 36', 136.00, 'Descrição do produto: 37');

INSERT INTO PRODUTO (ID, TIPO, NOME, VALOR, DESCRICAO) VALUES (38, 'Frigobar', 'produto 37', 19.00, 'Descrição do produto: 38');

INSERT INTO PRODUTO (ID, TIPO, NOME, VALOR, DESCRICAO) VALUES (39, 'Restaurante', 'produto 38', 139.00, 'Descrição do produto: 39');

INSERT INTO PRODUTO (ID, TIPO, NOME, VALOR, DESCRICAO) VALUES (40, 'Bar', 'produto 39', 99.00, 'Descrição do produto: 40');

INSERT INTO PRODUTO (ID, TIPO, NOME, VALOR, DESCRICAO) VALUES (41, 'Lavanderia', 'produto 40', 98.00, 'Descrição do produto: 41');

INSERT INTO PRODUTO (ID, TIPO, NOME, VALOR, DESCRICAO) VALUES (42, 'Lavanderia', 'produto 41', 61.00, 'Descrição do produto: 42');

INSERT INTO PRODUTO (ID, TIPO, NOME, VALOR, DESCRICAO) VALUES (43, 'Lavanderia', 'produto 42', 83.00, 'Descrição do produto: 43');

INSERT INTO PRODUTO (ID, TIPO, NOME, VALOR, DESCRICAO) VALUES (44, 'Lavanderia', 'produto 43', 9.00, 'Descrição do produto: 44');

INSERT INTO PRODUTO (ID, TIPO, NOME, VALOR, DESCRICAO) VALUES (45, 'Lavanderia', 'produto 44', 28.00, 'Descrição do produto: 45');

INSERT INTO PRODUTO (ID, TIPO, NOME, VALOR, DESCRICAO) VALUES (46, 'Bar', 'produto 45', 107.00, 'Descrição do produto: 46');

INSERT INTO PRODUTO (ID, TIPO, NOME, VALOR, DESCRICAO) VALUES (47, 'Restaurante', 'produto 46', 61.00, 'Descrição do produto: 47');

INSERT INTO PRODUTO (ID, TIPO, NOME, VALOR, DESCRICAO) VALUES (48, 'Lavanderia', 'produto 47', 58.00, 'Descrição do produto: 48');

INSERT INTO PRODUTO (ID, TIPO, NOME, VALOR, DESCRICAO) VALUES (49, 'Restaurante', 'produto 48', 29.00, 'Descrição do produto: 49');

INSERT INTO PRODUTO (ID, TIPO, NOME, VALOR, DESCRICAO) VALUES (50, 'Lavanderia', 'produto 49', 12.00, 'Descrição do produto: 50');

INSERT INTO PRODUTO (ID, TIPO, NOME, VALOR, DESCRICAO) VALUES (51, 'Restaurante', 'produto 50', 195.00, 'Descrição do produto: 51');

INSERT INTO PRODUTO (ID, TIPO, NOME, VALOR, DESCRICAO) VALUES (52, 'Bar', 'produto 51', 82.00, 'Descrição do produto: 52');

INSERT INTO PRODUTO (ID, TIPO, NOME, VALOR, DESCRICAO) VALUES (53, 'Bar', 'produto 52', 24.00, 'Descrição do produto: 53');

INSERT INTO PRODUTO (ID, TIPO, NOME, VALOR, DESCRICAO) VALUES (54, 'Lavanderia', 'produto 53', 195.00, 'Descrição do produto: 54');

INSERT INTO PRODUTO (ID, TIPO, NOME, VALOR, DESCRICAO) VALUES (55, 'Bar', 'produto 54', 7.00, 'Descrição do produto: 55');

INSERT INTO PRODUTO (ID, TIPO, NOME, VALOR, DESCRICAO) VALUES (56, 'Bar', 'produto 55', 89.00, 'Descrição do produto: 56');

INSERT INTO PRODUTO (ID, TIPO, NOME, VALOR, DESCRICAO) VALUES (57, 'Restaurante', 'produto 56', 166.00, 'Descrição do produto: 57');

INSERT INTO PRODUTO (ID, TIPO, NOME, VALOR, DESCRICAO) VALUES (58, 'Restaurante', 'produto 57', 98.00, 'Descrição do produto: 58');

INSERT INTO PRODUTO (ID, TIPO, NOME, VALOR, DESCRICAO) VALUES (59, 'Lavanderia', 'produto 58', 100.00, 'Descrição do produto: 59');

INSERT INTO PRODUTO (ID, TIPO, NOME, VALOR, DESCRICAO) VALUES (60, 'Frigobar', 'produto 59', 185.00, 'Descrição do produto: 60');

INSERT INTO PRODUTO (ID, TIPO, NOME, VALOR, DESCRICAO) VALUES (61, 'Restaurante', 'produto 60', 125.00, 'Descrição do produto: 61');

INSERT INTO PRODUTO (ID, TIPO, NOME, VALOR, DESCRICAO) VALUES (62, 'Restaurante', 'produto 61', 67.00, 'Descrição do produto: 62');

INSERT INTO PRODUTO (ID, TIPO, NOME, VALOR, DESCRICAO) VALUES (63, 'Lavanderia', 'produto 62', 76.00, 'Descrição do produto: 63');

INSERT INTO PRODUTO (ID, TIPO, NOME, VALOR, DESCRICAO) VALUES (64, 'Bar', 'produto 63', 195.00, 'Descrição do produto: 64');

INSERT INTO PRODUTO (ID, TIPO, NOME, VALOR, DESCRICAO) VALUES (65, 'Bar', 'produto 64', 48.00, 'Descrição do produto: 65');

INSERT INTO PRODUTO (ID, TIPO, NOME, VALOR, DESCRICAO) VALUES (66, 'Frigobar', 'produto 65', 165.00, 'Descrição do produto: 66');

INSERT INTO PRODUTO (ID, TIPO, NOME, VALOR, DESCRICAO) VALUES (67, 'Restaurante', 'produto 66', 125.00, 'Descrição do produto: 67');

INSERT INTO PRODUTO (ID, TIPO, NOME, VALOR, DESCRICAO) VALUES (68, 'Restaurante', 'produto 67', 149.00, 'Descrição do produto: 68');

INSERT INTO PRODUTO (ID, TIPO, NOME, VALOR, DESCRICAO) VALUES (69, 'Bar', 'produto 68', 64.00, 'Descrição do produto: 69');

INSERT INTO PRODUTO (ID, TIPO, NOME, VALOR, DESCRICAO) VALUES (70, 'Frigobar', 'produto 69', 31.00, 'Descrição do produto: 70');

INSERT INTO PRODUTO (ID, TIPO, NOME, VALOR, DESCRICAO) VALUES (71, 'Restaurante', 'produto 70', 13.00, 'Descrição do produto: 71');

INSERT INTO PRODUTO (ID, TIPO, NOME, VALOR, DESCRICAO) VALUES (72, 'Lavanderia', 'produto 71', 8.00, 'Descrição do produto: 72');

INSERT INTO PRODUTO (ID, TIPO, NOME, VALOR, DESCRICAO) VALUES (73, 'Bar', 'produto 72', 46.00, 'Descrição do produto: 73');

INSERT INTO PRODUTO (ID, TIPO, NOME, VALOR, DESCRICAO) VALUES (74, 'Lavanderia', 'produto 73', 187.00, 'Descrição do produto: 74');

INSERT INTO PRODUTO (ID, TIPO, NOME, VALOR, DESCRICAO) VALUES (75, 'Bar', 'produto 74', 146.00, 'Descrição do produto: 75');

INSERT INTO PRODUTO (ID, TIPO, NOME, VALOR, DESCRICAO) VALUES (76, 'Bar', 'produto 75', 102.00, 'Descrição do produto: 76');

INSERT INTO PRODUTO (ID, TIPO, NOME, VALOR, DESCRICAO) VALUES (77, 'Bar', 'produto 76', 200.00, 'Descrição do produto: 77');

INSERT INTO PRODUTO (ID, TIPO, NOME, VALOR, DESCRICAO) VALUES (78, 'Lavanderia', 'produto 77', 2.00, 'Descrição do produto: 78');

INSERT INTO PRODUTO (ID, TIPO, NOME, VALOR, DESCRICAO) VALUES (79, 'Bar', 'produto 78', 82.00, 'Descrição do produto: 79');

INSERT INTO PRODUTO (ID, TIPO, NOME, VALOR, DESCRICAO) VALUES (80, 'Frigobar', 'produto 79', 8.00, 'Descrição do produto: 80');

INSERT INTO PRODUTO (ID, TIPO, NOME, VALOR, DESCRICAO) VALUES (81, 'Restaurante', 'produto 80', 76.00, 'Descrição do produto: 81');

INSERT INTO PRODUTO (ID, TIPO, NOME, VALOR, DESCRICAO) VALUES (82, 'Lavanderia', 'produto 81', 46.00, 'Descrição do produto: 82');

INSERT INTO PRODUTO (ID, TIPO, NOME, VALOR, DESCRICAO) VALUES (83, 'Bar', 'produto 82', 122.00, 'Descrição do produto: 83');

INSERT INTO PRODUTO (ID, TIPO, NOME, VALOR, DESCRICAO) VALUES (84, 'Lavanderia', 'produto 83', 55.00, 'Descrição do produto: 84');

INSERT INTO PRODUTO (ID, TIPO, NOME, VALOR, DESCRICAO) VALUES (85, 'Bar', 'produto 84', 11.00, 'Descrição do produto: 85');

INSERT INTO PRODUTO (ID, TIPO, NOME, VALOR, DESCRICAO) VALUES (86, 'Frigobar', 'produto 85', 161.00, 'Descrição do produto: 86');

INSERT INTO PRODUTO (ID, TIPO, NOME, VALOR, DESCRICAO) VALUES (87, 'Restaurante', 'produto 86', 39.00, 'Descrição do produto: 87');

INSERT INTO PRODUTO (ID, TIPO, NOME, VALOR, DESCRICAO) VALUES (88, 'Lavanderia', 'produto 87', 27.00, 'Descrição do produto: 88');

INSERT INTO PRODUTO (ID, TIPO, NOME, VALOR, DESCRICAO) VALUES (89, 'Restaurante', 'produto 88', 169.00, 'Descrição do produto: 89');

INSERT INTO PRODUTO (ID, TIPO, NOME, VALOR, DESCRICAO) VALUES (90, 'Lavanderia', 'produto 89', 178.00, 'Descrição do produto: 90');

INSERT INTO PRODUTO (ID, TIPO, NOME, VALOR, DESCRICAO) VALUES (91, 'Frigobar', 'produto 90', 29.00, 'Descrição do produto: 91');

INSERT INTO PRODUTO (ID, TIPO, NOME, VALOR, DESCRICAO) VALUES (92, 'Frigobar', 'produto 91', 60.00, 'Descrição do produto: 92');

INSERT INTO PRODUTO (ID, TIPO, NOME, VALOR, DESCRICAO) VALUES (93, 'Restaurante', 'produto 92', 14.00, 'Descrição do produto: 93');

INSERT INTO PRODUTO (ID, TIPO, NOME, VALOR, DESCRICAO) VALUES (94, 'Lavanderia', 'produto 93', 85.00, 'Descrição do produto: 94');

INSERT INTO PRODUTO (ID, TIPO, NOME, VALOR, DESCRICAO) VALUES (95, 'Restaurante', 'produto 94', 176.00, 'Descrição do produto: 95');

INSERT INTO PRODUTO (ID, TIPO, NOME, VALOR, DESCRICAO) VALUES (96, 'Lavanderia', 'produto 95', 77.00, 'Descrição do produto: 96');

INSERT INTO PRODUTO (ID, TIPO, NOME, VALOR, DESCRICAO) VALUES (97, 'Lavanderia', 'produto 96', 125.00, 'Descrição do produto: 97');

INSERT INTO PRODUTO (ID, TIPO, NOME, VALOR, DESCRICAO) VALUES (98, 'Lavanderia', 'produto 97', 177.00, 'Descrição do produto: 98');

INSERT INTO PRODUTO (ID, TIPO, NOME, VALOR, DESCRICAO) VALUES (99, 'Frigobar', 'produto 98', 148.00, 'Descrição do produto: 99');

INSERT INTO PRODUTO (ID, TIPO, NOME, VALOR, DESCRICAO) VALUES (100, 'Lavanderia', 'produto 99', 7.00, 'Descrição do produto: 100');

-----Telefone------

INSERT INTO TELEFONE (TELEFONE, CPF_CLIENTE) VALUES ('(69) 47426-5428', '923.986.879-76');

INSERT INTO TELEFONE (TELEFONE, CPF_CLIENTE) VALUES ('(39) 28402-7268', '904.566.799-78');

INSERT INTO TELEFONE (TELEFONE, CPF_CLIENTE) VALUES ('(86) 46370-6931', '904.566.799-78');

INSERT INTO TELEFONE (TELEFONE, CPF_CLIENTE) VALUES ('(28) 54513-4838', '712.444.893-47');

INSERT INTO TELEFONE (TELEFONE, CPF_CLIENTE) VALUES ('(47) 16022-8325', '860.405.105-52');

INSERT INTO TELEFONE (TELEFONE, CPF_CLIENTE) VALUES ('(62) 36345-4820', '860.405.105-52');

INSERT INTO TELEFONE (TELEFONE, CPF_CLIENTE) VALUES ('(65) 72277-9300', '909.279.766-29');

INSERT INTO TELEFONE (TELEFONE, CPF_CLIENTE) VALUES ('(23) 84652-4490', '454.378.795-95');

INSERT INTO TELEFONE (TELEFONE, CPF_CLIENTE) VALUES ('(68) 61365-7624', '296.900.210-78');

INSERT INTO TELEFONE (TELEFONE, CPF_CLIENTE) VALUES ('(94) 89246-9808', '903.944.686-59');

INSERT INTO TELEFONE (TELEFONE, CPF_CLIENTE) VALUES ('(98) 98898-1576', '765.168.613-28');

INSERT INTO TELEFONE (TELEFONE, CPF_CLIENTE) VALUES ('(34) 39289-8266', '884.971.378-30');

INSERT INTO TELEFONE (TELEFONE, CPF_CLIENTE) VALUES ('(95) 97643-4231', '198.385.238-84');

INSERT INTO TELEFONE (TELEFONE, CPF_CLIENTE) VALUES ('(39) 43993-6146', '198.385.238-84');

INSERT INTO TELEFONE (TELEFONE, CPF_CLIENTE) VALUES ('(37) 64427-2291', '803.121.410-14');

INSERT INTO TELEFONE (TELEFONE, CPF_CLIENTE) VALUES ('(92) 84690-2226', '881.361.871-20');

INSERT INTO TELEFONE (TELEFONE, CPF_CLIENTE) VALUES ('(86) 27250-1098', '909.685.848-46');

INSERT INTO TELEFONE (TELEFONE, CPF_CLIENTE) VALUES ('(51) 41279-4788', '872.290.681-74');

INSERT INTO TELEFONE (TELEFONE, CPF_CLIENTE) VALUES ('(14) 11017-5265', '872.290.681-74');

INSERT INTO TELEFONE (TELEFONE, CPF_CLIENTE) VALUES ('(47) 56208-7758', '101.988.834-26');

INSERT INTO TELEFONE (TELEFONE, CPF_CLIENTE) VALUES ('(90) 63300-1232', '101.988.834-26');

INSERT INTO TELEFONE (TELEFONE, CPF_CLIENTE) VALUES ('(69) 65230-8572', '944.150.718-16');

INSERT INTO TELEFONE (TELEFONE, CPF_CLIENTE) VALUES ('(17) 22746-6567', '322.145.868-52');

INSERT INTO TELEFONE (TELEFONE, CPF_CLIENTE) VALUES ('(61) 86587-8676', '612.710.475-95');

INSERT INTO TELEFONE (TELEFONE, CPF_CLIENTE) VALUES ('(67) 79294-9697', '668.371.240-92');

-----Equipamentos------

INSERT INTO EQUIPAMENTO (EQUIPAMENTO, NUMERO_QUARTO) VALUES ('televisão 01', '185-A');

INSERT INTO EQUIPAMENTO (EQUIPAMENTO, NUMERO_QUARTO) VALUES ('ar 02', '185-A');

INSERT INTO EQUIPAMENTO (EQUIPAMENTO, NUMERO_QUARTO) VALUES ('ar 01', 'R-226');

INSERT INTO EQUIPAMENTO (EQUIPAMENTO, NUMERO_QUARTO) VALUES ('TV a cabo 01', '273-T');

INSERT INTO EQUIPAMENTO (EQUIPAMENTO, NUMERO_QUARTO) VALUES ('ar 02', '273-T');

INSERT INTO EQUIPAMENTO (EQUIPAMENTO, NUMERO_QUARTO) VALUES ('televisão 01', 'H-131');

INSERT INTO EQUIPAMENTO (EQUIPAMENTO, NUMERO_QUARTO) VALUES ('frigobar 02', 'H-131');

INSERT INTO EQUIPAMENTO (EQUIPAMENTO, NUMERO_QUARTO) VALUES ('televisão 01', '120-F');

INSERT INTO EQUIPAMENTO (EQUIPAMENTO, NUMERO_QUARTO) VALUES ('ar 02', '120-F');

INSERT INTO EQUIPAMENTO (EQUIPAMENTO, NUMERO_QUARTO) VALUES ('frigobar 03', '120-F');

INSERT INTO EQUIPAMENTO (EQUIPAMENTO, NUMERO_QUARTO) VALUES ('frigobar 04', '120-F');

INSERT INTO EQUIPAMENTO (EQUIPAMENTO, NUMERO_QUARTO) VALUES ('frigobar 01', 'M-204');

INSERT INTO EQUIPAMENTO (EQUIPAMENTO, NUMERO_QUARTO) VALUES ('ar 02', 'M-204');

INSERT INTO EQUIPAMENTO (EQUIPAMENTO, NUMERO_QUARTO) VALUES ('televisão 03', 'M-204');

INSERT INTO EQUIPAMENTO (EQUIPAMENTO, NUMERO_QUARTO) VALUES ('televisão 01', '215-Z');

INSERT INTO EQUIPAMENTO (EQUIPAMENTO, NUMERO_QUARTO) VALUES ('televisão 02', '215-Z');

INSERT INTO EQUIPAMENTO (EQUIPAMENTO, NUMERO_QUARTO) VALUES ('ar 03', '215-Z');

INSERT INTO EQUIPAMENTO (EQUIPAMENTO, NUMERO_QUARTO) VALUES ('frigobar 04', '215-Z');

INSERT INTO EQUIPAMENTO (EQUIPAMENTO, NUMERO_QUARTO) VALUES ('televisão 01', 'G-280');

INSERT INTO EQUIPAMENTO (EQUIPAMENTO, NUMERO_QUARTO) VALUES ('frigobar 02', 'G-280');

INSERT INTO EQUIPAMENTO (EQUIPAMENTO, NUMERO_QUARTO) VALUES ('TV a cabo 01', '281-T');

INSERT INTO EQUIPAMENTO (EQUIPAMENTO, NUMERO_QUARTO) VALUES ('ar 01', 'Y-201');

INSERT INTO EQUIPAMENTO (EQUIPAMENTO, NUMERO_QUARTO) VALUES ('televisão 02', 'Y-201');

INSERT INTO EQUIPAMENTO (EQUIPAMENTO, NUMERO_QUARTO) VALUES ('televisão 01', '169-W');

INSERT INTO EQUIPAMENTO (EQUIPAMENTO, NUMERO_QUARTO) VALUES ('frigobar 02', '169-W');

INSERT INTO EQUIPAMENTO (EQUIPAMENTO, NUMERO_QUARTO) VALUES ('TV a cabo 01', 'D-284');

INSERT INTO EQUIPAMENTO (EQUIPAMENTO, NUMERO_QUARTO) VALUES ('televisão 02', 'D-284');

INSERT INTO EQUIPAMENTO (EQUIPAMENTO, NUMERO_QUARTO) VALUES ('televisão 03', 'D-284');

INSERT INTO EQUIPAMENTO (EQUIPAMENTO, NUMERO_QUARTO) VALUES ('frigobar 01', '176-I');

INSERT INTO EQUIPAMENTO (EQUIPAMENTO, NUMERO_QUARTO) VALUES ('TV a cabo 02', '176-I');

INSERT INTO EQUIPAMENTO (EQUIPAMENTO, NUMERO_QUARTO) VALUES ('televisão 03', '176-I');

INSERT INTO EQUIPAMENTO (EQUIPAMENTO, NUMERO_QUARTO) VALUES ('ar 01', 'S-281');

INSERT INTO EQUIPAMENTO (EQUIPAMENTO, NUMERO_QUARTO) VALUES ('TV a cabo 02', 'S-281');

INSERT INTO EQUIPAMENTO (EQUIPAMENTO, NUMERO_QUARTO) VALUES ('ar 03', 'S-281');

INSERT INTO EQUIPAMENTO (EQUIPAMENTO, NUMERO_QUARTO) VALUES ('televisão 01', '102-R');

INSERT INTO EQUIPAMENTO (EQUIPAMENTO, NUMERO_QUARTO) VALUES ('TV a cabo 02', '102-R');

INSERT INTO EQUIPAMENTO (EQUIPAMENTO, NUMERO_QUARTO) VALUES ('televisão 03', '102-R');

INSERT INTO EQUIPAMENTO (EQUIPAMENTO, NUMERO_QUARTO) VALUES ('ar 04', '102-R');

INSERT INTO EQUIPAMENTO (EQUIPAMENTO, NUMERO_QUARTO) VALUES ('TV a cabo 01', 'L-208');

INSERT INTO EQUIPAMENTO (EQUIPAMENTO, NUMERO_QUARTO) VALUES ('TV a cabo 02', 'L-208');

INSERT INTO EQUIPAMENTO (EQUIPAMENTO, NUMERO_QUARTO) VALUES ('ar 03', 'L-208');

INSERT INTO EQUIPAMENTO (EQUIPAMENTO, NUMERO_QUARTO) VALUES ('ar 01', '127-H');

INSERT INTO EQUIPAMENTO (EQUIPAMENTO, NUMERO_QUARTO) VALUES ('TV a cabo 02', '127-H');

INSERT INTO EQUIPAMENTO (EQUIPAMENTO, NUMERO_QUARTO) VALUES ('ar 01', 'H-228');

INSERT INTO EQUIPAMENTO (EQUIPAMENTO, NUMERO_QUARTO) VALUES ('frigobar 02', 'H-228');

INSERT INTO EQUIPAMENTO (EQUIPAMENTO, NUMERO_QUARTO) VALUES ('ar 01', '116-C');

INSERT INTO EQUIPAMENTO (EQUIPAMENTO, NUMERO_QUARTO) VALUES ('TV a cabo 02', '116-C');

INSERT INTO EQUIPAMENTO (EQUIPAMENTO, NUMERO_QUARTO) VALUES ('frigobar 03', '116-C');

INSERT INTO EQUIPAMENTO (EQUIPAMENTO, NUMERO_QUARTO) VALUES ('televisão 04', '116-C');

INSERT INTO EQUIPAMENTO (EQUIPAMENTO, NUMERO_QUARTO) VALUES ('TV a cabo 01', 'Q-253');

INSERT INTO EQUIPAMENTO (EQUIPAMENTO, NUMERO_QUARTO) VALUES ('ar 01', '148-L');

INSERT INTO EQUIPAMENTO (EQUIPAMENTO, NUMERO_QUARTO) VALUES ('TV a cabo 02', '148-L');

INSERT INTO EQUIPAMENTO (EQUIPAMENTO, NUMERO_QUARTO) VALUES ('frigobar 03', '148-L');

INSERT INTO EQUIPAMENTO (EQUIPAMENTO, NUMERO_QUARTO) VALUES ('televisão 04', '148-L');

INSERT INTO EQUIPAMENTO (EQUIPAMENTO, NUMERO_QUARTO) VALUES ('televisão 05', '148-L');

INSERT INTO EQUIPAMENTO (EQUIPAMENTO, NUMERO_QUARTO) VALUES ('TV a cabo 01', 'U-203');

INSERT INTO EQUIPAMENTO (EQUIPAMENTO, NUMERO_QUARTO) VALUES ('frigobar 02', 'U-203');

INSERT INTO EQUIPAMENTO (EQUIPAMENTO, NUMERO_QUARTO) VALUES ('TV a cabo 01', '112-B');

INSERT INTO EQUIPAMENTO (EQUIPAMENTO, NUMERO_QUARTO) VALUES ('ar 02', '112-B');

INSERT INTO EQUIPAMENTO (EQUIPAMENTO, NUMERO_QUARTO) VALUES ('ar 01', 'I-262');

INSERT INTO EQUIPAMENTO (EQUIPAMENTO, NUMERO_QUARTO) VALUES ('TV a cabo 01', '174-I');

INSERT INTO EQUIPAMENTO (EQUIPAMENTO, NUMERO_QUARTO) VALUES ('televisão 01', 'U-249');

INSERT INTO EQUIPAMENTO (EQUIPAMENTO, NUMERO_QUARTO) VALUES ('ar 02', 'U-249');

INSERT INTO EQUIPAMENTO (EQUIPAMENTO, NUMERO_QUARTO) VALUES ('televisão 01', '255-B');

INSERT INTO EQUIPAMENTO (EQUIPAMENTO, NUMERO_QUARTO) VALUES ('TV a cabo 01', 'W-238');

INSERT INTO EQUIPAMENTO (EQUIPAMENTO, NUMERO_QUARTO) VALUES ('televisão 02', 'W-238');

INSERT INTO EQUIPAMENTO (EQUIPAMENTO, NUMERO_QUARTO) VALUES ('televisão 03', 'W-238');

INSERT INTO EQUIPAMENTO (EQUIPAMENTO, NUMERO_QUARTO) VALUES ('frigobar 01', '165-U');

INSERT INTO EQUIPAMENTO (EQUIPAMENTO, NUMERO_QUARTO) VALUES ('ar 01', 'T-184');

-----Hospeda------

INSERT INTO HOSPEDA (ID_HOSPEDAGEM, DIA_CHECK_IN, DIA_CHECK_OUT, CPF_CLIENTE, NUMERO_QUARTO) VALUES (1, TO_DATE('31/06/2016','DD/MM/YYYY'), TO_DATE('27/06/2016','DD/MM/YYYY'), '923.986.879-76', '215-Z');

INSERT INTO HOSPEDA (ID_HOSPEDAGEM, DIA_CHECK_IN, DIA_CHECK_OUT, CPF_CLIENTE, NUMERO_QUARTO) VALUES (2, TO_DATE('17/01/2011','DD/MM/YYYY'), TO_DATE('27/01/2011','DD/MM/YYYY'), '923.986.879-76', 'U-203');

INSERT INTO HOSPEDA (ID_HOSPEDAGEM, DIA_CHECK_IN, DIA_CHECK_OUT, CPF_CLIENTE, NUMERO_QUARTO) VALUES (3, TO_DATE('16/02/2010','DD/MM/YYYY'), TO_DATE('08/02/2010','DD/MM/YYYY'), '904.566.799-78', '215-Z');

INSERT INTO HOSPEDA (ID_HOSPEDAGEM, DIA_CHECK_IN, DIA_CHECK_OUT, CPF_CLIENTE, NUMERO_QUARTO) VALUES (4, TO_DATE('10/12/2010','DD/MM/YYYY'), TO_DATE('10/12/2010','DD/MM/YYYY'), '712.444.893-47', 'U-203');

INSERT INTO HOSPEDA (ID_HOSPEDAGEM, DIA_CHECK_IN, DIA_CHECK_OUT, CPF_CLIENTE, NUMERO_QUARTO) VALUES (5, TO_DATE('12/05/2010','DD/MM/YYYY'), TO_DATE('04/05/2010','DD/MM/YYYY'), '860.405.105-52', '255-B');

INSERT INTO HOSPEDA (ID_HOSPEDAGEM, DIA_CHECK_IN, DIA_CHECK_OUT, CPF_CLIENTE, NUMERO_QUARTO) VALUES (6, TO_DATE('28/03/2015','DD/MM/YYYY'), TO_DATE('12/03/2015','DD/MM/YYYY'), '860.405.105-52', '174-I');

INSERT INTO HOSPEDA (ID_HOSPEDAGEM, DIA_CHECK_IN, DIA_CHECK_OUT, CPF_CLIENTE, NUMERO_QUARTO) VALUES (7, TO_DATE('01/09/2010','DD/MM/YYYY'), TO_DATE('15/09/2010','DD/MM/YYYY'), '909.279.766-29', '273-T');

INSERT INTO HOSPEDA (ID_HOSPEDAGEM, DIA_CHECK_IN, DIA_CHECK_OUT, CPF_CLIENTE, NUMERO_QUARTO) VALUES (8, TO_DATE('16/05/2019','DD/MM/YYYY'), TO_DATE('17/05/2019','DD/MM/YYYY'), '454.378.795-95', 'I-262');

INSERT INTO HOSPEDA (ID_HOSPEDAGEM, DIA_CHECK_IN, DIA_CHECK_OUT, CPF_CLIENTE, NUMERO_QUARTO) VALUES (9, TO_DATE('23/06/2012','DD/MM/YYYY'), TO_DATE('09/06/2012','DD/MM/YYYY'), '296.900.210-78', 'H-131');

INSERT INTO HOSPEDA (ID_HOSPEDAGEM, DIA_CHECK_IN, DIA_CHECK_OUT, CPF_CLIENTE, NUMERO_QUARTO) VALUES (10, TO_DATE('12/03/2011','DD/MM/YYYY'), TO_DATE('04/03/2011','DD/MM/YYYY'), '296.900.210-78', '165-U');

INSERT INTO HOSPEDA (ID_HOSPEDAGEM, DIA_CHECK_IN, DIA_CHECK_OUT, CPF_CLIENTE, NUMERO_QUARTO) VALUES (11, TO_DATE('24/08/2014','DD/MM/YYYY'), TO_DATE('02/08/2014','DD/MM/YYYY'), '903.944.686-59', '185-A');

INSERT INTO HOSPEDA (ID_HOSPEDAGEM, DIA_CHECK_IN, DIA_CHECK_OUT, CPF_CLIENTE, NUMERO_QUARTO) VALUES (12, TO_DATE('30/02/2018','DD/MM/YYYY'), TO_DATE('24/02/2018','DD/MM/YYYY'), '765.168.613-28', 'U-249');

INSERT INTO HOSPEDA (ID_HOSPEDAGEM, DIA_CHECK_IN, DIA_CHECK_OUT, CPF_CLIENTE, NUMERO_QUARTO) VALUES (13, TO_DATE('30/06/2012','DD/MM/YYYY'), TO_DATE('19/06/2012','DD/MM/YYYY'), '884.971.378-30', 'R-226');

INSERT INTO HOSPEDA (ID_HOSPEDAGEM, DIA_CHECK_IN, DIA_CHECK_OUT, CPF_CLIENTE, NUMERO_QUARTO) VALUES (14, TO_DATE('23/12/2015','DD/MM/YYYY'), TO_DATE('30/12/2015','DD/MM/YYYY'), '884.971.378-30', '169-W');

INSERT INTO HOSPEDA (ID_HOSPEDAGEM, DIA_CHECK_IN, DIA_CHECK_OUT, CPF_CLIENTE, NUMERO_QUARTO) VALUES (15, TO_DATE('30/02/2018','DD/MM/YYYY'), TO_DATE('09/02/2018','DD/MM/YYYY'), '198.385.238-84', '112-B');

INSERT INTO HOSPEDA (ID_HOSPEDAGEM, DIA_CHECK_IN, DIA_CHECK_OUT, CPF_CLIENTE, NUMERO_QUARTO) VALUES (16, TO_DATE('20/11/2017','DD/MM/YYYY'), TO_DATE('06/11/2017','DD/MM/YYYY'), '198.385.238-84', '169-W');

INSERT INTO HOSPEDA (ID_HOSPEDAGEM, DIA_CHECK_IN, DIA_CHECK_OUT, CPF_CLIENTE, NUMERO_QUARTO) VALUES (17, TO_DATE('22/07/2019','DD/MM/YYYY'), TO_DATE('29/07/2019','DD/MM/YYYY'), '803.121.410-14', 'I-262');

INSERT INTO HOSPEDA (ID_HOSPEDAGEM, DIA_CHECK_IN, DIA_CHECK_OUT, CPF_CLIENTE, NUMERO_QUARTO) VALUES (18, TO_DATE('05/05/2014','DD/MM/YYYY'), TO_DATE('08/05/2014','DD/MM/YYYY'), '881.361.871-20', '102-R');

INSERT INTO HOSPEDA (ID_HOSPEDAGEM, DIA_CHECK_IN, DIA_CHECK_OUT, CPF_CLIENTE, NUMERO_QUARTO) VALUES (19, TO_DATE('30/02/2013','DD/MM/YYYY'), TO_DATE('11/02/2013','DD/MM/YYYY'), '881.361.871-20', '185-A');

INSERT INTO HOSPEDA (ID_HOSPEDAGEM, DIA_CHECK_IN, DIA_CHECK_OUT, CPF_CLIENTE, NUMERO_QUARTO) VALUES (20, TO_DATE('12/05/2014','DD/MM/YYYY'), TO_DATE('15/05/2014','DD/MM/YYYY'), '909.685.848-46', 'G-280');

INSERT INTO HOSPEDA (ID_HOSPEDAGEM, DIA_CHECK_IN, DIA_CHECK_OUT, CPF_CLIENTE, NUMERO_QUARTO) VALUES (21, TO_DATE('14/08/2015','DD/MM/YYYY'), TO_DATE('12/08/2015','DD/MM/YYYY'), '909.685.848-46', 'U-249');

INSERT INTO HOSPEDA (ID_HOSPEDAGEM, DIA_CHECK_IN, DIA_CHECK_OUT, CPF_CLIENTE, NUMERO_QUARTO) VALUES (22, TO_DATE('09/10/2011','DD/MM/YYYY'), TO_DATE('02/10/2011','DD/MM/YYYY'), '872.290.681-74', '185-A');

INSERT INTO HOSPEDA (ID_HOSPEDAGEM, DIA_CHECK_IN, DIA_CHECK_OUT, CPF_CLIENTE, NUMERO_QUARTO) VALUES (23, TO_DATE('30/04/2016','DD/MM/YYYY'), TO_DATE('31/04/2016','DD/MM/YYYY'), '872.290.681-74', 'H-228');

INSERT INTO HOSPEDA (ID_HOSPEDAGEM, DIA_CHECK_IN, DIA_CHECK_OUT, CPF_CLIENTE, NUMERO_QUARTO) VALUES (24, TO_DATE('02/02/2016','DD/MM/YYYY'), TO_DATE('18/02/2016','DD/MM/YYYY'), '101.988.834-26', 'S-281');

INSERT INTO HOSPEDA (ID_HOSPEDAGEM, DIA_CHECK_IN, DIA_CHECK_OUT, CPF_CLIENTE, NUMERO_QUARTO) VALUES (25, TO_DATE('19/02/2011','DD/MM/YYYY'), TO_DATE('02/02/2011','DD/MM/YYYY'), '101.988.834-26', 'H-131');

INSERT INTO HOSPEDA (ID_HOSPEDAGEM, DIA_CHECK_IN, DIA_CHECK_OUT, CPF_CLIENTE, NUMERO_QUARTO) VALUES (26, TO_DATE('25/07/2015','DD/MM/YYYY'), TO_DATE('02/07/2015','DD/MM/YYYY'), '944.150.718-16', 'U-203');

INSERT INTO HOSPEDA (ID_HOSPEDAGEM, DIA_CHECK_IN, DIA_CHECK_OUT, CPF_CLIENTE, NUMERO_QUARTO) VALUES (27, TO_DATE('10/07/2010','DD/MM/YYYY'), TO_DATE('30/07/2010','DD/MM/YYYY'), '322.145.868-52', '255-B');

INSERT INTO HOSPEDA (ID_HOSPEDAGEM, DIA_CHECK_IN, DIA_CHECK_OUT, CPF_CLIENTE, NUMERO_QUARTO) VALUES (28, TO_DATE('15/06/2012','DD/MM/YYYY'), TO_DATE('04/06/2012','DD/MM/YYYY'), '612.710.475-95', 'G-280');

INSERT INTO HOSPEDA (ID_HOSPEDAGEM, DIA_CHECK_IN, DIA_CHECK_OUT, CPF_CLIENTE, NUMERO_QUARTO) VALUES (29, TO_DATE('07/12/2012','DD/MM/YYYY'), TO_DATE('05/12/2012','DD/MM/YYYY'), '612.710.475-95', 'H-131');

INSERT INTO HOSPEDA (ID_HOSPEDAGEM, DIA_CHECK_IN, DIA_CHECK_OUT, CPF_CLIENTE, NUMERO_QUARTO) VALUES (30, TO_DATE('31/04/2012','DD/MM/YYYY'), TO_DATE('12/04/2012','DD/MM/YYYY'), '668.371.240-92', 'I-262');

-----Reserva------

INSERT INTO RESERVA (ID_RESERVA, CPF_CLIENTE, NUMERO_QUARTO, DIA_CHECK_IN, DIA_CHECK_OUT) VALUES (1, '923.986.879-76', '148-L', TO_DATE('06/06/2015','DD/MM/YYYY'), TO_DATE('22/06/2015','DD/MM/YYYY'));

INSERT INTO RESERVA (ID_RESERVA, CPF_CLIENTE, NUMERO_QUARTO, DIA_CHECK_IN, DIA_CHECK_OUT) VALUES (2, '923.986.879-76', '120-F', TO_DATE('21/02/2012','DD/MM/YYYY'), TO_DATE('09/02/2012','DD/MM/YYYY'));

INSERT INTO RESERVA (ID_RESERVA, CPF_CLIENTE, NUMERO_QUARTO, DIA_CHECK_IN, DIA_CHECK_OUT) VALUES (3, '923.986.879-76', 'L-208', TO_DATE('16/02/2017','DD/MM/YYYY'), TO_DATE('15/02/2017','DD/MM/YYYY'));

INSERT INTO RESERVA (ID_RESERVA, CPF_CLIENTE, NUMERO_QUARTO, DIA_CHECK_IN, DIA_CHECK_OUT) VALUES (4, '904.566.799-78', '215-Z', TO_DATE('12/02/2013','DD/MM/YYYY'), TO_DATE('18/02/2013','DD/MM/YYYY'));

INSERT INTO RESERVA (ID_RESERVA, CPF_CLIENTE, NUMERO_QUARTO, DIA_CHECK_IN, DIA_CHECK_OUT) VALUES (5, '904.566.799-78', 'S-281', TO_DATE('20/03/2016','DD/MM/YYYY'), TO_DATE('25/03/2016','DD/MM/YYYY'));

INSERT INTO RESERVA (ID_RESERVA, CPF_CLIENTE, NUMERO_QUARTO, DIA_CHECK_IN, DIA_CHECK_OUT) VALUES (6, '712.444.893-47', 'D-284', TO_DATE('31/11/2011','DD/MM/YYYY'), TO_DATE('28/11/2011','DD/MM/YYYY'));

INSERT INTO RESERVA (ID_RESERVA, CPF_CLIENTE, NUMERO_QUARTO, DIA_CHECK_IN, DIA_CHECK_OUT) VALUES (7, '712.444.893-47', '112-B', TO_DATE('04/08/2012','DD/MM/YYYY'), TO_DATE('01/08/2012','DD/MM/YYYY'));

INSERT INTO RESERVA (ID_RESERVA, CPF_CLIENTE, NUMERO_QUARTO, DIA_CHECK_IN, DIA_CHECK_OUT) VALUES (8, '860.405.105-52', 'Q-253', TO_DATE('17/01/2018','DD/MM/YYYY'), TO_DATE('22/01/2018','DD/MM/YYYY'));

INSERT INTO RESERVA (ID_RESERVA, CPF_CLIENTE, NUMERO_QUARTO, DIA_CHECK_IN, DIA_CHECK_OUT) VALUES (9, '909.279.766-29', '116-C', TO_DATE('23/11/2013','DD/MM/YYYY'), TO_DATE('04/11/2013','DD/MM/YYYY'));

INSERT INTO RESERVA (ID_RESERVA, CPF_CLIENTE, NUMERO_QUARTO, DIA_CHECK_IN, DIA_CHECK_OUT) VALUES (10, '909.279.766-29', '148-L', TO_DATE('12/10/2017','DD/MM/YYYY'), TO_DATE('07/10/2017','DD/MM/YYYY'));

INSERT INTO RESERVA (ID_RESERVA, CPF_CLIENTE, NUMERO_QUARTO, DIA_CHECK_IN, DIA_CHECK_OUT) VALUES (11, '454.378.795-95', '281-T', TO_DATE('09/02/2014','DD/MM/YYYY'), TO_DATE('18/02/2014','DD/MM/YYYY'));

INSERT INTO RESERVA (ID_RESERVA, CPF_CLIENTE, NUMERO_QUARTO, DIA_CHECK_IN, DIA_CHECK_OUT) VALUES (12, '454.378.795-95', '116-C', TO_DATE('12/06/2016','DD/MM/YYYY'), TO_DATE('24/06/2016','DD/MM/YYYY'));

INSERT INTO RESERVA (ID_RESERVA, CPF_CLIENTE, NUMERO_QUARTO, DIA_CHECK_IN, DIA_CHECK_OUT) VALUES (13, '296.900.210-78', '165-U', TO_DATE('12/10/2013','DD/MM/YYYY'), TO_DATE('16/10/2013','DD/MM/YYYY'));

INSERT INTO RESERVA (ID_RESERVA, CPF_CLIENTE, NUMERO_QUARTO, DIA_CHECK_IN, DIA_CHECK_OUT) VALUES (14, '296.900.210-78', 'G-280', TO_DATE('06/03/2019','DD/MM/YYYY'), TO_DATE('17/03/2019','DD/MM/YYYY'));

INSERT INTO RESERVA (ID_RESERVA, CPF_CLIENTE, NUMERO_QUARTO, DIA_CHECK_IN, DIA_CHECK_OUT) VALUES (15, '903.944.686-59', 'U-249', TO_DATE('17/06/2014','DD/MM/YYYY'), TO_DATE('21/06/2014','DD/MM/YYYY'));

INSERT INTO RESERVA (ID_RESERVA, CPF_CLIENTE, NUMERO_QUARTO, DIA_CHECK_IN, DIA_CHECK_OUT) VALUES (16, '903.944.686-59', '116-C', TO_DATE('05/05/2016','DD/MM/YYYY'), TO_DATE('27/05/2016','DD/MM/YYYY'));

INSERT INTO RESERVA (ID_RESERVA, CPF_CLIENTE, NUMERO_QUARTO, DIA_CHECK_IN, DIA_CHECK_OUT) VALUES (17, '765.168.613-28', '174-I', TO_DATE('11/11/2019','DD/MM/YYYY'), TO_DATE('20/11/2019','DD/MM/YYYY'));

INSERT INTO RESERVA (ID_RESERVA, CPF_CLIENTE, NUMERO_QUARTO, DIA_CHECK_IN, DIA_CHECK_OUT) VALUES (18, '765.168.613-28', '169-W', TO_DATE('31/02/2016','DD/MM/YYYY'), TO_DATE('05/02/2016','DD/MM/YYYY'));

INSERT INTO RESERVA (ID_RESERVA, CPF_CLIENTE, NUMERO_QUARTO, DIA_CHECK_IN, DIA_CHECK_OUT) VALUES (19, '884.971.378-30', 'I-262', TO_DATE('08/07/2017','DD/MM/YYYY'), TO_DATE('26/07/2017','DD/MM/YYYY'));

INSERT INTO RESERVA (ID_RESERVA, CPF_CLIENTE, NUMERO_QUARTO, DIA_CHECK_IN, DIA_CHECK_OUT) VALUES (20, '884.971.378-30', 'Y-201', TO_DATE('09/08/2016','DD/MM/YYYY'), TO_DATE('27/08/2016','DD/MM/YYYY'));

INSERT INTO RESERVA (ID_RESERVA, CPF_CLIENTE, NUMERO_QUARTO, DIA_CHECK_IN, DIA_CHECK_OUT) VALUES (21, '884.971.378-30', 'M-204', TO_DATE('03/05/2014','DD/MM/YYYY'), TO_DATE('27/05/2014','DD/MM/YYYY'));

INSERT INTO RESERVA (ID_RESERVA, CPF_CLIENTE, NUMERO_QUARTO, DIA_CHECK_IN, DIA_CHECK_OUT) VALUES (22, '198.385.238-84', '215-Z', TO_DATE('24/03/2016','DD/MM/YYYY'), TO_DATE('18/03/2016','DD/MM/YYYY'));

INSERT INTO RESERVA (ID_RESERVA, CPF_CLIENTE, NUMERO_QUARTO, DIA_CHECK_IN, DIA_CHECK_OUT) VALUES (23, '803.121.410-14', 'R-226', TO_DATE('10/09/2017','DD/MM/YYYY'), TO_DATE('24/09/2017','DD/MM/YYYY'));

INSERT INTO RESERVA (ID_RESERVA, CPF_CLIENTE, NUMERO_QUARTO, DIA_CHECK_IN, DIA_CHECK_OUT) VALUES (24, '803.121.410-14', '102-R', TO_DATE('28/11/2015','DD/MM/YYYY'), TO_DATE('22/11/2015','DD/MM/YYYY'));

INSERT INTO RESERVA (ID_RESERVA, CPF_CLIENTE, NUMERO_QUARTO, DIA_CHECK_IN, DIA_CHECK_OUT) VALUES (25, '881.361.871-20', '120-F', TO_DATE('22/04/2012','DD/MM/YYYY'), TO_DATE('26/04/2012','DD/MM/YYYY'));

INSERT INTO RESERVA (ID_RESERVA, CPF_CLIENTE, NUMERO_QUARTO, DIA_CHECK_IN, DIA_CHECK_OUT) VALUES (26, '909.685.848-46', 'U-203', TO_DATE('15/01/2018','DD/MM/YYYY'), TO_DATE('24/01/2018','DD/MM/YYYY'));

INSERT INTO RESERVA (ID_RESERVA, CPF_CLIENTE, NUMERO_QUARTO, DIA_CHECK_IN, DIA_CHECK_OUT) VALUES (27, '909.685.848-46', 'H-131', TO_DATE('10/02/2012','DD/MM/YYYY'), TO_DATE('21/02/2012','DD/MM/YYYY'));

INSERT INTO RESERVA (ID_RESERVA, CPF_CLIENTE, NUMERO_QUARTO, DIA_CHECK_IN, DIA_CHECK_OUT) VALUES (28, '909.685.848-46', '281-T', TO_DATE('03/03/2012','DD/MM/YYYY'), TO_DATE('22/03/2012','DD/MM/YYYY'));

INSERT INTO RESERVA (ID_RESERVA, CPF_CLIENTE, NUMERO_QUARTO, DIA_CHECK_IN, DIA_CHECK_OUT) VALUES (29, '872.290.681-74', '185-A', TO_DATE('24/11/2010','DD/MM/YYYY'), TO_DATE('05/11/2010','DD/MM/YYYY'));

INSERT INTO RESERVA (ID_RESERVA, CPF_CLIENTE, NUMERO_QUARTO, DIA_CHECK_IN, DIA_CHECK_OUT) VALUES (30, '872.290.681-74', 'L-208', TO_DATE('27/09/2012','DD/MM/YYYY'), TO_DATE('27/09/2012','DD/MM/YYYY'));

INSERT INTO RESERVA (ID_RESERVA, CPF_CLIENTE, NUMERO_QUARTO, DIA_CHECK_IN, DIA_CHECK_OUT) VALUES (31, '872.290.681-74', '169-W', TO_DATE('03/12/2010','DD/MM/YYYY'), TO_DATE('26/12/2010','DD/MM/YYYY'));

INSERT INTO RESERVA (ID_RESERVA, CPF_CLIENTE, NUMERO_QUARTO, DIA_CHECK_IN, DIA_CHECK_OUT) VALUES (32, '101.988.834-26', '174-I', TO_DATE('13/01/2011','DD/MM/YYYY'), TO_DATE('25/01/2011','DD/MM/YYYY'));

INSERT INTO RESERVA (ID_RESERVA, CPF_CLIENTE, NUMERO_QUARTO, DIA_CHECK_IN, DIA_CHECK_OUT) VALUES (33, '101.988.834-26', 'M-204', TO_DATE('09/09/2012','DD/MM/YYYY'), TO_DATE('15/09/2012','DD/MM/YYYY'));

INSERT INTO RESERVA (ID_RESERVA, CPF_CLIENTE, NUMERO_QUARTO, DIA_CHECK_IN, DIA_CHECK_OUT) VALUES (34, '101.988.834-26', '169-W', TO_DATE('21/10/2015','DD/MM/YYYY'), TO_DATE('26/10/2015','DD/MM/YYYY'));

INSERT INTO RESERVA (ID_RESERVA, CPF_CLIENTE, NUMERO_QUARTO, DIA_CHECK_IN, DIA_CHECK_OUT) VALUES (35, '944.150.718-16', '127-H', TO_DATE('23/08/2015','DD/MM/YYYY'), TO_DATE('15/08/2015','DD/MM/YYYY'));

INSERT INTO RESERVA (ID_RESERVA, CPF_CLIENTE, NUMERO_QUARTO, DIA_CHECK_IN, DIA_CHECK_OUT) VALUES (36, '944.150.718-16', 'Y-201', TO_DATE('24/06/2010','DD/MM/YYYY'), TO_DATE('27/06/2010','DD/MM/YYYY'));

INSERT INTO RESERVA (ID_RESERVA, CPF_CLIENTE, NUMERO_QUARTO, DIA_CHECK_IN, DIA_CHECK_OUT) VALUES (37, '944.150.718-16', 'I-262', TO_DATE('10/03/2014','DD/MM/YYYY'), TO_DATE('24/03/2014','DD/MM/YYYY'));

INSERT INTO RESERVA (ID_RESERVA, CPF_CLIENTE, NUMERO_QUARTO, DIA_CHECK_IN, DIA_CHECK_OUT) VALUES (38, '322.145.868-52', '281-T', TO_DATE('01/06/2016','DD/MM/YYYY'), TO_DATE('31/06/2016','DD/MM/YYYY'));

INSERT INTO RESERVA (ID_RESERVA, CPF_CLIENTE, NUMERO_QUARTO, DIA_CHECK_IN, DIA_CHECK_OUT) VALUES (39, '322.145.868-52', 'W-238', TO_DATE('03/10/2019','DD/MM/YYYY'), TO_DATE('30/10/2019','DD/MM/YYYY'));

INSERT INTO RESERVA (ID_RESERVA, CPF_CLIENTE, NUMERO_QUARTO, DIA_CHECK_IN, DIA_CHECK_OUT) VALUES (40, '612.710.475-95', '174-I', TO_DATE('12/11/2017','DD/MM/YYYY'), TO_DATE('13/11/2017','DD/MM/YYYY'));

INSERT INTO RESERVA (ID_RESERVA, CPF_CLIENTE, NUMERO_QUARTO, DIA_CHECK_IN, DIA_CHECK_OUT) VALUES (41, '668.371.240-92', 'S-281', TO_DATE('03/02/2010','DD/MM/YYYY'), TO_DATE('12/02/2010','DD/MM/YYYY'));

INSERT INTO RESERVA (ID_RESERVA, CPF_CLIENTE, NUMERO_QUARTO, DIA_CHECK_IN, DIA_CHECK_OUT) VALUES (42, '668.371.240-92', '127-H', TO_DATE('23/10/2014','DD/MM/YYYY'), TO_DATE('11/10/2014','DD/MM/YYYY'));

-----Venda------

INSERT INTO VENDA (ID_VENDA, ID_PRODUTO, NUMERO_QUARTO, DATA, QUANTIDADE) VALUES (1, 86, '116-C', TO_DATE('31/04/2012','DD/MM/YYYY'), 1);

INSERT INTO VENDA (ID_VENDA, ID_PRODUTO, NUMERO_QUARTO, DATA, QUANTIDADE) VALUES (2, 89, 'S-281', TO_DATE('28/03/2015','DD/MM/YYYY'), 4);

INSERT INTO VENDA (ID_VENDA, ID_PRODUTO, NUMERO_QUARTO, DATA, QUANTIDADE) VALUES (3, 30, '281-T', TO_DATE('15/06/2012','DD/MM/YYYY'), 4);

INSERT INTO VENDA (ID_VENDA, ID_PRODUTO, NUMERO_QUARTO, DATA, QUANTIDADE) VALUES (4, 23, '255-B', TO_DATE('19/02/2011','DD/MM/YYYY'), 1);

INSERT INTO VENDA (ID_VENDA, ID_PRODUTO, NUMERO_QUARTO, DATA, QUANTIDADE) VALUES (5, 21, '215-Z', TO_DATE('12/05/2010','DD/MM/YYYY'), 3);

INSERT INTO VENDA (ID_VENDA, ID_PRODUTO, NUMERO_QUARTO, DATA, QUANTIDADE) VALUES (6, 2, '255-B', TO_DATE('30/02/2013','DD/MM/YYYY'), 3);

INSERT INTO VENDA (ID_VENDA, ID_PRODUTO, NUMERO_QUARTO, DATA, QUANTIDADE) VALUES (7, 12, '169-W', TO_DATE('12/05/2010','DD/MM/YYYY'), 2);

INSERT INTO VENDA (ID_VENDA, ID_PRODUTO, NUMERO_QUARTO, DATA, QUANTIDADE) VALUES (8, 31, 'W-238', TO_DATE('24/08/2014','DD/MM/YYYY'), 4);

INSERT INTO VENDA (ID_VENDA, ID_PRODUTO, NUMERO_QUARTO, DATA, QUANTIDADE) VALUES (9, 40, '169-W', TO_DATE('05/05/2014','DD/MM/YYYY'), 5);

INSERT INTO VENDA (ID_VENDA, ID_PRODUTO, NUMERO_QUARTO, DATA, QUANTIDADE) VALUES (10, 38, '102-R', TO_DATE('23/12/2015','DD/MM/YYYY'), 4);

INSERT INTO VENDA (ID_VENDA, ID_PRODUTO, NUMERO_QUARTO, DATA, QUANTIDADE) VALUES (11, 75, 'W-238', TO_DATE('15/06/2012','DD/MM/YYYY'), 4);

INSERT INTO VENDA (ID_VENDA, ID_PRODUTO, NUMERO_QUARTO, DATA, QUANTIDADE) VALUES (12, 48, 'U-203', TO_DATE('30/06/2012','DD/MM/YYYY'), 1);

INSERT INTO VENDA (ID_VENDA, ID_PRODUTO, NUMERO_QUARTO, DATA, QUANTIDADE) VALUES (13, 33, 'L-208', TO_DATE('01/09/2010','DD/MM/YYYY'), 2);

INSERT INTO VENDA (ID_VENDA, ID_PRODUTO, NUMERO_QUARTO, DATA, QUANTIDADE) VALUES (14, 20, 'S-281', TO_DATE('19/02/2011','DD/MM/YYYY'), 5);

INSERT INTO VENDA (ID_VENDA, ID_PRODUTO, NUMERO_QUARTO, DATA, QUANTIDADE) VALUES (15, 56, '273-T', TO_DATE('05/05/2014','DD/MM/YYYY'), 1);

INSERT INTO VENDA (ID_VENDA, ID_PRODUTO, NUMERO_QUARTO, DATA, QUANTIDADE) VALUES (16, 21, 'T-184', TO_DATE('22/07/2019','DD/MM/YYYY'), 3);

INSERT INTO VENDA (ID_VENDA, ID_PRODUTO, NUMERO_QUARTO, DATA, QUANTIDADE) VALUES (17, 6, '281-T', TO_DATE('02/02/2016','DD/MM/YYYY'), 5);

INSERT INTO VENDA (ID_VENDA, ID_PRODUTO, NUMERO_QUARTO, DATA, QUANTIDADE) VALUES (18, 72, 'H-228', TO_DATE('07/12/2012','DD/MM/YYYY'), 4);

INSERT INTO VENDA (ID_VENDA, ID_PRODUTO, NUMERO_QUARTO, DATA, QUANTIDADE) VALUES (19, 37, 'W-238', TO_DATE('30/02/2013','DD/MM/YYYY'), 5);

INSERT INTO VENDA (ID_VENDA, ID_PRODUTO, NUMERO_QUARTO, DATA, QUANTIDADE) VALUES (20, 36, '112-B', TO_DATE('25/07/2015','DD/MM/YYYY'), 2);

INSERT INTO VENDA (ID_VENDA, ID_PRODUTO, NUMERO_QUARTO, DATA, QUANTIDADE) VALUES (21, 83, 'Y-201', TO_DATE('24/08/2014','DD/MM/YYYY'), 4);

INSERT INTO VENDA (ID_VENDA, ID_PRODUTO, NUMERO_QUARTO, DATA, QUANTIDADE) VALUES (22, 9, 'U-249', TO_DATE('15/06/2012','DD/MM/YYYY'), 1);

INSERT INTO VENDA (ID_VENDA, ID_PRODUTO, NUMERO_QUARTO, DATA, QUANTIDADE) VALUES (23, 77, 'H-131', TO_DATE('12/05/2014','DD/MM/YYYY'), 4);

INSERT INTO VENDA (ID_VENDA, ID_PRODUTO, NUMERO_QUARTO, DATA, QUANTIDADE) VALUES (24, 17, '185-A', TO_DATE('19/02/2011','DD/MM/YYYY'), 3);

INSERT INTO VENDA (ID_VENDA, ID_PRODUTO, NUMERO_QUARTO, DATA, QUANTIDADE) VALUES (25, 91, '176-I', TO_DATE('23/12/2015','DD/MM/YYYY'), 2);

INSERT INTO VENDA (ID_VENDA, ID_PRODUTO, NUMERO_QUARTO, DATA, QUANTIDADE) VALUES (26, 11, 'W-238', TO_DATE('05/05/2014','DD/MM/YYYY'), 3);

INSERT INTO VENDA (ID_VENDA, ID_PRODUTO, NUMERO_QUARTO, DATA, QUANTIDADE) VALUES (27, 80, 'W-238', TO_DATE('30/04/2016','DD/MM/YYYY'), 2);

INSERT INTO VENDA (ID_VENDA, ID_PRODUTO, NUMERO_QUARTO, DATA, QUANTIDADE) VALUES (28, 17, 'H-131', TO_DATE('17/01/2011','DD/MM/YYYY'), 3);

INSERT INTO VENDA (ID_VENDA, ID_PRODUTO, NUMERO_QUARTO, DATA, QUANTIDADE) VALUES (29, 11, 'T-184', TO_DATE('20/11/2017','DD/MM/YYYY'), 5);

INSERT INTO VENDA (ID_VENDA, ID_PRODUTO, NUMERO_QUARTO, DATA, QUANTIDADE) VALUES (30, 66, 'U-203', TO_DATE('28/03/2015','DD/MM/YYYY'), 5);

INSERT INTO VENDA (ID_VENDA, ID_PRODUTO, NUMERO_QUARTO, DATA, QUANTIDADE) VALUES (31, 99, '148-L', TO_DATE('23/12/2015','DD/MM/YYYY'), 5);

INSERT INTO VENDA (ID_VENDA, ID_PRODUTO, NUMERO_QUARTO, DATA, QUANTIDADE) VALUES (32, 76, 'I-262', TO_DATE('17/01/2011','DD/MM/YYYY'), 1);

INSERT INTO VENDA (ID_VENDA, ID_PRODUTO, NUMERO_QUARTO, DATA, QUANTIDADE) VALUES (33, 89, 'H-131', TO_DATE('05/05/2014','DD/MM/YYYY'), 2);

INSERT INTO VENDA (ID_VENDA, ID_PRODUTO, NUMERO_QUARTO, DATA, QUANTIDADE) VALUES (34, 60, '127-H', TO_DATE('09/10/2011','DD/MM/YYYY'), 3);

INSERT INTO VENDA (ID_VENDA, ID_PRODUTO, NUMERO_QUARTO, DATA, QUANTIDADE) VALUES (35, 49, 'I-262', TO_DATE('12/05/2014','DD/MM/YYYY'), 3);

INSERT INTO VENDA (ID_VENDA, ID_PRODUTO, NUMERO_QUARTO, DATA, QUANTIDADE) VALUES (36, 17, '102-R', TO_DATE('30/06/2012','DD/MM/YYYY'), 4);

INSERT INTO VENDA (ID_VENDA, ID_PRODUTO, NUMERO_QUARTO, DATA, QUANTIDADE) VALUES (37, 96, 'S-281', TO_DATE('10/12/2010','DD/MM/YYYY'), 1);

INSERT INTO VENDA (ID_VENDA, ID_PRODUTO, NUMERO_QUARTO, DATA, QUANTIDADE) VALUES (38, 67, 'U-203', TO_DATE('19/02/2011','DD/MM/YYYY'), 3);

INSERT INTO VENDA (ID_VENDA, ID_PRODUTO, NUMERO_QUARTO, DATA, QUANTIDADE) VALUES (39, 65, 'W-238', TO_DATE('01/09/2010','DD/MM/YYYY'), 3);

INSERT INTO VENDA (ID_VENDA, ID_PRODUTO, NUMERO_QUARTO, DATA, QUANTIDADE) VALUES (40, 72, 'G-280', TO_DATE('15/06/2012','DD/MM/YYYY'), 2);

INSERT INTO VENDA (ID_VENDA, ID_PRODUTO, NUMERO_QUARTO, DATA, QUANTIDADE) VALUES (41, 87, 'L-208', TO_DATE('30/06/2012','DD/MM/YYYY'), 2);

INSERT INTO VENDA (ID_VENDA, ID_PRODUTO, NUMERO_QUARTO, DATA, QUANTIDADE) VALUES (42, 64, 'M-204', TO_DATE('23/06/2012','DD/MM/YYYY'), 2);

INSERT INTO VENDA (ID_VENDA, ID_PRODUTO, NUMERO_QUARTO, DATA, QUANTIDADE) VALUES (43, 39, 'I-262', TO_DATE('31/04/2012','DD/MM/YYYY'), 1);

INSERT INTO VENDA (ID_VENDA, ID_PRODUTO, NUMERO_QUARTO, DATA, QUANTIDADE) VALUES (44, 82, 'G-280', TO_DATE('16/05/2019','DD/MM/YYYY'), 3);

INSERT INTO VENDA (ID_VENDA, ID_PRODUTO, NUMERO_QUARTO, DATA, QUANTIDADE) VALUES (45, 11, '148-L', TO_DATE('31/04/2012','DD/MM/YYYY'), 5);

INSERT INTO VENDA (ID_VENDA, ID_PRODUTO, NUMERO_QUARTO, DATA, QUANTIDADE) VALUES (46, 23, 'Y-201', TO_DATE('22/07/2019','DD/MM/YYYY'), 2);

INSERT INTO VENDA (ID_VENDA, ID_PRODUTO, NUMERO_QUARTO, DATA, QUANTIDADE) VALUES (47, 4, 'H-228', TO_DATE('12/05/2014','DD/MM/YYYY'), 2);

INSERT INTO VENDA (ID_VENDA, ID_PRODUTO, NUMERO_QUARTO, DATA, QUANTIDADE) VALUES (48, 33, '174-I', TO_DATE('10/07/2010','DD/MM/YYYY'), 4);

INSERT INTO VENDA (ID_VENDA, ID_PRODUTO, NUMERO_QUARTO, DATA, QUANTIDADE) VALUES (49, 40, 'W-238', TO_DATE('09/10/2011','DD/MM/YYYY'), 1);

INSERT INTO VENDA (ID_VENDA, ID_PRODUTO, NUMERO_QUARTO, DATA, QUANTIDADE) VALUES (50, 39, '174-I', TO_DATE('23/06/2012','DD/MM/YYYY'), 4);

INSERT INTO VENDA (ID_VENDA, ID_PRODUTO, NUMERO_QUARTO, DATA, QUANTIDADE) VALUES (51, 5, '255-B', TO_DATE('12/05/2014','DD/MM/YYYY'), 2);

INSERT INTO VENDA (ID_VENDA, ID_PRODUTO, NUMERO_QUARTO, DATA, QUANTIDADE) VALUES (52, 96, '165-U', TO_DATE('07/12/2012','DD/MM/YYYY'), 5);

INSERT INTO VENDA (ID_VENDA, ID_PRODUTO, NUMERO_QUARTO, DATA, QUANTIDADE) VALUES (53, 40, 'I-262', TO_DATE('30/04/2016','DD/MM/YYYY'), 3);

INSERT INTO VENDA (ID_VENDA, ID_PRODUTO, NUMERO_QUARTO, DATA, QUANTIDADE) VALUES (54, 37, 'I-262', TO_DATE('14/08/2015','DD/MM/YYYY'), 1);

INSERT INTO VENDA (ID_VENDA, ID_PRODUTO, NUMERO_QUARTO, DATA, QUANTIDADE) VALUES (55, 13, 'Y-201', TO_DATE('02/02/2016','DD/MM/YYYY'), 5);

INSERT INTO VENDA (ID_VENDA, ID_PRODUTO, NUMERO_QUARTO, DATA, QUANTIDADE) VALUES (56, 29, 'S-281', TO_DATE('07/12/2012','DD/MM/YYYY'), 4);

INSERT INTO VENDA (ID_VENDA, ID_PRODUTO, NUMERO_QUARTO, DATA, QUANTIDADE) VALUES (57, 6, 'Y-201', TO_DATE('02/02/2016','DD/MM/YYYY'), 3);

INSERT INTO VENDA (ID_VENDA, ID_PRODUTO, NUMERO_QUARTO, DATA, QUANTIDADE) VALUES (58, 47, '215-Z', TO_DATE('10/12/2010','DD/MM/YYYY'), 2);

INSERT INTO VENDA (ID_VENDA, ID_PRODUTO, NUMERO_QUARTO, DATA, QUANTIDADE) VALUES (59, 49, 'I-262', TO_DATE('22/07/2019','DD/MM/YYYY'), 5);

INSERT INTO VENDA (ID_VENDA, ID_PRODUTO, NUMERO_QUARTO, DATA, QUANTIDADE) VALUES (60, 42, 'T-184', TO_DATE('30/06/2012','DD/MM/YYYY'), 2);

INSERT INTO VENDA (ID_VENDA, ID_PRODUTO, NUMERO_QUARTO, DATA, QUANTIDADE) VALUES (61, 22, 'D-284', TO_DATE('14/08/2015','DD/MM/YYYY'), 3);

INSERT INTO VENDA (ID_VENDA, ID_PRODUTO, NUMERO_QUARTO, DATA, QUANTIDADE) VALUES (62, 3, '176-I', TO_DATE('23/06/2012','DD/MM/YYYY'), 2);

INSERT INTO VENDA (ID_VENDA, ID_PRODUTO, NUMERO_QUARTO, DATA, QUANTIDADE) VALUES (63, 82, 'Y-201', TO_DATE('05/05/2014','DD/MM/YYYY'), 1);

INSERT INTO VENDA (ID_VENDA, ID_PRODUTO, NUMERO_QUARTO, DATA, QUANTIDADE) VALUES (64, 21, 'R-226', TO_DATE('15/06/2012','DD/MM/YYYY'), 3);

INSERT INTO VENDA (ID_VENDA, ID_PRODUTO, NUMERO_QUARTO, DATA, QUANTIDADE) VALUES (65, 69, '281-T', TO_DATE('02/02/2016','DD/MM/YYYY'), 5);

INSERT INTO VENDA (ID_VENDA, ID_PRODUTO, NUMERO_QUARTO, DATA, QUANTIDADE) VALUES (66, 29, 'R-226', TO_DATE('01/09/2010','DD/MM/YYYY'), 2);

INSERT INTO VENDA (ID_VENDA, ID_PRODUTO, NUMERO_QUARTO, DATA, QUANTIDADE) VALUES (67, 92, 'U-203', TO_DATE('28/03/2015','DD/MM/YYYY'), 1);

INSERT INTO VENDA (ID_VENDA, ID_PRODUTO, NUMERO_QUARTO, DATA, QUANTIDADE) VALUES (68, 93, 'G-280', TO_DATE('07/12/2012','DD/MM/YYYY'), 3);

INSERT INTO VENDA (ID_VENDA, ID_PRODUTO, NUMERO_QUARTO, DATA, QUANTIDADE) VALUES (69, 87, '174-I', TO_DATE('30/02/2018','DD/MM/YYYY'), 1);

INSERT INTO VENDA (ID_VENDA, ID_PRODUTO, NUMERO_QUARTO, DATA, QUANTIDADE) VALUES (70, 77, 'D-284', TO_DATE('14/08/2015','DD/MM/YYYY'), 5);

INSERT INTO VENDA (ID_VENDA, ID_PRODUTO, NUMERO_QUARTO, DATA, QUANTIDADE) VALUES (71, 38, '174-I', TO_DATE('16/02/2010','DD/MM/YYYY'), 4);

INSERT INTO VENDA (ID_VENDA, ID_PRODUTO, NUMERO_QUARTO, DATA, QUANTIDADE) VALUES (72, 41, '255-B', TO_DATE('24/08/2014','DD/MM/YYYY'), 1);

INSERT INTO VENDA (ID_VENDA, ID_PRODUTO, NUMERO_QUARTO, DATA, QUANTIDADE) VALUES (73, 32, '148-L', TO_DATE('10/12/2010','DD/MM/YYYY'), 3);

INSERT INTO VENDA (ID_VENDA, ID_PRODUTO, NUMERO_QUARTO, DATA, QUANTIDADE) VALUES (74, 60, 'W-238', TO_DATE('12/05/2010','DD/MM/YYYY'), 2);

INSERT INTO VENDA (ID_VENDA, ID_PRODUTO, NUMERO_QUARTO, DATA, QUANTIDADE) VALUES (75, 23, '169-W', TO_DATE('19/02/2011','DD/MM/YYYY'), 4);

INSERT INTO VENDA (ID_VENDA, ID_PRODUTO, NUMERO_QUARTO, DATA, QUANTIDADE) VALUES (76, 49, 'S-281', TO_DATE('28/03/2015','DD/MM/YYYY'), 1);

INSERT INTO VENDA (ID_VENDA, ID_PRODUTO, NUMERO_QUARTO, DATA, QUANTIDADE) VALUES (77, 24, 'G-280', TO_DATE('05/05/2014','DD/MM/YYYY'), 3);

INSERT INTO VENDA (ID_VENDA, ID_PRODUTO, NUMERO_QUARTO, DATA, QUANTIDADE) VALUES (78, 80, 'W-238', TO_DATE('10/12/2010','DD/MM/YYYY'), 2);

INSERT INTO VENDA (ID_VENDA, ID_PRODUTO, NUMERO_QUARTO, DATA, QUANTIDADE) VALUES (79, 53, '165-U', TO_DATE('14/08/2015','DD/MM/YYYY'), 5);

INSERT INTO VENDA (ID_VENDA, ID_PRODUTO, NUMERO_QUARTO, DATA, QUANTIDADE) VALUES (80, 83, 'S-281', TO_DATE('05/05/2014','DD/MM/YYYY'), 5);

INSERT INTO VENDA (ID_VENDA, ID_PRODUTO, NUMERO_QUARTO, DATA, QUANTIDADE) VALUES (81, 28, 'H-131', TO_DATE('12/05/2014','DD/MM/YYYY'), 4);

INSERT INTO VENDA (ID_VENDA, ID_PRODUTO, NUMERO_QUARTO, DATA, QUANTIDADE) VALUES (82, 47, 'Q-253', TO_DATE('31/04/2012','DD/MM/YYYY'), 1);

INSERT INTO VENDA (ID_VENDA, ID_PRODUTO, NUMERO_QUARTO, DATA, QUANTIDADE) VALUES (83, 51, '281-T', TO_DATE('17/01/2011','DD/MM/YYYY'), 5);

INSERT INTO VENDA (ID_VENDA, ID_PRODUTO, NUMERO_QUARTO, DATA, QUANTIDADE) VALUES (84, 66, '281-T', TO_DATE('10/12/2010','DD/MM/YYYY'), 3);

INSERT INTO VENDA (ID_VENDA, ID_PRODUTO, NUMERO_QUARTO, DATA, QUANTIDADE) VALUES (85, 15, '215-Z', TO_DATE('30/02/2013','DD/MM/YYYY'), 2);

INSERT INTO VENDA (ID_VENDA, ID_PRODUTO, NUMERO_QUARTO, DATA, QUANTIDADE) VALUES (86, 14, '148-L', TO_DATE('23/06/2012','DD/MM/YYYY'), 5);

INSERT INTO VENDA (ID_VENDA, ID_PRODUTO, NUMERO_QUARTO, DATA, QUANTIDADE) VALUES (87, 71, '255-B', TO_DATE('10/07/2010','DD/MM/YYYY'), 1);

INSERT INTO VENDA (ID_VENDA, ID_PRODUTO, NUMERO_QUARTO, DATA, QUANTIDADE) VALUES (88, 3, 'W-238', TO_DATE('15/06/2012','DD/MM/YYYY'), 4);

INSERT INTO VENDA (ID_VENDA, ID_PRODUTO, NUMERO_QUARTO, DATA, QUANTIDADE) VALUES (89, 84, '148-L', TO_DATE('05/05/2014','DD/MM/YYYY'), 4);

INSERT INTO VENDA (ID_VENDA, ID_PRODUTO, NUMERO_QUARTO, DATA, QUANTIDADE) VALUES (90, 46, 'L-208', TO_DATE('30/02/2018','DD/MM/YYYY'), 3);

INSERT INTO VENDA (ID_VENDA, ID_PRODUTO, NUMERO_QUARTO, DATA, QUANTIDADE) VALUES (91, 79, 'I-262', TO_DATE('12/03/2011','DD/MM/YYYY'), 1);

INSERT INTO VENDA (ID_VENDA, ID_PRODUTO, NUMERO_QUARTO, DATA, QUANTIDADE) VALUES (92, 68, 'M-204', TO_DATE('10/12/2010','DD/MM/YYYY'), 3);

INSERT INTO VENDA (ID_VENDA, ID_PRODUTO, NUMERO_QUARTO, DATA, QUANTIDADE) VALUES (93, 98, '116-C', TO_DATE('14/08/2015','DD/MM/YYYY'), 4);

INSERT INTO VENDA (ID_VENDA, ID_PRODUTO, NUMERO_QUARTO, DATA, QUANTIDADE) VALUES (94, 99, 'D-284', TO_DATE('14/08/2015','DD/MM/YYYY'), 1);

INSERT INTO VENDA (ID_VENDA, ID_PRODUTO, NUMERO_QUARTO, DATA, QUANTIDADE) VALUES (95, 65, 'T-184', TO_DATE('31/06/2016','DD/MM/YYYY'), 1);

INSERT INTO VENDA (ID_VENDA, ID_PRODUTO, NUMERO_QUARTO, DATA, QUANTIDADE) VALUES (96, 57, 'L-208', TO_DATE('12/05/2010','DD/MM/YYYY'), 5);

INSERT INTO VENDA (ID_VENDA, ID_PRODUTO, NUMERO_QUARTO, DATA, QUANTIDADE) VALUES (97, 18, 'G-280', TO_DATE('28/03/2015','DD/MM/YYYY'), 4);

INSERT INTO VENDA (ID_VENDA, ID_PRODUTO, NUMERO_QUARTO, DATA, QUANTIDADE) VALUES (98, 34, 'I-262', TO_DATE('23/06/2012','DD/MM/YYYY'), 3);

INSERT INTO VENDA (ID_VENDA, ID_PRODUTO, NUMERO_QUARTO, DATA, QUANTIDADE) VALUES (99, 31, 'G-280', TO_DATE('10/07/2010','DD/MM/YYYY'), 4);

INSERT INTO VENDA (ID_VENDA, ID_PRODUTO, NUMERO_QUARTO, DATA, QUANTIDADE) VALUES (100, 33, '176-I', TO_DATE('28/03/2015','DD/MM/YYYY'), 1);

INSERT INTO VENDA (ID_VENDA, ID_PRODUTO, NUMERO_QUARTO, DATA, QUANTIDADE) VALUES (101, 52, 'L-208', TO_DATE('16/05/2019','DD/MM/YYYY'), 2);

INSERT INTO VENDA (ID_VENDA, ID_PRODUTO, NUMERO_QUARTO, DATA, QUANTIDADE) VALUES (102, 98, 'H-228', TO_DATE('30/02/2013','DD/MM/YYYY'), 4);

INSERT INTO VENDA (ID_VENDA, ID_PRODUTO, NUMERO_QUARTO, DATA, QUANTIDADE) VALUES (103, 99, '281-T', TO_DATE('09/10/2011','DD/MM/YYYY'), 1);

INSERT INTO VENDA (ID_VENDA, ID_PRODUTO, NUMERO_QUARTO, DATA, QUANTIDADE) VALUES (104, 11, 'R-226', TO_DATE('15/06/2012','DD/MM/YYYY'), 3);

INSERT INTO VENDA (ID_VENDA, ID_PRODUTO, NUMERO_QUARTO, DATA, QUANTIDADE) VALUES (105, 74, '116-C', TO_DATE('30/06/2012','DD/MM/YYYY'), 2);

INSERT INTO VENDA (ID_VENDA, ID_PRODUTO, NUMERO_QUARTO, DATA, QUANTIDADE) VALUES (106, 51, 'I-262', TO_DATE('30/02/2013','DD/MM/YYYY'), 2);

INSERT INTO VENDA (ID_VENDA, ID_PRODUTO, NUMERO_QUARTO, DATA, QUANTIDADE) VALUES (107, 35, '127-H', TO_DATE('17/01/2011','DD/MM/YYYY'), 4);

INSERT INTO VENDA (ID_VENDA, ID_PRODUTO, NUMERO_QUARTO, DATA, QUANTIDADE) VALUES (108, 60, 'U-203', TO_DATE('30/06/2012','DD/MM/YYYY'), 1);

INSERT INTO VENDA (ID_VENDA, ID_PRODUTO, NUMERO_QUARTO, DATA, QUANTIDADE) VALUES (109, 39, 'L-208', TO_DATE('28/03/2015','DD/MM/YYYY'), 5);

INSERT INTO VENDA (ID_VENDA, ID_PRODUTO, NUMERO_QUARTO, DATA, QUANTIDADE) VALUES (110, 48, 'H-228', TO_DATE('16/02/2010','DD/MM/YYYY'), 4);

INSERT INTO VENDA (ID_VENDA, ID_PRODUTO, NUMERO_QUARTO, DATA, QUANTIDADE) VALUES (111, 96, '102-R', TO_DATE('12/05/2014','DD/MM/YYYY'), 4);

INSERT INTO VENDA (ID_VENDA, ID_PRODUTO, NUMERO_QUARTO, DATA, QUANTIDADE) VALUES (112, 31, 'Y-201', TO_DATE('05/05/2014','DD/MM/YYYY'), 4);

INSERT INTO VENDA (ID_VENDA, ID_PRODUTO, NUMERO_QUARTO, DATA, QUANTIDADE) VALUES (113, 5, 'L-208', TO_DATE('24/08/2014','DD/MM/YYYY'), 2);

INSERT INTO VENDA (ID_VENDA, ID_PRODUTO, NUMERO_QUARTO, DATA, QUANTIDADE) VALUES (114, 96, '148-L', TO_DATE('30/04/2016','DD/MM/YYYY'), 2);

INSERT INTO VENDA (ID_VENDA, ID_PRODUTO, NUMERO_QUARTO, DATA, QUANTIDADE) VALUES (115, 21, 'H-228', TO_DATE('14/08/2015','DD/MM/YYYY'), 1);

INSERT INTO VENDA (ID_VENDA, ID_PRODUTO, NUMERO_QUARTO, DATA, QUANTIDADE) VALUES (116, 98, 'L-208', TO_DATE('31/04/2012','DD/MM/YYYY'), 4);

INSERT INTO VENDA (ID_VENDA, ID_PRODUTO, NUMERO_QUARTO, DATA, QUANTIDADE) VALUES (117, 16, 'U-203', TO_DATE('07/12/2012','DD/MM/YYYY'), 1);

INSERT INTO VENDA (ID_VENDA, ID_PRODUTO, NUMERO_QUARTO, DATA, QUANTIDADE) VALUES (118, 83, 'I-262', TO_DATE('31/06/2016','DD/MM/YYYY'), 5);

INSERT INTO VENDA (ID_VENDA, ID_PRODUTO, NUMERO_QUARTO, DATA, QUANTIDADE) VALUES (119, 18, '148-L', TO_DATE('30/06/2012','DD/MM/YYYY'), 2);

INSERT INTO VENDA (ID_VENDA, ID_PRODUTO, NUMERO_QUARTO, DATA, QUANTIDADE) VALUES (120, 12, 'G-280', TO_DATE('20/11/2017','DD/MM/YYYY'), 5);

INSERT INTO VENDA (ID_VENDA, ID_PRODUTO, NUMERO_QUARTO, DATA, QUANTIDADE) VALUES (121, 80, 'Y-201', TO_DATE('12/05/2010','DD/MM/YYYY'), 5);

INSERT INTO VENDA (ID_VENDA, ID_PRODUTO, NUMERO_QUARTO, DATA, QUANTIDADE) VALUES (122, 49, '120-F', TO_DATE('12/05/2014','DD/MM/YYYY'), 2);

INSERT INTO VENDA (ID_VENDA, ID_PRODUTO, NUMERO_QUARTO, DATA, QUANTIDADE) VALUES (123, 65, '127-H', TO_DATE('02/02/2016','DD/MM/YYYY'), 3);

INSERT INTO VENDA (ID_VENDA, ID_PRODUTO, NUMERO_QUARTO, DATA, QUANTIDADE) VALUES (124, 82, '169-W', TO_DATE('19/02/2011','DD/MM/YYYY'), 3);

INSERT INTO VENDA (ID_VENDA, ID_PRODUTO, NUMERO_QUARTO, DATA, QUANTIDADE) VALUES (125, 78, 'T-184', TO_DATE('23/12/2015','DD/MM/YYYY'), 1);

INSERT INTO VENDA (ID_VENDA, ID_PRODUTO, NUMERO_QUARTO, DATA, QUANTIDADE) VALUES (126, 67, 'I-262', TO_DATE('22/07/2019','DD/MM/YYYY'), 3);

INSERT INTO VENDA (ID_VENDA, ID_PRODUTO, NUMERO_QUARTO, DATA, QUANTIDADE) VALUES (127, 71, '116-C', TO_DATE('20/11/2017','DD/MM/YYYY'), 2);

INSERT INTO VENDA (ID_VENDA, ID_PRODUTO, NUMERO_QUARTO, DATA, QUANTIDADE) VALUES (128, 4, '127-H', TO_DATE('31/06/2016','DD/MM/YYYY'), 3);

INSERT INTO VENDA (ID_VENDA, ID_PRODUTO, NUMERO_QUARTO, DATA, QUANTIDADE) VALUES (129, 87, 'Y-201', TO_DATE('19/02/2011','DD/MM/YYYY'), 1);

INSERT INTO VENDA (ID_VENDA, ID_PRODUTO, NUMERO_QUARTO, DATA, QUANTIDADE) VALUES (130, 38, '174-I', TO_DATE('15/06/2012','DD/MM/YYYY'), 3);

INSERT INTO VENDA (ID_VENDA, ID_PRODUTO, NUMERO_QUARTO, DATA, QUANTIDADE) VALUES (131, 40, '127-H', TO_DATE('20/11/2017','DD/MM/YYYY'), 2);

INSERT INTO VENDA (ID_VENDA, ID_PRODUTO, NUMERO_QUARTO, DATA, QUANTIDADE) VALUES (132, 12, '281-T', TO_DATE('12/03/2011','DD/MM/YYYY'), 3);

INSERT INTO VENDA (ID_VENDA, ID_PRODUTO, NUMERO_QUARTO, DATA, QUANTIDADE) VALUES (133, 34, 'G-280', TO_DATE('12/05/2010','DD/MM/YYYY'), 2);

INSERT INTO VENDA (ID_VENDA, ID_PRODUTO, NUMERO_QUARTO, DATA, QUANTIDADE) VALUES (134, 10, 'R-226', TO_DATE('24/08/2014','DD/MM/YYYY'), 5);

INSERT INTO VENDA (ID_VENDA, ID_PRODUTO, NUMERO_QUARTO, DATA, QUANTIDADE) VALUES (135, 45, 'S-281', TO_DATE('05/05/2014','DD/MM/YYYY'), 1);

INSERT INTO VENDA (ID_VENDA, ID_PRODUTO, NUMERO_QUARTO, DATA, QUANTIDADE) VALUES (136, 9, '165-U', TO_DATE('05/05/2014','DD/MM/YYYY'), 2);

INSERT INTO VENDA (ID_VENDA, ID_PRODUTO, NUMERO_QUARTO, DATA, QUANTIDADE) VALUES (137, 18, '176-I', TO_DATE('28/03/2015','DD/MM/YYYY'), 3);

INSERT INTO VENDA (ID_VENDA, ID_PRODUTO, NUMERO_QUARTO, DATA, QUANTIDADE) VALUES (138, 24, 'Y-201', TO_DATE('10/07/2010','DD/MM/YYYY'), 2);

INSERT INTO VENDA (ID_VENDA, ID_PRODUTO, NUMERO_QUARTO, DATA, QUANTIDADE) VALUES (139, 47, '215-Z', TO_DATE('25/07/2015','DD/MM/YYYY'), 5);

INSERT INTO VENDA (ID_VENDA, ID_PRODUTO, NUMERO_QUARTO, DATA, QUANTIDADE) VALUES (140, 97, 'W-238', TO_DATE('31/06/2016','DD/MM/YYYY'), 3);

INSERT INTO VENDA (ID_VENDA, ID_PRODUTO, NUMERO_QUARTO, DATA, QUANTIDADE) VALUES (141, 86, '174-I', TO_DATE('30/04/2016','DD/MM/YYYY'), 2);

INSERT INTO VENDA (ID_VENDA, ID_PRODUTO, NUMERO_QUARTO, DATA, QUANTIDADE) VALUES (142, 58, 'W-238', TO_DATE('07/12/2012','DD/MM/YYYY'), 2);

INSERT INTO VENDA (ID_VENDA, ID_PRODUTO, NUMERO_QUARTO, DATA, QUANTIDADE) VALUES (143, 73, '148-L', TO_DATE('19/02/2011','DD/MM/YYYY'), 1);

INSERT INTO VENDA (ID_VENDA, ID_PRODUTO, NUMERO_QUARTO, DATA, QUANTIDADE) VALUES (144, 65, '176-I', TO_DATE('23/12/2015','DD/MM/YYYY'), 4);

INSERT INTO VENDA (ID_VENDA, ID_PRODUTO, NUMERO_QUARTO, DATA, QUANTIDADE) VALUES (145, 31, 'D-284', TO_DATE('10/12/2010','DD/MM/YYYY'), 2);

INSERT INTO VENDA (ID_VENDA, ID_PRODUTO, NUMERO_QUARTO, DATA, QUANTIDADE) VALUES (146, 18, '281-T', TO_DATE('05/05/2014','DD/MM/YYYY'), 4);

INSERT INTO VENDA (ID_VENDA, ID_PRODUTO, NUMERO_QUARTO, DATA, QUANTIDADE) VALUES (147, 33, '273-T', TO_DATE('28/03/2015','DD/MM/YYYY'), 4);

INSERT INTO VENDA (ID_VENDA, ID_PRODUTO, NUMERO_QUARTO, DATA, QUANTIDADE) VALUES (148, 16, 'M-204', TO_DATE('30/02/2013','DD/MM/YYYY'), 1);

INSERT INTO VENDA (ID_VENDA, ID_PRODUTO, NUMERO_QUARTO, DATA, QUANTIDADE) VALUES (149, 4, 'L-208', TO_DATE('15/06/2012','DD/MM/YYYY'), 4);

INSERT INTO VENDA (ID_VENDA, ID_PRODUTO, NUMERO_QUARTO, DATA, QUANTIDADE) VALUES (150, 20, '112-B', TO_DATE('31/06/2016','DD/MM/YYYY'), 3);

-----Manutenção------

INSERT INTO MANUTENCAO (ID_MANUTENCAO, CPF_FUNCIONARIO, NUMERO_QUARTO, DATA, TIPO_MANUTENCAO, OBSERVACAO) VALUES (1, '270.237.929-50', 'G-280', TO_DATE('05/08/2018','DD/MM/YYYY'), 'limpeza', 'Nenhuma');

INSERT INTO MANUTENCAO (ID_MANUTENCAO, CPF_FUNCIONARIO, NUMERO_QUARTO, DATA, TIPO_MANUTENCAO, OBSERVACAO) VALUES (2, '819.754.876-13', 'S-281', TO_DATE('03/08/2015','DD/MM/YYYY'), 'conserto', 'Nenhuma');

INSERT INTO MANUTENCAO (ID_MANUTENCAO, CPF_FUNCIONARIO, NUMERO_QUARTO, DATA, TIPO_MANUTENCAO, OBSERVACAO) VALUES (3, '214.960.771-57', '215-Z', TO_DATE('08/04/2019','DD/MM/YYYY'), 'conserto', 'Nenhuma');

INSERT INTO MANUTENCAO (ID_MANUTENCAO, CPF_FUNCIONARIO, NUMERO_QUARTO, DATA, TIPO_MANUTENCAO, OBSERVACAO) VALUES (4, '819.754.876-13', 'D-284', TO_DATE('08/05/2015','DD/MM/YYYY'), 'limpeza', 'Uma bela e linda observação');

INSERT INTO MANUTENCAO (ID_MANUTENCAO, CPF_FUNCIONARIO, NUMERO_QUARTO, DATA, TIPO_MANUTENCAO, OBSERVACAO) VALUES (5, '464.682.289-67', '174-I', TO_DATE('08/09/2017','DD/MM/YYYY'), 'limpeza', 'Uma bela e linda observação');

INSERT INTO MANUTENCAO (ID_MANUTENCAO, CPF_FUNCIONARIO, NUMERO_QUARTO, DATA, TIPO_MANUTENCAO, OBSERVACAO) VALUES (6, '429.688.274-84', 'I-262', TO_DATE('04/09/2016','DD/MM/YYYY'), 'conserto', 'Nenhuma');

INSERT INTO MANUTENCAO (ID_MANUTENCAO, CPF_FUNCIONARIO, NUMERO_QUARTO, DATA, TIPO_MANUTENCAO, OBSERVACAO) VALUES (7, '464.682.289-67', '148-L', TO_DATE('07/05/2018','DD/MM/YYYY'), 'limpeza', 'Uma bela e linda observação');

INSERT INTO MANUTENCAO (ID_MANUTENCAO, CPF_FUNCIONARIO, NUMERO_QUARTO, DATA, TIPO_MANUTENCAO, OBSERVACAO) VALUES (8, '622.935.331-81', '102-R', TO_DATE('06/06/2018','DD/MM/YYYY'), 'conserto', 'Nenhuma');

INSERT INTO MANUTENCAO (ID_MANUTENCAO, CPF_FUNCIONARIO, NUMERO_QUARTO, DATA, TIPO_MANUTENCAO, OBSERVACAO) VALUES (9, '270.237.929-50', '120-F', TO_DATE('08/05/2017','DD/MM/YYYY'), 'conserto', 'Uma bela e linda observação');

INSERT INTO MANUTENCAO (ID_MANUTENCAO, CPF_FUNCIONARIO, NUMERO_QUARTO, DATA, TIPO_MANUTENCAO, OBSERVACAO) VALUES (10, '622.935.331-81', 'T-184', TO_DATE('06/02/2019','DD/MM/YYYY'), 'conserto', 'Uma bela e linda observação');

INSERT INTO MANUTENCAO (ID_MANUTENCAO, CPF_FUNCIONARIO, NUMERO_QUARTO, DATA, TIPO_MANUTENCAO, OBSERVACAO) VALUES (11, '622.935.331-81', 'T-184', TO_DATE('09/04/2017','DD/MM/YYYY'), 'limpeza', 'Uma bela e linda observação');

INSERT INTO MANUTENCAO (ID_MANUTENCAO, CPF_FUNCIONARIO, NUMERO_QUARTO, DATA, TIPO_MANUTENCAO, OBSERVACAO) VALUES (12, '526.122.707-52', 'U-203', TO_DATE('06/09/2019','DD/MM/YYYY'), 'limpeza', 'Uma bela e linda observação');

INSERT INTO MANUTENCAO (ID_MANUTENCAO, CPF_FUNCIONARIO, NUMERO_QUARTO, DATA, TIPO_MANUTENCAO, OBSERVACAO) VALUES (13, '437.263.471-64', 'Y-201', TO_DATE('09/06/2019','DD/MM/YYYY'), 'conserto', 'Uma bela e linda observação');

INSERT INTO MANUTENCAO (ID_MANUTENCAO, CPF_FUNCIONARIO, NUMERO_QUARTO, DATA, TIPO_MANUTENCAO, OBSERVACAO) VALUES (14, '429.688.274-84', '176-I', TO_DATE('01/09/2019','DD/MM/YYYY'), 'conserto', 'Nenhuma');

INSERT INTO MANUTENCAO (ID_MANUTENCAO, CPF_FUNCIONARIO, NUMERO_QUARTO, DATA, TIPO_MANUTENCAO, OBSERVACAO) VALUES (15, '437.263.471-64', 'G-280', TO_DATE('02/08/2018','DD/MM/YYYY'), 'conserto', 'Nenhuma');

INSERT INTO MANUTENCAO (ID_MANUTENCAO, CPF_FUNCIONARIO, NUMERO_QUARTO, DATA, TIPO_MANUTENCAO, OBSERVACAO) VALUES (16, '437.263.471-64', 'L-208', TO_DATE('08/02/2017','DD/MM/YYYY'), 'limpeza', 'Nenhuma');

INSERT INTO MANUTENCAO (ID_MANUTENCAO, CPF_FUNCIONARIO, NUMERO_QUARTO, DATA, TIPO_MANUTENCAO, OBSERVACAO) VALUES (17, '819.754.876-13', 'Q-253', TO_DATE('03/03/2016','DD/MM/YYYY'), 'limpeza', 'Uma bela e linda observação');

INSERT INTO MANUTENCAO (ID_MANUTENCAO, CPF_FUNCIONARIO, NUMERO_QUARTO, DATA, TIPO_MANUTENCAO, OBSERVACAO) VALUES (18, '622.935.331-81', '255-B', TO_DATE('02/06/2015','DD/MM/YYYY'), 'conserto', 'Nenhuma');

INSERT INTO MANUTENCAO (ID_MANUTENCAO, CPF_FUNCIONARIO, NUMERO_QUARTO, DATA, TIPO_MANUTENCAO, OBSERVACAO) VALUES (19, '819.754.876-13', '116-C', TO_DATE('08/05/2019','DD/MM/YYYY'), 'limpeza', 'Nenhuma');

INSERT INTO MANUTENCAO (ID_MANUTENCAO, CPF_FUNCIONARIO, NUMERO_QUARTO, DATA, TIPO_MANUTENCAO, OBSERVACAO) VALUES (20, '437.263.471-64', 'L-208', TO_DATE('07/02/2018','DD/MM/YYYY'), 'conserto', 'Uma bela e linda observação');

INSERT INTO MANUTENCAO (ID_MANUTENCAO, CPF_FUNCIONARIO, NUMERO_QUARTO, DATA, TIPO_MANUTENCAO, OBSERVACAO) VALUES (21, '270.237.929-50', '176-I', TO_DATE('06/03/2015','DD/MM/YYYY'), 'conserto', 'Uma bela e linda observação');

INSERT INTO MANUTENCAO (ID_MANUTENCAO, CPF_FUNCIONARIO, NUMERO_QUARTO, DATA, TIPO_MANUTENCAO, OBSERVACAO) VALUES (22, '526.122.707-52', 'D-284', TO_DATE('04/05/2015','DD/MM/YYYY'), 'limpeza', 'Uma bela e linda observação');

INSERT INTO MANUTENCAO (ID_MANUTENCAO, CPF_FUNCIONARIO, NUMERO_QUARTO, DATA, TIPO_MANUTENCAO, OBSERVACAO) VALUES (23, '526.122.707-52', 'G-280', TO_DATE('07/05/2019','DD/MM/YYYY'), 'limpeza', 'Nenhuma');

INSERT INTO MANUTENCAO (ID_MANUTENCAO, CPF_FUNCIONARIO, NUMERO_QUARTO, DATA, TIPO_MANUTENCAO, OBSERVACAO) VALUES (24, '622.935.331-81', 'W-238', TO_DATE('03/07/2019','DD/MM/YYYY'), 'limpeza', 'Uma bela e linda observação');

INSERT INTO MANUTENCAO (ID_MANUTENCAO, CPF_FUNCIONARIO, NUMERO_QUARTO, DATA, TIPO_MANUTENCAO, OBSERVACAO) VALUES (25, '429.688.274-84', '273-T', TO_DATE('01/01/2016','DD/MM/YYYY'), 'conserto', 'Uma bela e linda observação');

INSERT INTO MANUTENCAO (ID_MANUTENCAO, CPF_FUNCIONARIO, NUMERO_QUARTO, DATA, TIPO_MANUTENCAO, OBSERVACAO) VALUES (26, '429.688.274-84', 'T-184', TO_DATE('09/03/2016','DD/MM/YYYY'), 'limpeza', 'Uma bela e linda observação');

INSERT INTO MANUTENCAO (ID_MANUTENCAO, CPF_FUNCIONARIO, NUMERO_QUARTO, DATA, TIPO_MANUTENCAO, OBSERVACAO) VALUES (27, '819.754.876-13', 'Y-201', TO_DATE('08/07/2019','DD/MM/YYYY'), 'limpeza', 'Uma bela e linda observação');

INSERT INTO MANUTENCAO (ID_MANUTENCAO, CPF_FUNCIONARIO, NUMERO_QUARTO, DATA, TIPO_MANUTENCAO, OBSERVACAO) VALUES (28, '464.682.289-67', 'G-280', TO_DATE('04/05/2018','DD/MM/YYYY'), 'limpeza', 'Uma bela e linda observação');

INSERT INTO MANUTENCAO (ID_MANUTENCAO, CPF_FUNCIONARIO, NUMERO_QUARTO, DATA, TIPO_MANUTENCAO, OBSERVACAO) VALUES (29, '640.478.271-25', '112-B', TO_DATE('01/01/2017','DD/MM/YYYY'), 'conserto', 'Nenhuma');

INSERT INTO MANUTENCAO (ID_MANUTENCAO, CPF_FUNCIONARIO, NUMERO_QUARTO, DATA, TIPO_MANUTENCAO, OBSERVACAO) VALUES (30, '464.682.289-67', 'D-284', TO_DATE('07/07/2018','DD/MM/YYYY'), 'conserto', 'Uma bela e linda observação');

INSERT INTO MANUTENCAO (ID_MANUTENCAO, CPF_FUNCIONARIO, NUMERO_QUARTO, DATA, TIPO_MANUTENCAO, OBSERVACAO) VALUES (31, '805.714.579-94', '174-I', TO_DATE('06/05/2018','DD/MM/YYYY'), 'limpeza', 'Uma bela e linda observação');

INSERT INTO MANUTENCAO (ID_MANUTENCAO, CPF_FUNCIONARIO, NUMERO_QUARTO, DATA, TIPO_MANUTENCAO, OBSERVACAO) VALUES (32, '640.478.271-25', '176-I', TO_DATE('08/04/2017','DD/MM/YYYY'), 'conserto', 'Uma bela e linda observação');

INSERT INTO MANUTENCAO (ID_MANUTENCAO, CPF_FUNCIONARIO, NUMERO_QUARTO, DATA, TIPO_MANUTENCAO, OBSERVACAO) VALUES (33, '214.960.771-57', '102-R', TO_DATE('05/09/2019','DD/MM/YYYY'), 'conserto', 'Uma bela e linda observação');

INSERT INTO MANUTENCAO (ID_MANUTENCAO, CPF_FUNCIONARIO, NUMERO_QUARTO, DATA, TIPO_MANUTENCAO, OBSERVACAO) VALUES (34, '437.263.471-64', '273-T', TO_DATE('09/05/2016','DD/MM/YYYY'), 'conserto', 'Nenhuma');

INSERT INTO MANUTENCAO (ID_MANUTENCAO, CPF_FUNCIONARIO, NUMERO_QUARTO, DATA, TIPO_MANUTENCAO, OBSERVACAO) VALUES (35, '270.237.929-50', 'D-284', TO_DATE('08/01/2017','DD/MM/YYYY'), 'conserto', 'Nenhuma');

INSERT INTO MANUTENCAO (ID_MANUTENCAO, CPF_FUNCIONARIO, NUMERO_QUARTO, DATA, TIPO_MANUTENCAO, OBSERVACAO) VALUES (36, '437.263.471-64', '215-Z', TO_DATE('01/07/2016','DD/MM/YYYY'), 'conserto', 'Uma bela e linda observação');

INSERT INTO MANUTENCAO (ID_MANUTENCAO, CPF_FUNCIONARIO, NUMERO_QUARTO, DATA, TIPO_MANUTENCAO, OBSERVACAO) VALUES (37, '437.263.471-64', 'Y-201', TO_DATE('03/07/2017','DD/MM/YYYY'), 'conserto', 'Nenhuma');

INSERT INTO MANUTENCAO (ID_MANUTENCAO, CPF_FUNCIONARIO, NUMERO_QUARTO, DATA, TIPO_MANUTENCAO, OBSERVACAO) VALUES (38, '640.478.271-25', 'D-284', TO_DATE('04/08/2019','DD/MM/YYYY'), 'conserto', 'Nenhuma');

INSERT INTO MANUTENCAO (ID_MANUTENCAO, CPF_FUNCIONARIO, NUMERO_QUARTO, DATA, TIPO_MANUTENCAO, OBSERVACAO) VALUES (39, '622.935.331-81', 'I-262', TO_DATE('07/03/2016','DD/MM/YYYY'), 'conserto', 'Nenhuma');

INSERT INTO MANUTENCAO (ID_MANUTENCAO, CPF_FUNCIONARIO, NUMERO_QUARTO, DATA, TIPO_MANUTENCAO, OBSERVACAO) VALUES (40, '464.682.289-67', 'M-204', TO_DATE('09/06/2015','DD/MM/YYYY'), 'limpeza', 'Nenhuma');

INSERT INTO MANUTENCAO (ID_MANUTENCAO, CPF_FUNCIONARIO, NUMERO_QUARTO, DATA, TIPO_MANUTENCAO, OBSERVACAO) VALUES (41, '819.754.876-13', '169-W', TO_DATE('07/04/2015','DD/MM/YYYY'), 'limpeza', 'Uma bela e linda observação');

INSERT INTO MANUTENCAO (ID_MANUTENCAO, CPF_FUNCIONARIO, NUMERO_QUARTO, DATA, TIPO_MANUTENCAO, OBSERVACAO) VALUES (42, '526.122.707-52', 'W-238', TO_DATE('01/01/2019','DD/MM/YYYY'), 'limpeza', 'Uma bela e linda observação');

INSERT INTO MANUTENCAO (ID_MANUTENCAO, CPF_FUNCIONARIO, NUMERO_QUARTO, DATA, TIPO_MANUTENCAO, OBSERVACAO) VALUES (43, '270.237.929-50', '127-H', TO_DATE('07/08/2017','DD/MM/YYYY'), 'limpeza', 'Uma bela e linda observação');

INSERT INTO MANUTENCAO (ID_MANUTENCAO, CPF_FUNCIONARIO, NUMERO_QUARTO, DATA, TIPO_MANUTENCAO, OBSERVACAO) VALUES (44, '819.754.876-13', '169-W', TO_DATE('09/06/2015','DD/MM/YYYY'), 'conserto', 'Nenhuma');

INSERT INTO MANUTENCAO (ID_MANUTENCAO, CPF_FUNCIONARIO, NUMERO_QUARTO, DATA, TIPO_MANUTENCAO, OBSERVACAO) VALUES (45, '270.237.929-50', 'U-203', TO_DATE('06/05/2018','DD/MM/YYYY'), 'conserto', 'Nenhuma');

INSERT INTO MANUTENCAO (ID_MANUTENCAO, CPF_FUNCIONARIO, NUMERO_QUARTO, DATA, TIPO_MANUTENCAO, OBSERVACAO) VALUES (46, '640.478.271-25', '102-R', TO_DATE('06/01/2019','DD/MM/YYYY'), 'limpeza', 'Uma bela e linda observação');

INSERT INTO MANUTENCAO (ID_MANUTENCAO, CPF_FUNCIONARIO, NUMERO_QUARTO, DATA, TIPO_MANUTENCAO, OBSERVACAO) VALUES (47, '429.688.274-84', 'R-226', TO_DATE('07/08/2016','DD/MM/YYYY'), 'conserto', 'Nenhuma');

INSERT INTO MANUTENCAO (ID_MANUTENCAO, CPF_FUNCIONARIO, NUMERO_QUARTO, DATA, TIPO_MANUTENCAO, OBSERVACAO) VALUES (48, '622.935.331-81', '148-L', TO_DATE('07/09/2017','DD/MM/YYYY'), 'conserto', 'Uma bela e linda observação');

INSERT INTO MANUTENCAO (ID_MANUTENCAO, CPF_FUNCIONARIO, NUMERO_QUARTO, DATA, TIPO_MANUTENCAO, OBSERVACAO) VALUES (49, '622.935.331-81', 'Y-201', TO_DATE('04/03/2016','DD/MM/YYYY'), 'conserto', 'Nenhuma');

INSERT INTO MANUTENCAO (ID_MANUTENCAO, CPF_FUNCIONARIO, NUMERO_QUARTO, DATA, TIPO_MANUTENCAO, OBSERVACAO) VALUES (50, '214.960.771-57', 'T-184', TO_DATE('08/03/2015','DD/MM/YYYY'), 'limpeza', 'Uma bela e linda observação');

