-----Clientes-----

INSERT INTO CLIENTE (CPF, EMAIL, NOME, ENDERECO, SEXO, DATA_NASC) VALUES ('419.947.661-54','cliente00@gmail.com', 'cliente 00', 'Rua 1390', 'feminino', TO_DATE('09/09/1932','DD/MM/YYYY'));

INSERT INTO CLIENTE (CPF, EMAIL, NOME, ENDERECO, SEXO, DATA_NASC) VALUES ('681.208.798-20','cliente01@gmail.com', 'cliente 01', 'Rua 1930', 'masculino', TO_DATE('01/04/1928','DD/MM/YYYY'));

INSERT INTO CLIENTE (CPF, EMAIL, NOME, ENDERECO, SEXO, DATA_NASC) VALUES ('547.773.533-53','cliente02@gmail.com', 'cliente 02', 'Rua 1224', 'feminino', TO_DATE('08/04/1921','DD/MM/YYYY'));

INSERT INTO CLIENTE (CPF, EMAIL, NOME, ENDERECO, SEXO, DATA_NASC) VALUES ('780.833.454-44','cliente03@gmail.com', 'cliente 03', 'Rua 1982', 'masculino', TO_DATE('03/09/2014','DD/MM/YYYY'));

INSERT INTO CLIENTE (CPF, EMAIL, NOME, ENDERECO, SEXO, DATA_NASC) VALUES ('884.563.986-69','cliente04@gmail.com', 'cliente 04', 'Rua 1910', 'feminino', TO_DATE('09/04/1978','DD/MM/YYYY'));

INSERT INTO CLIENTE (CPF, EMAIL, NOME, ENDERECO, SEXO, DATA_NASC) VALUES ('192.231.141-20','cliente05@gmail.com', 'cliente 05', 'Rua 1275', 'masculino', TO_DATE('06/04/1989','DD/MM/YYYY'));

INSERT INTO CLIENTE (CPF, EMAIL, NOME, ENDERECO, SEXO, DATA_NASC) VALUES ('956.512.159-29','cliente06@gmail.com', 'cliente 06', 'Rua 1416', 'feminino', TO_DATE('05/07/2012','DD/MM/YYYY'));

INSERT INTO CLIENTE (CPF, EMAIL, NOME, ENDERECO, SEXO, DATA_NASC) VALUES ('486.593.346-26','cliente07@gmail.com', 'cliente 07', 'Rua 1977', 'masculino', TO_DATE('05/05/1926','DD/MM/YYYY'));

INSERT INTO CLIENTE (CPF, EMAIL, NOME, ENDERECO, SEXO, DATA_NASC) VALUES ('969.974.758-65','cliente08@gmail.com', 'cliente 08', 'Rua 1037', 'feminino', TO_DATE('07/06/1960','DD/MM/YYYY'));

INSERT INTO CLIENTE (CPF, EMAIL, NOME, ENDERECO, SEXO, DATA_NASC) VALUES ('443.938.235-49','cliente09@gmail.com', 'cliente 09', 'Rua 1669', 'masculino', TO_DATE('07/02/1954','DD/MM/YYYY'));

INSERT INTO CLIENTE (CPF, EMAIL, NOME, ENDERECO, SEXO, DATA_NASC) VALUES ('632.829.194-80','cliente010@gmail.com', 'cliente 010', 'Rua 1418', 'feminino', TO_DATE('09/09/1933','DD/MM/YYYY'));

INSERT INTO CLIENTE (CPF, EMAIL, NOME, ENDERECO, SEXO, DATA_NASC) VALUES ('723.759.125-15','cliente011@gmail.com', 'cliente 011', 'Rua 1166', 'masculino', TO_DATE('01/09/1938','DD/MM/YYYY'));

INSERT INTO CLIENTE (CPF, EMAIL, NOME, ENDERECO, SEXO, DATA_NASC) VALUES ('367.912.979-15','cliente012@gmail.com', 'cliente 012', 'Rua 1690', 'feminino', TO_DATE('02/04/1950','DD/MM/YYYY'));

INSERT INTO CLIENTE (CPF, EMAIL, NOME, ENDERECO, SEXO, DATA_NASC) VALUES ('835.933.146-32','cliente013@gmail.com', 'cliente 013', 'Rua 1895', 'masculino', TO_DATE('08/05/1964','DD/MM/YYYY'));

INSERT INTO CLIENTE (CPF, EMAIL, NOME, ENDERECO, SEXO, DATA_NASC) VALUES ('288.517.815-27','cliente014@gmail.com', 'cliente 014', 'Rua 1470', 'feminino', TO_DATE('03/04/1943','DD/MM/YYYY'));

INSERT INTO CLIENTE (CPF, EMAIL, NOME, ENDERECO, SEXO, DATA_NASC) VALUES ('707.415.320-13','cliente015@gmail.com', 'cliente 015', 'Rua 1133', 'masculino', TO_DATE('09/03/1941','DD/MM/YYYY'));

INSERT INTO CLIENTE (CPF, EMAIL, NOME, ENDERECO, SEXO, DATA_NASC) VALUES ('237.405.815-54','cliente016@gmail.com', 'cliente 016', 'Rua 1961', 'feminino', TO_DATE('07/06/1970','DD/MM/YYYY'));

INSERT INTO CLIENTE (CPF, EMAIL, NOME, ENDERECO, SEXO, DATA_NASC) VALUES ('165.156.219-59','cliente017@gmail.com', 'cliente 017', 'Rua 1027', 'masculino', TO_DATE('02/06/1972','DD/MM/YYYY'));

INSERT INTO CLIENTE (CPF, EMAIL, NOME, ENDERECO, SEXO, DATA_NASC) VALUES ('217.380.225-25','cliente018@gmail.com', 'cliente 018', 'Rua 1136', 'feminino', TO_DATE('01/04/1931','DD/MM/YYYY'));

INSERT INTO CLIENTE (CPF, EMAIL, NOME, ENDERECO, SEXO, DATA_NASC) VALUES ('571.598.530-59','cliente019@gmail.com', 'cliente 019', 'Rua 1716', 'masculino', TO_DATE('05/04/1959','DD/MM/YYYY'));

-----Dependentes------

INSERT INTO DEPENDENTE (CPF, DATA_NASC, NOME, CPF_CLIENTE) VALUES ('274.784.273-47', TO_DATE('01/01/2003','DD/MM/YYYY'),'dependente 01', '419.947.661-54');

INSERT INTO DEPENDENTE (CPF, DATA_NASC, NOME, CPF_CLIENTE) VALUES ('326.475.448-34', TO_DATE('03/01/1986','DD/MM/YYYY'),'dependente 02', '419.947.661-54');

INSERT INTO DEPENDENTE (CPF, DATA_NASC, NOME, CPF_CLIENTE) VALUES ('250.498.929-66', TO_DATE('08/04/1933','DD/MM/YYYY'),'dependente 03', '419.947.661-54');

INSERT INTO DEPENDENTE (CPF, DATA_NASC, NOME, CPF_CLIENTE) VALUES ('198.289.786-65', TO_DATE('07/02/1923','DD/MM/YYYY'),'dependente 04', '681.208.798-20');

INSERT INTO DEPENDENTE (CPF, DATA_NASC, NOME, CPF_CLIENTE) VALUES ('646.356.407-66', TO_DATE('07/05/1984','DD/MM/YYYY'),'dependente 05', '681.208.798-20');

INSERT INTO DEPENDENTE (CPF, DATA_NASC, NOME, CPF_CLIENTE) VALUES ('750.890.392-59', TO_DATE('02/07/1920','DD/MM/YYYY'),'dependente 06', '681.208.798-20');

INSERT INTO DEPENDENTE (CPF, DATA_NASC, NOME, CPF_CLIENTE) VALUES ('159.540.863-99', TO_DATE('07/02/1925','DD/MM/YYYY'),'dependente 07', '547.773.533-53');

INSERT INTO DEPENDENTE (CPF, DATA_NASC, NOME, CPF_CLIENTE) VALUES ('463.670.694-17', TO_DATE('05/02/2008','DD/MM/YYYY'),'dependente 08', '547.773.533-53');

INSERT INTO DEPENDENTE (CPF, DATA_NASC, NOME, CPF_CLIENTE) VALUES ('452.101.263-74', TO_DATE('05/03/2005','DD/MM/YYYY'),'dependente 09', '547.773.533-53');

INSERT INTO DEPENDENTE (CPF, DATA_NASC, NOME, CPF_CLIENTE) VALUES ('329.875.302-83', TO_DATE('08/08/1982','DD/MM/YYYY'),'dependente 010', '780.833.454-44');

INSERT INTO DEPENDENTE (CPF, DATA_NASC, NOME, CPF_CLIENTE) VALUES ('312.634.735-26', TO_DATE('05/04/1977','DD/MM/YYYY'),'dependente 011', '780.833.454-44');

INSERT INTO DEPENDENTE (CPF, DATA_NASC, NOME, CPF_CLIENTE) VALUES ('920.532.718-10', TO_DATE('09/05/1941','DD/MM/YYYY'),'dependente 012', '884.563.986-69');

INSERT INTO DEPENDENTE (CPF, DATA_NASC, NOME, CPF_CLIENTE) VALUES ('663.127.369-75', TO_DATE('08/07/1992','DD/MM/YYYY'),'dependente 013', '192.231.141-20');

INSERT INTO DEPENDENTE (CPF, DATA_NASC, NOME, CPF_CLIENTE) VALUES ('330.427.877-48', TO_DATE('03/03/1923','DD/MM/YYYY'),'dependente 014', '192.231.141-20');

INSERT INTO DEPENDENTE (CPF, DATA_NASC, NOME, CPF_CLIENTE) VALUES ('274.713.749-86', TO_DATE('01/01/1950','DD/MM/YYYY'),'dependente 015', '192.231.141-20');

INSERT INTO DEPENDENTE (CPF, DATA_NASC, NOME, CPF_CLIENTE) VALUES ('527.184.146-34', TO_DATE('04/09/1947','DD/MM/YYYY'),'dependente 016', '956.512.159-29');

INSERT INTO DEPENDENTE (CPF, DATA_NASC, NOME, CPF_CLIENTE) VALUES ('260.948.383-71', TO_DATE('01/03/1951','DD/MM/YYYY'),'dependente 017', '956.512.159-29');

INSERT INTO DEPENDENTE (CPF, DATA_NASC, NOME, CPF_CLIENTE) VALUES ('717.224.464-34', TO_DATE('06/06/1964','DD/MM/YYYY'),'dependente 018', '956.512.159-29');

INSERT INTO DEPENDENTE (CPF, DATA_NASC, NOME, CPF_CLIENTE) VALUES ('761.714.421-19', TO_DATE('07/05/1974','DD/MM/YYYY'),'dependente 019', '486.593.346-26');

INSERT INTO DEPENDENTE (CPF, DATA_NASC, NOME, CPF_CLIENTE) VALUES ('588.964.201-56', TO_DATE('05/08/1987','DD/MM/YYYY'),'dependente 020', '969.974.758-65');

INSERT INTO DEPENDENTE (CPF, DATA_NASC, NOME, CPF_CLIENTE) VALUES ('148.981.719-32', TO_DATE('05/09/1991','DD/MM/YYYY'),'dependente 021', '969.974.758-65');

INSERT INTO DEPENDENTE (CPF, DATA_NASC, NOME, CPF_CLIENTE) VALUES ('268.909.901-65', TO_DATE('03/03/1990','DD/MM/YYYY'),'dependente 022', '969.974.758-65');

INSERT INTO DEPENDENTE (CPF, DATA_NASC, NOME, CPF_CLIENTE) VALUES ('939.681.276-68', TO_DATE('09/07/2001','DD/MM/YYYY'),'dependente 023', '969.974.758-65');

INSERT INTO DEPENDENTE (CPF, DATA_NASC, NOME, CPF_CLIENTE) VALUES ('620.732.873-29', TO_DATE('02/06/1924','DD/MM/YYYY'),'dependente 024', '443.938.235-49');

INSERT INTO DEPENDENTE (CPF, DATA_NASC, NOME, CPF_CLIENTE) VALUES ('734.176.655-69', TO_DATE('07/01/1933','DD/MM/YYYY'),'dependente 025', '443.938.235-49');

INSERT INTO DEPENDENTE (CPF, DATA_NASC, NOME, CPF_CLIENTE) VALUES ('823.171.200-17', TO_DATE('01/01/1977','DD/MM/YYYY'),'dependente 026', '443.938.235-49');

INSERT INTO DEPENDENTE (CPF, DATA_NASC, NOME, CPF_CLIENTE) VALUES ('665.163.541-39', TO_DATE('02/03/1968','DD/MM/YYYY'),'dependente 027', '632.829.194-80');

INSERT INTO DEPENDENTE (CPF, DATA_NASC, NOME, CPF_CLIENTE) VALUES ('512.558.393-45', TO_DATE('07/01/1957','DD/MM/YYYY'),'dependente 028', '632.829.194-80');

INSERT INTO DEPENDENTE (CPF, DATA_NASC, NOME, CPF_CLIENTE) VALUES ('731.362.915-33', TO_DATE('03/04/1963','DD/MM/YYYY'),'dependente 029', '632.829.194-80');

INSERT INTO DEPENDENTE (CPF, DATA_NASC, NOME, CPF_CLIENTE) VALUES ('396.428.277-35', TO_DATE('09/02/2017','DD/MM/YYYY'),'dependente 030', '723.759.125-15');

INSERT INTO DEPENDENTE (CPF, DATA_NASC, NOME, CPF_CLIENTE) VALUES ('212.989.229-17', TO_DATE('03/05/1974','DD/MM/YYYY'),'dependente 031', '723.759.125-15');

INSERT INTO DEPENDENTE (CPF, DATA_NASC, NOME, CPF_CLIENTE) VALUES ('457.224.485-16', TO_DATE('01/06/1997','DD/MM/YYYY'),'dependente 032', '723.759.125-15');

INSERT INTO DEPENDENTE (CPF, DATA_NASC, NOME, CPF_CLIENTE) VALUES ('630.109.392-27', TO_DATE('03/07/2003','DD/MM/YYYY'),'dependente 033', '367.912.979-15');

INSERT INTO DEPENDENTE (CPF, DATA_NASC, NOME, CPF_CLIENTE) VALUES ('190.625.978-57', TO_DATE('02/02/1954','DD/MM/YYYY'),'dependente 034', '367.912.979-15');

INSERT INTO DEPENDENTE (CPF, DATA_NASC, NOME, CPF_CLIENTE) VALUES ('710.194.856-16', TO_DATE('02/05/1963','DD/MM/YYYY'),'dependente 035', '835.933.146-32');

INSERT INTO DEPENDENTE (CPF, DATA_NASC, NOME, CPF_CLIENTE) VALUES ('964.571.330-95', TO_DATE('08/05/1963','DD/MM/YYYY'),'dependente 036', '835.933.146-32');

INSERT INTO DEPENDENTE (CPF, DATA_NASC, NOME, CPF_CLIENTE) VALUES ('875.111.934-60', TO_DATE('06/02/1977','DD/MM/YYYY'),'dependente 037', '835.933.146-32');

INSERT INTO DEPENDENTE (CPF, DATA_NASC, NOME, CPF_CLIENTE) VALUES ('977.610.290-71', TO_DATE('08/06/2007','DD/MM/YYYY'),'dependente 038', '288.517.815-27');

INSERT INTO DEPENDENTE (CPF, DATA_NASC, NOME, CPF_CLIENTE) VALUES ('269.592.564-60', TO_DATE('05/08/1988','DD/MM/YYYY'),'dependente 039', '288.517.815-27');

INSERT INTO DEPENDENTE (CPF, DATA_NASC, NOME, CPF_CLIENTE) VALUES ('867.124.411-49', TO_DATE('06/08/1965','DD/MM/YYYY'),'dependente 040', '707.415.320-13');

INSERT INTO DEPENDENTE (CPF, DATA_NASC, NOME, CPF_CLIENTE) VALUES ('729.347.733-58', TO_DATE('05/06/2015','DD/MM/YYYY'),'dependente 041', '237.405.815-54');

INSERT INTO DEPENDENTE (CPF, DATA_NASC, NOME, CPF_CLIENTE) VALUES ('106.893.803-79', TO_DATE('09/06/1959','DD/MM/YYYY'),'dependente 042', '237.405.815-54');

INSERT INTO DEPENDENTE (CPF, DATA_NASC, NOME, CPF_CLIENTE) VALUES ('251.804.468-96', TO_DATE('04/01/2009','DD/MM/YYYY'),'dependente 043', '237.405.815-54');

INSERT INTO DEPENDENTE (CPF, DATA_NASC, NOME, CPF_CLIENTE) VALUES ('174.593.829-72', TO_DATE('06/01/1983','DD/MM/YYYY'),'dependente 044', '237.405.815-54');

INSERT INTO DEPENDENTE (CPF, DATA_NASC, NOME, CPF_CLIENTE) VALUES ('255.704.441-91', TO_DATE('09/08/2015','DD/MM/YYYY'),'dependente 045', '165.156.219-59');

INSERT INTO DEPENDENTE (CPF, DATA_NASC, NOME, CPF_CLIENTE) VALUES ('120.990.861-27', TO_DATE('09/06/1997','DD/MM/YYYY'),'dependente 046', '165.156.219-59');

INSERT INTO DEPENDENTE (CPF, DATA_NASC, NOME, CPF_CLIENTE) VALUES ('803.516.268-76', TO_DATE('02/09/1990','DD/MM/YYYY'),'dependente 047', '165.156.219-59');

INSERT INTO DEPENDENTE (CPF, DATA_NASC, NOME, CPF_CLIENTE) VALUES ('408.410.253-40', TO_DATE('06/07/1941','DD/MM/YYYY'),'dependente 048', '217.380.225-25');

INSERT INTO DEPENDENTE (CPF, DATA_NASC, NOME, CPF_CLIENTE) VALUES ('143.989.954-89', TO_DATE('01/08/1964','DD/MM/YYYY'),'dependente 049', '217.380.225-25');

INSERT INTO DEPENDENTE (CPF, DATA_NASC, NOME, CPF_CLIENTE) VALUES ('865.436.471-15', TO_DATE('09/06/1971','DD/MM/YYYY'),'dependente 050', '217.380.225-25');

INSERT INTO DEPENDENTE (CPF, DATA_NASC, NOME, CPF_CLIENTE) VALUES ('441.866.899-71', TO_DATE('09/06/1913','DD/MM/YYYY'),'dependente 051', '571.598.530-59');

INSERT INTO DEPENDENTE (CPF, DATA_NASC, NOME, CPF_CLIENTE) VALUES ('467.959.894-71', TO_DATE('05/08/1965','DD/MM/YYYY'),'dependente 052', '571.598.530-59');

INSERT INTO DEPENDENTE (CPF, DATA_NASC, NOME, CPF_CLIENTE) VALUES ('443.436.989-82', TO_DATE('07/03/2005','DD/MM/YYYY'),'dependente 053', '571.598.530-59');

INSERT INTO DEPENDENTE (CPF, DATA_NASC, NOME, CPF_CLIENTE) VALUES ('347.346.856-67', TO_DATE('03/05/1959','DD/MM/YYYY'),'dependente 054', '571.598.530-59');

INSERT INTO DEPENDENTE (CPF, DATA_NASC, NOME, CPF_CLIENTE) VALUES ('469.416.899-40', TO_DATE('07/07/1984','DD/MM/YYYY'),'dependente 055', '571.598.530-59');

-----Avaliação------

INSERT INTO AVALIACAO (ID, NOTA, DATA, COMENTARIO, CPF_CLIENTE) VALUES (1, 5, TO_DATE('05/03/2019','DD/MM/YYYY'), 'Bom','419.947.661-54');

INSERT INTO AVALIACAO (ID, NOTA, DATA, COMENTARIO, CPF_CLIENTE) VALUES (3, 9, TO_DATE('09/05/2019','DD/MM/YYYY'), 'Muito Bom','547.773.533-53');

INSERT INTO AVALIACAO (ID, NOTA, DATA, COMENTARIO, CPF_CLIENTE) VALUES (5, 4, TO_DATE('06/08/2019','DD/MM/YYYY'), 'Top','884.563.986-69');

INSERT INTO AVALIACAO (ID, NOTA, DATA, COMENTARIO, CPF_CLIENTE) VALUES (7, 2, TO_DATE('06/04/2019','DD/MM/YYYY'), 'Bom','956.512.159-29');

INSERT INTO AVALIACAO (ID, NOTA, DATA, COMENTARIO, CPF_CLIENTE) VALUES (9, 7, TO_DATE('03/06/2019','DD/MM/YYYY'), 'Ruim','969.974.758-65');

INSERT INTO AVALIACAO (ID, NOTA, DATA, COMENTARIO, CPF_CLIENTE) VALUES (11, 2, TO_DATE('08/06/2019','DD/MM/YYYY'), 'Top','632.829.194-80');

INSERT INTO AVALIACAO (ID, NOTA, DATA, COMENTARIO, CPF_CLIENTE) VALUES (13, 6, TO_DATE('03/06/2019','DD/MM/YYYY'), 'Muito Bom','367.912.979-15');

INSERT INTO AVALIACAO (ID, NOTA, DATA, COMENTARIO, CPF_CLIENTE) VALUES (15, 5, TO_DATE('03/08/2019','DD/MM/YYYY'), 'Ruim','288.517.815-27');

INSERT INTO AVALIACAO (ID, NOTA, DATA, COMENTARIO, CPF_CLIENTE) VALUES (17, 4, TO_DATE('05/08/2019','DD/MM/YYYY'), 'Bom','237.405.815-54');

INSERT INTO AVALIACAO (ID, NOTA, DATA, COMENTARIO, CPF_CLIENTE) VALUES (19, 8, TO_DATE('01/07/2019','DD/MM/YYYY'), 'Ruim','217.380.225-25');

-----Funcionários-----

INSERT INTO FUNCIONARIO (CPF, NOME, DATA_NASC, SALARIO, FUNCAO) VALUES ('980.736.767-89','funcionario 00', TO_DATE('09/03/1976','DD/MM/YYYY'), 1461.00,'camareiro');

INSERT INTO FUNCIONARIO (CPF, NOME, DATA_NASC, SALARIO, FUNCAO) VALUES ('119.381.607-55','funcionario 01', TO_DATE('01/03/1914','DD/MM/YYYY'), 1455.00,'técnico');

INSERT INTO FUNCIONARIO (CPF, NOME, DATA_NASC, SALARIO, FUNCAO) VALUES ('578.470.988-70','funcionario 02', TO_DATE('06/06/1938','DD/MM/YYYY'), 1023.00,'camareiro');

INSERT INTO FUNCIONARIO (CPF, NOME, DATA_NASC, SALARIO, FUNCAO) VALUES ('738.377.131-66','funcionario 03', TO_DATE('08/04/2007','DD/MM/YYYY'), 1028.00,'técnico');

INSERT INTO FUNCIONARIO (CPF, NOME, DATA_NASC, SALARIO, FUNCAO) VALUES ('839.942.717-46','funcionario 04', TO_DATE('02/06/1957','DD/MM/YYYY'), 1366.00,'camareiro');

INSERT INTO FUNCIONARIO (CPF, NOME, DATA_NASC, SALARIO, FUNCAO) VALUES ('328.884.191-59','funcionario 05', TO_DATE('01/04/1932','DD/MM/YYYY'), 1438.00,'técnico');

INSERT INTO FUNCIONARIO (CPF, NOME, DATA_NASC, SALARIO, FUNCAO) VALUES ('207.946.426-52','funcionario 06', TO_DATE('06/05/1986','DD/MM/YYYY'), 1360.00,'camareiro');

INSERT INTO FUNCIONARIO (CPF, NOME, DATA_NASC, SALARIO, FUNCAO) VALUES ('379.664.409-62','funcionario 07', TO_DATE('05/06/1968','DD/MM/YYYY'), 1499.00,'técnico');

INSERT INTO FUNCIONARIO (CPF, NOME, DATA_NASC, SALARIO, FUNCAO) VALUES ('965.249.700-65','funcionario 08', TO_DATE('07/07/1998','DD/MM/YYYY'), 1047.00,'camareiro');

INSERT INTO FUNCIONARIO (CPF, NOME, DATA_NASC, SALARIO, FUNCAO) VALUES ('521.196.860-81','funcionario 09', TO_DATE('04/02/1968','DD/MM/YYYY'), 1094.00,'técnico');

-----Quarto------

INSERT INTO QUARTO (NUMERO, TIPO, VISTA, VALOR_DIARIA) VALUES ('163-R', 'duplo twin', 'frontal', 208.00);

INSERT INTO QUARTO (NUMERO, TIPO, VISTA, VALOR_DIARIA) VALUES ('T-178', 'duplo casal', 'lateral', 209.00);

INSERT INTO QUARTO (NUMERO, TIPO, VISTA, VALOR_DIARIA) VALUES ('256-V', 'simples', 'frontal', 202.00);

INSERT INTO QUARTO (NUMERO, TIPO, VISTA, VALOR_DIARIA) VALUES ('Q-140', 'triplo', 'lateral', 240.00);

INSERT INTO QUARTO (NUMERO, TIPO, VISTA, VALOR_DIARIA) VALUES ('173-P', 'duplo twin', 'frontal', 152.00);

INSERT INTO QUARTO (NUMERO, TIPO, VISTA, VALOR_DIARIA) VALUES ('Z-111', 'simples', 'lateral', 164.00);

INSERT INTO QUARTO (NUMERO, TIPO, VISTA, VALOR_DIARIA) VALUES ('140-E', 'triplo', 'frontal', 288.00);

INSERT INTO QUARTO (NUMERO, TIPO, VISTA, VALOR_DIARIA) VALUES ('E-116', 'simples', 'lateral', 207.00);

INSERT INTO QUARTO (NUMERO, TIPO, VISTA, VALOR_DIARIA) VALUES ('127-F', 'triplo', 'frontal', 103.00);

INSERT INTO QUARTO (NUMERO, TIPO, VISTA, VALOR_DIARIA) VALUES ('T-227', 'duplo casal', 'lateral', 217.00);

INSERT INTO QUARTO (NUMERO, TIPO, VISTA, VALOR_DIARIA) VALUES ('248-P', 'simples', 'frontal', 266.00);

INSERT INTO QUARTO (NUMERO, TIPO, VISTA, VALOR_DIARIA) VALUES ('A-198', 'simples', 'lateral', 170.00);

INSERT INTO QUARTO (NUMERO, TIPO, VISTA, VALOR_DIARIA) VALUES ('278-L', 'simples', 'frontal', 134.00);

INSERT INTO QUARTO (NUMERO, TIPO, VISTA, VALOR_DIARIA) VALUES ('K-292', 'duplo twin', 'lateral', 162.00);

INSERT INTO QUARTO (NUMERO, TIPO, VISTA, VALOR_DIARIA) VALUES ('140-W', 'duplo twin', 'frontal', 191.00);

INSERT INTO QUARTO (NUMERO, TIPO, VISTA, VALOR_DIARIA) VALUES ('Y-100', 'simples', 'lateral', 117.00);

INSERT INTO QUARTO (NUMERO, TIPO, VISTA, VALOR_DIARIA) VALUES ('107-L', 'duplo twin', 'frontal', 205.00);

INSERT INTO QUARTO (NUMERO, TIPO, VISTA, VALOR_DIARIA) VALUES ('Z-104', 'triplo', 'lateral', 235.00);

INSERT INTO QUARTO (NUMERO, TIPO, VISTA, VALOR_DIARIA) VALUES ('154-W', 'simples', 'frontal', 193.00);

INSERT INTO QUARTO (NUMERO, TIPO, VISTA, VALOR_DIARIA) VALUES ('E-285', 'simples', 'lateral', 202.00);

INSERT INTO QUARTO (NUMERO, TIPO, VISTA, VALOR_DIARIA) VALUES ('117-K', 'triplo', 'frontal', 198.00);

INSERT INTO QUARTO (NUMERO, TIPO, VISTA, VALOR_DIARIA) VALUES ('L-201', 'duplo casal', 'lateral', 244.00);

INSERT INTO QUARTO (NUMERO, TIPO, VISTA, VALOR_DIARIA) VALUES ('109-Y', 'duplo twin', 'frontal', 227.00);

INSERT INTO QUARTO (NUMERO, TIPO, VISTA, VALOR_DIARIA) VALUES ('W-254', 'simples', 'lateral', 251.00);

INSERT INTO QUARTO (NUMERO, TIPO, VISTA, VALOR_DIARIA) VALUES ('232-V', 'triplo', 'frontal', 291.00);

INSERT INTO QUARTO (NUMERO, TIPO, VISTA, VALOR_DIARIA) VALUES ('F-100', 'duplo twin', 'lateral', 247.00);

INSERT INTO QUARTO (NUMERO, TIPO, VISTA, VALOR_DIARIA) VALUES ('176-C', 'triplo', 'frontal', 139.00);

INSERT INTO QUARTO (NUMERO, TIPO, VISTA, VALOR_DIARIA) VALUES ('X-104', 'simples', 'lateral', 197.00);

INSERT INTO QUARTO (NUMERO, TIPO, VISTA, VALOR_DIARIA) VALUES ('263-T', 'simples', 'frontal', 250.00);

INSERT INTO QUARTO (NUMERO, TIPO, VISTA, VALOR_DIARIA) VALUES ('Q-255', 'duplo twin', 'lateral', 144.00);

-----Produto------

INSERT INTO PRODUTO (ID, TIPO, NOME, VALOR, DESCRICAO) VALUES (1, 'Frigobar', 'produto 0', 65.00, 'Descrição do produto: 1');

INSERT INTO PRODUTO (ID, TIPO, NOME, VALOR, DESCRICAO) VALUES (2, 'Bar', 'produto 1', 143.00, 'Descrição do produto: 2');

INSERT INTO PRODUTO (ID, TIPO, NOME, VALOR, DESCRICAO) VALUES (3, 'Frigobar', 'produto 2', 96.00, 'Descrição do produto: 3');

INSERT INTO PRODUTO (ID, TIPO, NOME, VALOR, DESCRICAO) VALUES (4, 'Bar', 'produto 3', 199.00, 'Descrição do produto: 4');

INSERT INTO PRODUTO (ID, TIPO, NOME, VALOR, DESCRICAO) VALUES (5, 'Frigobar', 'produto 4', 27.00, 'Descrição do produto: 5');

INSERT INTO PRODUTO (ID, TIPO, NOME, VALOR, DESCRICAO) VALUES (6, 'Restaurante', 'produto 5', 149.00, 'Descrição do produto: 6');

INSERT INTO PRODUTO (ID, TIPO, NOME, VALOR, DESCRICAO) VALUES (7, 'Bar', 'produto 6', 151.00, 'Descrição do produto: 7');

INSERT INTO PRODUTO (ID, TIPO, NOME, VALOR, DESCRICAO) VALUES (8, 'Frigobar', 'produto 7', 126.00, 'Descrição do produto: 8');

INSERT INTO PRODUTO (ID, TIPO, NOME, VALOR, DESCRICAO) VALUES (9, 'Frigobar', 'produto 8', 149.00, 'Descrição do produto: 9');

INSERT INTO PRODUTO (ID, TIPO, NOME, VALOR, DESCRICAO) VALUES (10, 'Restaurante', 'produto 9', 29.00, 'Descrição do produto: 10');

INSERT INTO PRODUTO (ID, TIPO, NOME, VALOR, DESCRICAO) VALUES (11, 'Lavanderia', 'produto 10', 138.00, 'Descrição do produto: 11');

INSERT INTO PRODUTO (ID, TIPO, NOME, VALOR, DESCRICAO) VALUES (12, 'Restaurante', 'produto 11', 96.00, 'Descrição do produto: 12');

INSERT INTO PRODUTO (ID, TIPO, NOME, VALOR, DESCRICAO) VALUES (13, 'Lavanderia', 'produto 12', 199.00, 'Descrição do produto: 13');

INSERT INTO PRODUTO (ID, TIPO, NOME, VALOR, DESCRICAO) VALUES (14, 'Bar', 'produto 13', 58.00, 'Descrição do produto: 14');

INSERT INTO PRODUTO (ID, TIPO, NOME, VALOR, DESCRICAO) VALUES (15, 'Bar', 'produto 14', 200.00, 'Descrição do produto: 15');

INSERT INTO PRODUTO (ID, TIPO, NOME, VALOR, DESCRICAO) VALUES (16, 'Frigobar', 'produto 15', 125.00, 'Descrição do produto: 16');

INSERT INTO PRODUTO (ID, TIPO, NOME, VALOR, DESCRICAO) VALUES (17, 'Restaurante', 'produto 16', 32.00, 'Descrição do produto: 17');

INSERT INTO PRODUTO (ID, TIPO, NOME, VALOR, DESCRICAO) VALUES (18, 'Bar', 'produto 17', 138.00, 'Descrição do produto: 18');

INSERT INTO PRODUTO (ID, TIPO, NOME, VALOR, DESCRICAO) VALUES (19, 'Frigobar', 'produto 18', 86.00, 'Descrição do produto: 19');

INSERT INTO PRODUTO (ID, TIPO, NOME, VALOR, DESCRICAO) VALUES (20, 'Lavanderia', 'produto 19', 94.00, 'Descrição do produto: 20');

INSERT INTO PRODUTO (ID, TIPO, NOME, VALOR, DESCRICAO) VALUES (21, 'Frigobar', 'produto 20', 172.00, 'Descrição do produto: 21');

INSERT INTO PRODUTO (ID, TIPO, NOME, VALOR, DESCRICAO) VALUES (22, 'Lavanderia', 'produto 21', 116.00, 'Descrição do produto: 22');

INSERT INTO PRODUTO (ID, TIPO, NOME, VALOR, DESCRICAO) VALUES (23, 'Restaurante', 'produto 22', 152.00, 'Descrição do produto: 23');

INSERT INTO PRODUTO (ID, TIPO, NOME, VALOR, DESCRICAO) VALUES (24, 'Lavanderia', 'produto 23', 114.00, 'Descrição do produto: 24');

INSERT INTO PRODUTO (ID, TIPO, NOME, VALOR, DESCRICAO) VALUES (25, 'Frigobar', 'produto 24', 110.00, 'Descrição do produto: 25');

INSERT INTO PRODUTO (ID, TIPO, NOME, VALOR, DESCRICAO) VALUES (26, 'Lavanderia', 'produto 25', 2.00, 'Descrição do produto: 26');

INSERT INTO PRODUTO (ID, TIPO, NOME, VALOR, DESCRICAO) VALUES (27, 'Restaurante', 'produto 26', 60.00, 'Descrição do produto: 27');

INSERT INTO PRODUTO (ID, TIPO, NOME, VALOR, DESCRICAO) VALUES (28, 'Restaurante', 'produto 27', 83.00, 'Descrição do produto: 28');

INSERT INTO PRODUTO (ID, TIPO, NOME, VALOR, DESCRICAO) VALUES (29, 'Lavanderia', 'produto 28', 184.00, 'Descrição do produto: 29');

INSERT INTO PRODUTO (ID, TIPO, NOME, VALOR, DESCRICAO) VALUES (30, 'Restaurante', 'produto 29', 139.00, 'Descrição do produto: 30');

INSERT INTO PRODUTO (ID, TIPO, NOME, VALOR, DESCRICAO) VALUES (31, 'Bar', 'produto 30', 4.00, 'Descrição do produto: 31');

INSERT INTO PRODUTO (ID, TIPO, NOME, VALOR, DESCRICAO) VALUES (32, 'Lavanderia', 'produto 31', 176.00, 'Descrição do produto: 32');

INSERT INTO PRODUTO (ID, TIPO, NOME, VALOR, DESCRICAO) VALUES (33, 'Bar', 'produto 32', 182.00, 'Descrição do produto: 33');

INSERT INTO PRODUTO (ID, TIPO, NOME, VALOR, DESCRICAO) VALUES (34, 'Lavanderia', 'produto 33', 136.00, 'Descrição do produto: 34');

INSERT INTO PRODUTO (ID, TIPO, NOME, VALOR, DESCRICAO) VALUES (35, 'Bar', 'produto 34', 21.00, 'Descrição do produto: 35');

INSERT INTO PRODUTO (ID, TIPO, NOME, VALOR, DESCRICAO) VALUES (36, 'Bar', 'produto 35', 132.00, 'Descrição do produto: 36');

INSERT INTO PRODUTO (ID, TIPO, NOME, VALOR, DESCRICAO) VALUES (37, 'Frigobar', 'produto 36', 8.00, 'Descrição do produto: 37');

INSERT INTO PRODUTO (ID, TIPO, NOME, VALOR, DESCRICAO) VALUES (38, 'Lavanderia', 'produto 37', 189.00, 'Descrição do produto: 38');

INSERT INTO PRODUTO (ID, TIPO, NOME, VALOR, DESCRICAO) VALUES (39, 'Bar', 'produto 38', 161.00, 'Descrição do produto: 39');

INSERT INTO PRODUTO (ID, TIPO, NOME, VALOR, DESCRICAO) VALUES (40, 'Restaurante', 'produto 39', 80.00, 'Descrição do produto: 40');

INSERT INTO PRODUTO (ID, TIPO, NOME, VALOR, DESCRICAO) VALUES (41, 'Frigobar', 'produto 40', 76.00, 'Descrição do produto: 41');

INSERT INTO PRODUTO (ID, TIPO, NOME, VALOR, DESCRICAO) VALUES (42, 'Bar', 'produto 41', 16.00, 'Descrição do produto: 42');

INSERT INTO PRODUTO (ID, TIPO, NOME, VALOR, DESCRICAO) VALUES (43, 'Frigobar', 'produto 42', 6.00, 'Descrição do produto: 43');

INSERT INTO PRODUTO (ID, TIPO, NOME, VALOR, DESCRICAO) VALUES (44, 'Restaurante', 'produto 43', 180.00, 'Descrição do produto: 44');

INSERT INTO PRODUTO (ID, TIPO, NOME, VALOR, DESCRICAO) VALUES (45, 'Bar', 'produto 44', 112.00, 'Descrição do produto: 45');

INSERT INTO PRODUTO (ID, TIPO, NOME, VALOR, DESCRICAO) VALUES (46, 'Restaurante', 'produto 45', 125.00, 'Descrição do produto: 46');

INSERT INTO PRODUTO (ID, TIPO, NOME, VALOR, DESCRICAO) VALUES (47, 'Restaurante', 'produto 46', 94.00, 'Descrição do produto: 47');

INSERT INTO PRODUTO (ID, TIPO, NOME, VALOR, DESCRICAO) VALUES (48, 'Lavanderia', 'produto 47', 104.00, 'Descrição do produto: 48');

INSERT INTO PRODUTO (ID, TIPO, NOME, VALOR, DESCRICAO) VALUES (49, 'Frigobar', 'produto 48', 168.00, 'Descrição do produto: 49');

INSERT INTO PRODUTO (ID, TIPO, NOME, VALOR, DESCRICAO) VALUES (50, 'Restaurante', 'produto 49', 107.00, 'Descrição do produto: 50');

INSERT INTO PRODUTO (ID, TIPO, NOME, VALOR, DESCRICAO) VALUES (51, 'Restaurante', 'produto 50', 144.00, 'Descrição do produto: 51');

INSERT INTO PRODUTO (ID, TIPO, NOME, VALOR, DESCRICAO) VALUES (52, 'Frigobar', 'produto 51', 157.00, 'Descrição do produto: 52');

INSERT INTO PRODUTO (ID, TIPO, NOME, VALOR, DESCRICAO) VALUES (53, 'Frigobar', 'produto 52', 41.00, 'Descrição do produto: 53');

INSERT INTO PRODUTO (ID, TIPO, NOME, VALOR, DESCRICAO) VALUES (54, 'Frigobar', 'produto 53', 73.00, 'Descrição do produto: 54');

INSERT INTO PRODUTO (ID, TIPO, NOME, VALOR, DESCRICAO) VALUES (55, 'Lavanderia', 'produto 54', 45.00, 'Descrição do produto: 55');

INSERT INTO PRODUTO (ID, TIPO, NOME, VALOR, DESCRICAO) VALUES (56, 'Frigobar', 'produto 55', 55.00, 'Descrição do produto: 56');

INSERT INTO PRODUTO (ID, TIPO, NOME, VALOR, DESCRICAO) VALUES (57, 'Bar', 'produto 56', 120.00, 'Descrição do produto: 57');

INSERT INTO PRODUTO (ID, TIPO, NOME, VALOR, DESCRICAO) VALUES (58, 'Lavanderia', 'produto 57', 138.00, 'Descrição do produto: 58');

INSERT INTO PRODUTO (ID, TIPO, NOME, VALOR, DESCRICAO) VALUES (59, 'Restaurante', 'produto 58', 147.00, 'Descrição do produto: 59');

INSERT INTO PRODUTO (ID, TIPO, NOME, VALOR, DESCRICAO) VALUES (60, 'Bar', 'produto 59', 161.00, 'Descrição do produto: 60');

INSERT INTO PRODUTO (ID, TIPO, NOME, VALOR, DESCRICAO) VALUES (61, 'Bar', 'produto 60', 116.00, 'Descrição do produto: 61');

INSERT INTO PRODUTO (ID, TIPO, NOME, VALOR, DESCRICAO) VALUES (62, 'Bar', 'produto 61', 14.00, 'Descrição do produto: 62');

INSERT INTO PRODUTO (ID, TIPO, NOME, VALOR, DESCRICAO) VALUES (63, 'Frigobar', 'produto 62', 68.00, 'Descrição do produto: 63');

INSERT INTO PRODUTO (ID, TIPO, NOME, VALOR, DESCRICAO) VALUES (64, 'Frigobar', 'produto 63', 189.00, 'Descrição do produto: 64');

INSERT INTO PRODUTO (ID, TIPO, NOME, VALOR, DESCRICAO) VALUES (65, 'Lavanderia', 'produto 64', 149.00, 'Descrição do produto: 65');

INSERT INTO PRODUTO (ID, TIPO, NOME, VALOR, DESCRICAO) VALUES (66, 'Bar', 'produto 65', 176.00, 'Descrição do produto: 66');

INSERT INTO PRODUTO (ID, TIPO, NOME, VALOR, DESCRICAO) VALUES (67, 'Bar', 'produto 66', 168.00, 'Descrição do produto: 67');

INSERT INTO PRODUTO (ID, TIPO, NOME, VALOR, DESCRICAO) VALUES (68, 'Frigobar', 'produto 67', 55.00, 'Descrição do produto: 68');

INSERT INTO PRODUTO (ID, TIPO, NOME, VALOR, DESCRICAO) VALUES (69, 'Lavanderia', 'produto 68', 25.00, 'Descrição do produto: 69');

INSERT INTO PRODUTO (ID, TIPO, NOME, VALOR, DESCRICAO) VALUES (70, 'Frigobar', 'produto 69', 84.00, 'Descrição do produto: 70');

INSERT INTO PRODUTO (ID, TIPO, NOME, VALOR, DESCRICAO) VALUES (71, 'Bar', 'produto 70', 69.00, 'Descrição do produto: 71');

INSERT INTO PRODUTO (ID, TIPO, NOME, VALOR, DESCRICAO) VALUES (72, 'Bar', 'produto 71', 72.00, 'Descrição do produto: 72');

INSERT INTO PRODUTO (ID, TIPO, NOME, VALOR, DESCRICAO) VALUES (73, 'Lavanderia', 'produto 72', 41.00, 'Descrição do produto: 73');

INSERT INTO PRODUTO (ID, TIPO, NOME, VALOR, DESCRICAO) VALUES (74, 'Lavanderia', 'produto 73', 190.00, 'Descrição do produto: 74');

INSERT INTO PRODUTO (ID, TIPO, NOME, VALOR, DESCRICAO) VALUES (75, 'Frigobar', 'produto 74', 85.00, 'Descrição do produto: 75');

INSERT INTO PRODUTO (ID, TIPO, NOME, VALOR, DESCRICAO) VALUES (76, 'Lavanderia', 'produto 75', 102.00, 'Descrição do produto: 76');

INSERT INTO PRODUTO (ID, TIPO, NOME, VALOR, DESCRICAO) VALUES (77, 'Lavanderia', 'produto 76', 26.00, 'Descrição do produto: 77');

INSERT INTO PRODUTO (ID, TIPO, NOME, VALOR, DESCRICAO) VALUES (78, 'Restaurante', 'produto 77', 184.00, 'Descrição do produto: 78');

INSERT INTO PRODUTO (ID, TIPO, NOME, VALOR, DESCRICAO) VALUES (79, 'Bar', 'produto 78', 138.00, 'Descrição do produto: 79');

INSERT INTO PRODUTO (ID, TIPO, NOME, VALOR, DESCRICAO) VALUES (80, 'Lavanderia', 'produto 79', 65.00, 'Descrição do produto: 80');

INSERT INTO PRODUTO (ID, TIPO, NOME, VALOR, DESCRICAO) VALUES (81, 'Frigobar', 'produto 80', 15.00, 'Descrição do produto: 81');

INSERT INTO PRODUTO (ID, TIPO, NOME, VALOR, DESCRICAO) VALUES (82, 'Bar', 'produto 81', 102.00, 'Descrição do produto: 82');

INSERT INTO PRODUTO (ID, TIPO, NOME, VALOR, DESCRICAO) VALUES (83, 'Frigobar', 'produto 82', 174.00, 'Descrição do produto: 83');

INSERT INTO PRODUTO (ID, TIPO, NOME, VALOR, DESCRICAO) VALUES (84, 'Restaurante', 'produto 83', 60.00, 'Descrição do produto: 84');

INSERT INTO PRODUTO (ID, TIPO, NOME, VALOR, DESCRICAO) VALUES (85, 'Bar', 'produto 84', 24.00, 'Descrição do produto: 85');

INSERT INTO PRODUTO (ID, TIPO, NOME, VALOR, DESCRICAO) VALUES (86, 'Lavanderia', 'produto 85', 1.00, 'Descrição do produto: 86');

INSERT INTO PRODUTO (ID, TIPO, NOME, VALOR, DESCRICAO) VALUES (87, 'Lavanderia', 'produto 86', 138.00, 'Descrição do produto: 87');

INSERT INTO PRODUTO (ID, TIPO, NOME, VALOR, DESCRICAO) VALUES (88, 'Lavanderia', 'produto 87', 112.00, 'Descrição do produto: 88');

INSERT INTO PRODUTO (ID, TIPO, NOME, VALOR, DESCRICAO) VALUES (89, 'Bar', 'produto 88', 145.00, 'Descrição do produto: 89');

INSERT INTO PRODUTO (ID, TIPO, NOME, VALOR, DESCRICAO) VALUES (90, 'Frigobar', 'produto 89', 64.00, 'Descrição do produto: 90');

INSERT INTO PRODUTO (ID, TIPO, NOME, VALOR, DESCRICAO) VALUES (91, 'Frigobar', 'produto 90', 92.00, 'Descrição do produto: 91');

INSERT INTO PRODUTO (ID, TIPO, NOME, VALOR, DESCRICAO) VALUES (92, 'Frigobar', 'produto 91', 22.00, 'Descrição do produto: 92');

INSERT INTO PRODUTO (ID, TIPO, NOME, VALOR, DESCRICAO) VALUES (93, 'Lavanderia', 'produto 92', 160.00, 'Descrição do produto: 93');

INSERT INTO PRODUTO (ID, TIPO, NOME, VALOR, DESCRICAO) VALUES (94, 'Frigobar', 'produto 93', 152.00, 'Descrição do produto: 94');

INSERT INTO PRODUTO (ID, TIPO, NOME, VALOR, DESCRICAO) VALUES (95, 'Frigobar', 'produto 94', 197.00, 'Descrição do produto: 95');

INSERT INTO PRODUTO (ID, TIPO, NOME, VALOR, DESCRICAO) VALUES (96, 'Lavanderia', 'produto 95', 49.00, 'Descrição do produto: 96');

INSERT INTO PRODUTO (ID, TIPO, NOME, VALOR, DESCRICAO) VALUES (97, 'Restaurante', 'produto 96', 129.00, 'Descrição do produto: 97');

INSERT INTO PRODUTO (ID, TIPO, NOME, VALOR, DESCRICAO) VALUES (98, 'Lavanderia', 'produto 97', 66.00, 'Descrição do produto: 98');

INSERT INTO PRODUTO (ID, TIPO, NOME, VALOR, DESCRICAO) VALUES (99, 'Restaurante', 'produto 98', 26.00, 'Descrição do produto: 99');

INSERT INTO PRODUTO (ID, TIPO, NOME, VALOR, DESCRICAO) VALUES (100, 'Lavanderia', 'produto 99', 174.00, 'Descrição do produto: 100');

-----Telefone------

INSERT INTO TELEFONE (TELEFONE, CPF_CLIENTE) VALUES ('(16) 16696-7772', '419.947.661-54');

INSERT INTO TELEFONE (TELEFONE, CPF_CLIENTE) VALUES ('(56) 46601-6663', '419.947.661-54');

INSERT INTO TELEFONE (TELEFONE, CPF_CLIENTE) VALUES ('(77) 89038-7876', '681.208.798-20');

INSERT INTO TELEFONE (TELEFONE, CPF_CLIENTE) VALUES ('(40) 11022-1702', '547.773.533-53');

INSERT INTO TELEFONE (TELEFONE, CPF_CLIENTE) VALUES ('(52) 73358-2304', '780.833.454-44');

INSERT INTO TELEFONE (TELEFONE, CPF_CLIENTE) VALUES ('(95) 72612-8093', '780.833.454-44');

INSERT INTO TELEFONE (TELEFONE, CPF_CLIENTE) VALUES ('(27) 88831-7586', '884.563.986-69');

INSERT INTO TELEFONE (TELEFONE, CPF_CLIENTE) VALUES ('(70) 31808-3823', '192.231.141-20');

INSERT INTO TELEFONE (TELEFONE, CPF_CLIENTE) VALUES ('(44) 49155-4066', '192.231.141-20');

INSERT INTO TELEFONE (TELEFONE, CPF_CLIENTE) VALUES ('(14) 21471-4810', '956.512.159-29');

INSERT INTO TELEFONE (TELEFONE, CPF_CLIENTE) VALUES ('(60) 80646-6935', '956.512.159-29');

INSERT INTO TELEFONE (TELEFONE, CPF_CLIENTE) VALUES ('(58) 24733-1633', '486.593.346-26');

INSERT INTO TELEFONE (TELEFONE, CPF_CLIENTE) VALUES ('(54) 34976-4511', '486.593.346-26');

INSERT INTO TELEFONE (TELEFONE, CPF_CLIENTE) VALUES ('(44) 83832-1785', '969.974.758-65');

INSERT INTO TELEFONE (TELEFONE, CPF_CLIENTE) VALUES ('(60) 56666-5057', '969.974.758-65');

INSERT INTO TELEFONE (TELEFONE, CPF_CLIENTE) VALUES ('(37) 16121-6508', '443.938.235-49');

INSERT INTO TELEFONE (TELEFONE, CPF_CLIENTE) VALUES ('(26) 80475-4272', '443.938.235-49');

INSERT INTO TELEFONE (TELEFONE, CPF_CLIENTE) VALUES ('(63) 77229-2762', '632.829.194-80');

INSERT INTO TELEFONE (TELEFONE, CPF_CLIENTE) VALUES ('(24) 35762-6838', '723.759.125-15');

INSERT INTO TELEFONE (TELEFONE, CPF_CLIENTE) VALUES ('(32) 32901-2197', '367.912.979-15');

INSERT INTO TELEFONE (TELEFONE, CPF_CLIENTE) VALUES ('(84) 75662-6206', '835.933.146-32');

INSERT INTO TELEFONE (TELEFONE, CPF_CLIENTE) VALUES ('(71) 82400-7982', '288.517.815-27');

INSERT INTO TELEFONE (TELEFONE, CPF_CLIENTE) VALUES ('(52) 76792-4936', '707.415.320-13');

INSERT INTO TELEFONE (TELEFONE, CPF_CLIENTE) VALUES ('(64) 79736-7857', '237.405.815-54');

INSERT INTO TELEFONE (TELEFONE, CPF_CLIENTE) VALUES ('(19) 40103-3747', '165.156.219-59');

INSERT INTO TELEFONE (TELEFONE, CPF_CLIENTE) VALUES ('(39) 57494-3025', '217.380.225-25');

INSERT INTO TELEFONE (TELEFONE, CPF_CLIENTE) VALUES ('(87) 12607-8228', '571.598.530-59');

INSERT INTO TELEFONE (TELEFONE, CPF_CLIENTE) VALUES ('(53) 64021-8018', '571.598.530-59');

-----Equipamentos------

INSERT INTO EQUIPAMENTO (EQUIPAMENTO, NUMERO_QUARTO) VALUES ('ar 01', '163-R');

INSERT INTO EQUIPAMENTO (EQUIPAMENTO, NUMERO_QUARTO) VALUES ('TV a cabo 01', 'T-178');

INSERT INTO EQUIPAMENTO (EQUIPAMENTO, NUMERO_QUARTO) VALUES ('TV a cabo 01', '256-V');

INSERT INTO EQUIPAMENTO (EQUIPAMENTO, NUMERO_QUARTO) VALUES ('televisão 02', '256-V');

INSERT INTO EQUIPAMENTO (EQUIPAMENTO, NUMERO_QUARTO) VALUES ('televisão 03', '256-V');

INSERT INTO EQUIPAMENTO (EQUIPAMENTO, NUMERO_QUARTO) VALUES ('TV a cabo 01', 'Q-140');

INSERT INTO EQUIPAMENTO (EQUIPAMENTO, NUMERO_QUARTO) VALUES ('TV a cabo 02', 'Q-140');

INSERT INTO EQUIPAMENTO (EQUIPAMENTO, NUMERO_QUARTO) VALUES ('frigobar 03', 'Q-140');

INSERT INTO EQUIPAMENTO (EQUIPAMENTO, NUMERO_QUARTO) VALUES ('ar 01', '173-P');

INSERT INTO EQUIPAMENTO (EQUIPAMENTO, NUMERO_QUARTO) VALUES ('televisão 02', '173-P');

INSERT INTO EQUIPAMENTO (EQUIPAMENTO, NUMERO_QUARTO) VALUES ('ar 01', 'Z-111');

INSERT INTO EQUIPAMENTO (EQUIPAMENTO, NUMERO_QUARTO) VALUES ('televisão 02', 'Z-111');

INSERT INTO EQUIPAMENTO (EQUIPAMENTO, NUMERO_QUARTO) VALUES ('frigobar 03', 'Z-111');

INSERT INTO EQUIPAMENTO (EQUIPAMENTO, NUMERO_QUARTO) VALUES ('ar 01', '140-E');

INSERT INTO EQUIPAMENTO (EQUIPAMENTO, NUMERO_QUARTO) VALUES ('ar 02', '140-E');

INSERT INTO EQUIPAMENTO (EQUIPAMENTO, NUMERO_QUARTO) VALUES ('frigobar 01', 'E-116');

INSERT INTO EQUIPAMENTO (EQUIPAMENTO, NUMERO_QUARTO) VALUES ('ar 02', 'E-116');

INSERT INTO EQUIPAMENTO (EQUIPAMENTO, NUMERO_QUARTO) VALUES ('TV a cabo 03', 'E-116');

INSERT INTO EQUIPAMENTO (EQUIPAMENTO, NUMERO_QUARTO) VALUES ('televisão 01', '127-F');

INSERT INTO EQUIPAMENTO (EQUIPAMENTO, NUMERO_QUARTO) VALUES ('frigobar 02', '127-F');

INSERT INTO EQUIPAMENTO (EQUIPAMENTO, NUMERO_QUARTO) VALUES ('frigobar 03', '127-F');

INSERT INTO EQUIPAMENTO (EQUIPAMENTO, NUMERO_QUARTO) VALUES ('TV a cabo 01', 'T-227');

INSERT INTO EQUIPAMENTO (EQUIPAMENTO, NUMERO_QUARTO) VALUES ('frigobar 02', 'T-227');

INSERT INTO EQUIPAMENTO (EQUIPAMENTO, NUMERO_QUARTO) VALUES ('TV a cabo 03', 'T-227');

INSERT INTO EQUIPAMENTO (EQUIPAMENTO, NUMERO_QUARTO) VALUES ('TV a cabo 01', '248-P');

INSERT INTO EQUIPAMENTO (EQUIPAMENTO, NUMERO_QUARTO) VALUES ('frigobar 02', '248-P');

INSERT INTO EQUIPAMENTO (EQUIPAMENTO, NUMERO_QUARTO) VALUES ('televisão 01', 'A-198');

INSERT INTO EQUIPAMENTO (EQUIPAMENTO, NUMERO_QUARTO) VALUES ('TV a cabo 02', 'A-198');

INSERT INTO EQUIPAMENTO (EQUIPAMENTO, NUMERO_QUARTO) VALUES ('televisão 03', 'A-198');

INSERT INTO EQUIPAMENTO (EQUIPAMENTO, NUMERO_QUARTO) VALUES ('TV a cabo 01', '278-L');

INSERT INTO EQUIPAMENTO (EQUIPAMENTO, NUMERO_QUARTO) VALUES ('ar 02', '278-L');

INSERT INTO EQUIPAMENTO (EQUIPAMENTO, NUMERO_QUARTO) VALUES ('ar 01', 'K-292');

INSERT INTO EQUIPAMENTO (EQUIPAMENTO, NUMERO_QUARTO) VALUES ('frigobar 01', '140-W');

INSERT INTO EQUIPAMENTO (EQUIPAMENTO, NUMERO_QUARTO) VALUES ('ar 02', '140-W');

INSERT INTO EQUIPAMENTO (EQUIPAMENTO, NUMERO_QUARTO) VALUES ('televisão 03', '140-W');

INSERT INTO EQUIPAMENTO (EQUIPAMENTO, NUMERO_QUARTO) VALUES ('TV a cabo 04', '140-W');

INSERT INTO EQUIPAMENTO (EQUIPAMENTO, NUMERO_QUARTO) VALUES ('frigobar 01', 'Y-100');

INSERT INTO EQUIPAMENTO (EQUIPAMENTO, NUMERO_QUARTO) VALUES ('TV a cabo 02', 'Y-100');

INSERT INTO EQUIPAMENTO (EQUIPAMENTO, NUMERO_QUARTO) VALUES ('televisão 03', 'Y-100');

INSERT INTO EQUIPAMENTO (EQUIPAMENTO, NUMERO_QUARTO) VALUES ('TV a cabo 04', 'Y-100');

INSERT INTO EQUIPAMENTO (EQUIPAMENTO, NUMERO_QUARTO) VALUES ('frigobar 05', 'Y-100');

INSERT INTO EQUIPAMENTO (EQUIPAMENTO, NUMERO_QUARTO) VALUES ('televisão 01', '107-L');

INSERT INTO EQUIPAMENTO (EQUIPAMENTO, NUMERO_QUARTO) VALUES ('frigobar 02', '107-L');

INSERT INTO EQUIPAMENTO (EQUIPAMENTO, NUMERO_QUARTO) VALUES ('ar 01', 'Z-104');

INSERT INTO EQUIPAMENTO (EQUIPAMENTO, NUMERO_QUARTO) VALUES ('ar 02', 'Z-104');

INSERT INTO EQUIPAMENTO (EQUIPAMENTO, NUMERO_QUARTO) VALUES ('televisão 03', 'Z-104');

INSERT INTO EQUIPAMENTO (EQUIPAMENTO, NUMERO_QUARTO) VALUES ('TV a cabo 01', '154-W');

INSERT INTO EQUIPAMENTO (EQUIPAMENTO, NUMERO_QUARTO) VALUES ('frigobar 02', '154-W');

INSERT INTO EQUIPAMENTO (EQUIPAMENTO, NUMERO_QUARTO) VALUES ('TV a cabo 03', '154-W');

INSERT INTO EQUIPAMENTO (EQUIPAMENTO, NUMERO_QUARTO) VALUES ('frigobar 01', 'E-285');

INSERT INTO EQUIPAMENTO (EQUIPAMENTO, NUMERO_QUARTO) VALUES ('frigobar 02', 'E-285');

INSERT INTO EQUIPAMENTO (EQUIPAMENTO, NUMERO_QUARTO) VALUES ('TV a cabo 01', '117-K');

INSERT INTO EQUIPAMENTO (EQUIPAMENTO, NUMERO_QUARTO) VALUES ('TV a cabo 02', '117-K');

INSERT INTO EQUIPAMENTO (EQUIPAMENTO, NUMERO_QUARTO) VALUES ('ar 03', '117-K');

INSERT INTO EQUIPAMENTO (EQUIPAMENTO, NUMERO_QUARTO) VALUES ('TV a cabo 01', 'L-201');

INSERT INTO EQUIPAMENTO (EQUIPAMENTO, NUMERO_QUARTO) VALUES ('TV a cabo 02', 'L-201');

INSERT INTO EQUIPAMENTO (EQUIPAMENTO, NUMERO_QUARTO) VALUES ('televisão 01', '109-Y');

INSERT INTO EQUIPAMENTO (EQUIPAMENTO, NUMERO_QUARTO) VALUES ('ar 02', '109-Y');

INSERT INTO EQUIPAMENTO (EQUIPAMENTO, NUMERO_QUARTO) VALUES ('televisão 01', 'W-254');

INSERT INTO EQUIPAMENTO (EQUIPAMENTO, NUMERO_QUARTO) VALUES ('televisão 02', 'W-254');

INSERT INTO EQUIPAMENTO (EQUIPAMENTO, NUMERO_QUARTO) VALUES ('TV a cabo 03', 'W-254');

INSERT INTO EQUIPAMENTO (EQUIPAMENTO, NUMERO_QUARTO) VALUES ('TV a cabo 04', 'W-254');

INSERT INTO EQUIPAMENTO (EQUIPAMENTO, NUMERO_QUARTO) VALUES ('frigobar 01', '232-V');

INSERT INTO EQUIPAMENTO (EQUIPAMENTO, NUMERO_QUARTO) VALUES ('televisão 01', 'F-100');

INSERT INTO EQUIPAMENTO (EQUIPAMENTO, NUMERO_QUARTO) VALUES ('televisão 02', 'F-100');

INSERT INTO EQUIPAMENTO (EQUIPAMENTO, NUMERO_QUARTO) VALUES ('TV a cabo 03', 'F-100');

INSERT INTO EQUIPAMENTO (EQUIPAMENTO, NUMERO_QUARTO) VALUES ('TV a cabo 04', 'F-100');

INSERT INTO EQUIPAMENTO (EQUIPAMENTO, NUMERO_QUARTO) VALUES ('televisão 05', 'F-100');

INSERT INTO EQUIPAMENTO (EQUIPAMENTO, NUMERO_QUARTO) VALUES ('ar 01', '176-C');

INSERT INTO EQUIPAMENTO (EQUIPAMENTO, NUMERO_QUARTO) VALUES ('televisão 02', '176-C');

INSERT INTO EQUIPAMENTO (EQUIPAMENTO, NUMERO_QUARTO) VALUES ('televisão 03', '176-C');

INSERT INTO EQUIPAMENTO (EQUIPAMENTO, NUMERO_QUARTO) VALUES ('frigobar 01', 'X-104');

INSERT INTO EQUIPAMENTO (EQUIPAMENTO, NUMERO_QUARTO) VALUES ('ar 02', 'X-104');

INSERT INTO EQUIPAMENTO (EQUIPAMENTO, NUMERO_QUARTO) VALUES ('ar 03', 'X-104');

INSERT INTO EQUIPAMENTO (EQUIPAMENTO, NUMERO_QUARTO) VALUES ('ar 01', '263-T');

INSERT INTO EQUIPAMENTO (EQUIPAMENTO, NUMERO_QUARTO) VALUES ('frigobar 01', 'Q-255');

INSERT INTO EQUIPAMENTO (EQUIPAMENTO, NUMERO_QUARTO) VALUES ('televisão 02', 'Q-255');

-----Hospeda------

INSERT INTO HOSPEDA (ID_HOSPEDAGEM, DIA_CHECK_IN, DIA_CHECK_OUT, CPF_CLIENTE, NUMERO_QUARTO) VALUES (1, TO_DATE('04/01/2010','DD/MM/YYYY'), TO_DATE('08/01/2010','DD/MM/YYYY'), '419.947.661-54', '127-F');

INSERT INTO HOSPEDA (ID_HOSPEDAGEM, DIA_CHECK_IN, DIA_CHECK_OUT, CPF_CLIENTE, NUMERO_QUARTO) VALUES (2, TO_DATE('03/06/2015','DD/MM/YYYY'), TO_DATE('06/06/2015','DD/MM/YYYY'), '681.208.798-20', 'L-201');

INSERT INTO HOSPEDA (ID_HOSPEDAGEM, DIA_CHECK_IN, DIA_CHECK_OUT, CPF_CLIENTE, NUMERO_QUARTO) VALUES (3, TO_DATE('03/06/2011','DD/MM/YYYY'), TO_DATE('06/06/2011','DD/MM/YYYY'), '681.208.798-20', 'F-100');

INSERT INTO HOSPEDA (ID_HOSPEDAGEM, DIA_CHECK_IN, DIA_CHECK_OUT, CPF_CLIENTE, NUMERO_QUARTO) VALUES (4, TO_DATE('02/02/2014','DD/MM/YYYY'), TO_DATE('03/02/2014','DD/MM/YYYY'), '547.773.533-53', 'A-198');

INSERT INTO HOSPEDA (ID_HOSPEDAGEM, DIA_CHECK_IN, DIA_CHECK_OUT, CPF_CLIENTE, NUMERO_QUARTO) VALUES (5, TO_DATE('03/01/2014','DD/MM/YYYY'), TO_DATE('04/01/2014','DD/MM/YYYY'), '780.833.454-44', 'T-227');

INSERT INTO HOSPEDA (ID_HOSPEDAGEM, DIA_CHECK_IN, DIA_CHECK_OUT, CPF_CLIENTE, NUMERO_QUARTO) VALUES (6, TO_DATE('02/03/2016','DD/MM/YYYY'), TO_DATE('04/03/2016','DD/MM/YYYY'), '884.563.986-69', '140-E');

INSERT INTO HOSPEDA (ID_HOSPEDAGEM, DIA_CHECK_IN, DIA_CHECK_OUT, CPF_CLIENTE, NUMERO_QUARTO) VALUES (7, TO_DATE('05/09/2017','DD/MM/YYYY'), TO_DATE('08/09/2017','DD/MM/YYYY'), '884.563.986-69', '163-R');

INSERT INTO HOSPEDA (ID_HOSPEDAGEM, DIA_CHECK_IN, DIA_CHECK_OUT, CPF_CLIENTE, NUMERO_QUARTO) VALUES (8, TO_DATE('03/06/2011','DD/MM/YYYY'), TO_DATE('07/06/2011','DD/MM/YYYY'), '192.231.141-20', 'Z-104');

INSERT INTO HOSPEDA (ID_HOSPEDAGEM, DIA_CHECK_IN, DIA_CHECK_OUT, CPF_CLIENTE, NUMERO_QUARTO) VALUES (9, TO_DATE('01/01/2016','DD/MM/YYYY'), TO_DATE('02/01/2016','DD/MM/YYYY'), '192.231.141-20', 'T-178');

INSERT INTO HOSPEDA (ID_HOSPEDAGEM, DIA_CHECK_IN, DIA_CHECK_OUT, CPF_CLIENTE, NUMERO_QUARTO) VALUES (10, TO_DATE('04/01/2019','DD/MM/YYYY'), TO_DATE('08/01/2019','DD/MM/YYYY'), '956.512.159-29', '173-P');

INSERT INTO HOSPEDA (ID_HOSPEDAGEM, DIA_CHECK_IN, DIA_CHECK_OUT, CPF_CLIENTE, NUMERO_QUARTO) VALUES (11, TO_DATE('03/07/2011','DD/MM/YYYY'), TO_DATE('04/07/2011','DD/MM/YYYY'), '956.512.159-29', '248-P');

INSERT INTO HOSPEDA (ID_HOSPEDAGEM, DIA_CHECK_IN, DIA_CHECK_OUT, CPF_CLIENTE, NUMERO_QUARTO) VALUES (12, TO_DATE('01/07/2019','DD/MM/YYYY'), TO_DATE('05/07/2019','DD/MM/YYYY'), '486.593.346-26', 'Q-255');

INSERT INTO HOSPEDA (ID_HOSPEDAGEM, DIA_CHECK_IN, DIA_CHECK_OUT, CPF_CLIENTE, NUMERO_QUARTO) VALUES (13, TO_DATE('03/06/2011','DD/MM/YYYY'), TO_DATE('06/06/2011','DD/MM/YYYY'), '969.974.758-65', 'T-178');

INSERT INTO HOSPEDA (ID_HOSPEDAGEM, DIA_CHECK_IN, DIA_CHECK_OUT, CPF_CLIENTE, NUMERO_QUARTO) VALUES (14, TO_DATE('02/07/2017','DD/MM/YYYY'), TO_DATE('04/07/2017','DD/MM/YYYY'), '969.974.758-65', '127-F');

INSERT INTO HOSPEDA (ID_HOSPEDAGEM, DIA_CHECK_IN, DIA_CHECK_OUT, CPF_CLIENTE, NUMERO_QUARTO) VALUES (15, TO_DATE('03/03/2012','DD/MM/YYYY'), TO_DATE('04/03/2012','DD/MM/YYYY'), '443.938.235-49', 'T-227');

INSERT INTO HOSPEDA (ID_HOSPEDAGEM, DIA_CHECK_IN, DIA_CHECK_OUT, CPF_CLIENTE, NUMERO_QUARTO) VALUES (16, TO_DATE('04/01/2015','DD/MM/YYYY'), TO_DATE('07/01/2015','DD/MM/YYYY'), '443.938.235-49', 'T-178');

INSERT INTO HOSPEDA (ID_HOSPEDAGEM, DIA_CHECK_IN, DIA_CHECK_OUT, CPF_CLIENTE, NUMERO_QUARTO) VALUES (17, TO_DATE('04/06/2016','DD/MM/YYYY'), TO_DATE('08/06/2016','DD/MM/YYYY'), '632.829.194-80', 'A-198');

INSERT INTO HOSPEDA (ID_HOSPEDAGEM, DIA_CHECK_IN, DIA_CHECK_OUT, CPF_CLIENTE, NUMERO_QUARTO) VALUES (18, TO_DATE('05/01/2014','DD/MM/YYYY'), TO_DATE('07/01/2014','DD/MM/YYYY'), '723.759.125-15', '109-Y');

INSERT INTO HOSPEDA (ID_HOSPEDAGEM, DIA_CHECK_IN, DIA_CHECK_OUT, CPF_CLIENTE, NUMERO_QUARTO) VALUES (19, TO_DATE('04/08/2013','DD/MM/YYYY'), TO_DATE('07/08/2013','DD/MM/YYYY'), '723.759.125-15', '117-K');

INSERT INTO HOSPEDA (ID_HOSPEDAGEM, DIA_CHECK_IN, DIA_CHECK_OUT, CPF_CLIENTE, NUMERO_QUARTO) VALUES (20, TO_DATE('02/08/2019','DD/MM/YYYY'), TO_DATE('06/08/2019','DD/MM/YYYY'), '367.912.979-15', '278-L');

INSERT INTO HOSPEDA (ID_HOSPEDAGEM, DIA_CHECK_IN, DIA_CHECK_OUT, CPF_CLIENTE, NUMERO_QUARTO) VALUES (21, TO_DATE('02/04/2011','DD/MM/YYYY'), TO_DATE('05/04/2011','DD/MM/YYYY'), '835.933.146-32', 'T-178');

INSERT INTO HOSPEDA (ID_HOSPEDAGEM, DIA_CHECK_IN, DIA_CHECK_OUT, CPF_CLIENTE, NUMERO_QUARTO) VALUES (22, TO_DATE('03/05/2011','DD/MM/YYYY'), TO_DATE('06/05/2011','DD/MM/YYYY'), '835.933.146-32', '140-E');

INSERT INTO HOSPEDA (ID_HOSPEDAGEM, DIA_CHECK_IN, DIA_CHECK_OUT, CPF_CLIENTE, NUMERO_QUARTO) VALUES (23, TO_DATE('01/06/2016','DD/MM/YYYY'), TO_DATE('03/06/2016','DD/MM/YYYY'), '288.517.815-27', '140-W');

INSERT INTO HOSPEDA (ID_HOSPEDAGEM, DIA_CHECK_IN, DIA_CHECK_OUT, CPF_CLIENTE, NUMERO_QUARTO) VALUES (24, TO_DATE('03/06/2018','DD/MM/YYYY'), TO_DATE('07/06/2018','DD/MM/YYYY'), '288.517.815-27', 'L-201');

INSERT INTO HOSPEDA (ID_HOSPEDAGEM, DIA_CHECK_IN, DIA_CHECK_OUT, CPF_CLIENTE, NUMERO_QUARTO) VALUES (25, TO_DATE('02/07/2015','DD/MM/YYYY'), TO_DATE('04/07/2015','DD/MM/YYYY'), '707.415.320-13', 'E-285');

INSERT INTO HOSPEDA (ID_HOSPEDAGEM, DIA_CHECK_IN, DIA_CHECK_OUT, CPF_CLIENTE, NUMERO_QUARTO) VALUES (26, TO_DATE('02/03/2018','DD/MM/YYYY'), TO_DATE('05/03/2018','DD/MM/YYYY'), '707.415.320-13', 'Y-100');

INSERT INTO HOSPEDA (ID_HOSPEDAGEM, DIA_CHECK_IN, DIA_CHECK_OUT, CPF_CLIENTE, NUMERO_QUARTO) VALUES (27, TO_DATE('02/02/2011','DD/MM/YYYY'), TO_DATE('03/02/2011','DD/MM/YYYY'), '237.405.815-54', 'K-292');

INSERT INTO HOSPEDA (ID_HOSPEDAGEM, DIA_CHECK_IN, DIA_CHECK_OUT, CPF_CLIENTE, NUMERO_QUARTO) VALUES (28, TO_DATE('01/03/2017','DD/MM/YYYY'), TO_DATE('03/03/2017','DD/MM/YYYY'), '237.405.815-54', '109-Y');

INSERT INTO HOSPEDA (ID_HOSPEDAGEM, DIA_CHECK_IN, DIA_CHECK_OUT, CPF_CLIENTE, NUMERO_QUARTO) VALUES (29, TO_DATE('04/03/2016','DD/MM/YYYY'), TO_DATE('07/03/2016','DD/MM/YYYY'), '165.156.219-59', 'Z-111');

INSERT INTO HOSPEDA (ID_HOSPEDAGEM, DIA_CHECK_IN, DIA_CHECK_OUT, CPF_CLIENTE, NUMERO_QUARTO) VALUES (30, TO_DATE('03/09/2016','DD/MM/YYYY'), TO_DATE('07/09/2016','DD/MM/YYYY'), '165.156.219-59', '176-C');

INSERT INTO HOSPEDA (ID_HOSPEDAGEM, DIA_CHECK_IN, DIA_CHECK_OUT, CPF_CLIENTE, NUMERO_QUARTO) VALUES (31, TO_DATE('04/04/2019','DD/MM/YYYY'), TO_DATE('07/04/2019','DD/MM/YYYY'), '217.380.225-25', '256-V');

INSERT INTO HOSPEDA (ID_HOSPEDAGEM, DIA_CHECK_IN, DIA_CHECK_OUT, CPF_CLIENTE, NUMERO_QUARTO) VALUES (32, TO_DATE('04/01/2018','DD/MM/YYYY'), TO_DATE('05/01/2018','DD/MM/YYYY'), '217.380.225-25', 'A-198');

INSERT INTO HOSPEDA (ID_HOSPEDAGEM, DIA_CHECK_IN, DIA_CHECK_OUT, CPF_CLIENTE, NUMERO_QUARTO) VALUES (33, TO_DATE('05/08/2010','DD/MM/YYYY'), TO_DATE('09/08/2010','DD/MM/YYYY'), '571.598.530-59', 'T-178');

-----Reserva------

INSERT INTO RESERVA (ID_RESERVA, CPF_CLIENTE, NUMERO_QUARTO, DIA_CHECK_IN, DIA_CHECK_OUT) VALUES (1, '419.947.661-54', 'L-201', TO_DATE('01/05/2016','DD/MM/YYYY'), TO_DATE('04/05/2016','DD/MM/YYYY'));

INSERT INTO RESERVA (ID_RESERVA, CPF_CLIENTE, NUMERO_QUARTO, DIA_CHECK_IN, DIA_CHECK_OUT) VALUES (2, '681.208.798-20', 'Z-111', TO_DATE('02/08/2017','DD/MM/YYYY'), TO_DATE('03/08/2017','DD/MM/YYYY'));

INSERT INTO RESERVA (ID_RESERVA, CPF_CLIENTE, NUMERO_QUARTO, DIA_CHECK_IN, DIA_CHECK_OUT) VALUES (3, '681.208.798-20', '163-R', TO_DATE('02/07/2019','DD/MM/YYYY'), TO_DATE('06/07/2019','DD/MM/YYYY'));

INSERT INTO RESERVA (ID_RESERVA, CPF_CLIENTE, NUMERO_QUARTO, DIA_CHECK_IN, DIA_CHECK_OUT) VALUES (4, '547.773.533-53', 'Q-140', TO_DATE('03/04/2013','DD/MM/YYYY'), TO_DATE('06/04/2013','DD/MM/YYYY'));

INSERT INTO RESERVA (ID_RESERVA, CPF_CLIENTE, NUMERO_QUARTO, DIA_CHECK_IN, DIA_CHECK_OUT) VALUES (5, '780.833.454-44', 'Z-104', TO_DATE('03/02/2017','DD/MM/YYYY'), TO_DATE('05/02/2017','DD/MM/YYYY'));

INSERT INTO RESERVA (ID_RESERVA, CPF_CLIENTE, NUMERO_QUARTO, DIA_CHECK_IN, DIA_CHECK_OUT) VALUES (6, '780.833.454-44', '127-F', TO_DATE('02/02/2019','DD/MM/YYYY'), TO_DATE('05/02/2019','DD/MM/YYYY'));

INSERT INTO RESERVA (ID_RESERVA, CPF_CLIENTE, NUMERO_QUARTO, DIA_CHECK_IN, DIA_CHECK_OUT) VALUES (7, '884.563.986-69', 'K-292', TO_DATE('04/08/2015','DD/MM/YYYY'), TO_DATE('07/08/2015','DD/MM/YYYY'));

INSERT INTO RESERVA (ID_RESERVA, CPF_CLIENTE, NUMERO_QUARTO, DIA_CHECK_IN, DIA_CHECK_OUT) VALUES (8, '884.563.986-69', '263-T', TO_DATE('03/08/2012','DD/MM/YYYY'), TO_DATE('07/08/2012','DD/MM/YYYY'));

INSERT INTO RESERVA (ID_RESERVA, CPF_CLIENTE, NUMERO_QUARTO, DIA_CHECK_IN, DIA_CHECK_OUT) VALUES (9, '884.563.986-69', 'Q-255', TO_DATE('04/08/2016','DD/MM/YYYY'), TO_DATE('05/08/2016','DD/MM/YYYY'));

INSERT INTO RESERVA (ID_RESERVA, CPF_CLIENTE, NUMERO_QUARTO, DIA_CHECK_IN, DIA_CHECK_OUT) VALUES (10, '192.231.141-20', '117-K', TO_DATE('05/06/2018','DD/MM/YYYY'), TO_DATE('08/06/2018','DD/MM/YYYY'));

INSERT INTO RESERVA (ID_RESERVA, CPF_CLIENTE, NUMERO_QUARTO, DIA_CHECK_IN, DIA_CHECK_OUT) VALUES (11, '192.231.141-20', 'T-178', TO_DATE('02/04/2013','DD/MM/YYYY'), TO_DATE('03/04/2013','DD/MM/YYYY'));

INSERT INTO RESERVA (ID_RESERVA, CPF_CLIENTE, NUMERO_QUARTO, DIA_CHECK_IN, DIA_CHECK_OUT) VALUES (12, '956.512.159-29', 'Q-140', TO_DATE('05/06/2011','DD/MM/YYYY'), TO_DATE('08/06/2011','DD/MM/YYYY'));

INSERT INTO RESERVA (ID_RESERVA, CPF_CLIENTE, NUMERO_QUARTO, DIA_CHECK_IN, DIA_CHECK_OUT) VALUES (13, '486.593.346-26', '263-T', TO_DATE('05/01/2013','DD/MM/YYYY'), TO_DATE('07/01/2013','DD/MM/YYYY'));

INSERT INTO RESERVA (ID_RESERVA, CPF_CLIENTE, NUMERO_QUARTO, DIA_CHECK_IN, DIA_CHECK_OUT) VALUES (14, '969.974.758-65', 'T-178', TO_DATE('01/08/2016','DD/MM/YYYY'), TO_DATE('05/08/2016','DD/MM/YYYY'));

INSERT INTO RESERVA (ID_RESERVA, CPF_CLIENTE, NUMERO_QUARTO, DIA_CHECK_IN, DIA_CHECK_OUT) VALUES (15, '969.974.758-65', 'E-116', TO_DATE('05/05/2016','DD/MM/YYYY'), TO_DATE('09/05/2016','DD/MM/YYYY'));

INSERT INTO RESERVA (ID_RESERVA, CPF_CLIENTE, NUMERO_QUARTO, DIA_CHECK_IN, DIA_CHECK_OUT) VALUES (16, '969.974.758-65', '163-R', TO_DATE('02/02/2019','DD/MM/YYYY'), TO_DATE('06/02/2019','DD/MM/YYYY'));

INSERT INTO RESERVA (ID_RESERVA, CPF_CLIENTE, NUMERO_QUARTO, DIA_CHECK_IN, DIA_CHECK_OUT) VALUES (17, '443.938.235-49', 'F-100', TO_DATE('04/09/2015','DD/MM/YYYY'), TO_DATE('07/09/2015','DD/MM/YYYY'));

INSERT INTO RESERVA (ID_RESERVA, CPF_CLIENTE, NUMERO_QUARTO, DIA_CHECK_IN, DIA_CHECK_OUT) VALUES (18, '632.829.194-80', 'K-292', TO_DATE('05/02/2011','DD/MM/YYYY'), TO_DATE('08/02/2011','DD/MM/YYYY'));

INSERT INTO RESERVA (ID_RESERVA, CPF_CLIENTE, NUMERO_QUARTO, DIA_CHECK_IN, DIA_CHECK_OUT) VALUES (19, '632.829.194-80', 'Q-140', TO_DATE('01/02/2019','DD/MM/YYYY'), TO_DATE('02/02/2019','DD/MM/YYYY'));

INSERT INTO RESERVA (ID_RESERVA, CPF_CLIENTE, NUMERO_QUARTO, DIA_CHECK_IN, DIA_CHECK_OUT) VALUES (20, '632.829.194-80', 'Y-100', TO_DATE('03/08/2013','DD/MM/YYYY'), TO_DATE('06/08/2013','DD/MM/YYYY'));

INSERT INTO RESERVA (ID_RESERVA, CPF_CLIENTE, NUMERO_QUARTO, DIA_CHECK_IN, DIA_CHECK_OUT) VALUES (21, '723.759.125-15', 'Y-100', TO_DATE('02/01/2017','DD/MM/YYYY'), TO_DATE('05/01/2017','DD/MM/YYYY'));

INSERT INTO RESERVA (ID_RESERVA, CPF_CLIENTE, NUMERO_QUARTO, DIA_CHECK_IN, DIA_CHECK_OUT) VALUES (22, '723.759.125-15', '109-Y', TO_DATE('03/09/2017','DD/MM/YYYY'), TO_DATE('06/09/2017','DD/MM/YYYY'));

INSERT INTO RESERVA (ID_RESERVA, CPF_CLIENTE, NUMERO_QUARTO, DIA_CHECK_IN, DIA_CHECK_OUT) VALUES (23, '367.912.979-15', '154-W', TO_DATE('01/02/2017','DD/MM/YYYY'), TO_DATE('02/02/2017','DD/MM/YYYY'));

INSERT INTO RESERVA (ID_RESERVA, CPF_CLIENTE, NUMERO_QUARTO, DIA_CHECK_IN, DIA_CHECK_OUT) VALUES (24, '367.912.979-15', 'F-100', TO_DATE('04/06/2017','DD/MM/YYYY'), TO_DATE('05/06/2017','DD/MM/YYYY'));

INSERT INTO RESERVA (ID_RESERVA, CPF_CLIENTE, NUMERO_QUARTO, DIA_CHECK_IN, DIA_CHECK_OUT) VALUES (25, '835.933.146-32', 'X-104', TO_DATE('05/01/2014','DD/MM/YYYY'), TO_DATE('07/01/2014','DD/MM/YYYY'));

INSERT INTO RESERVA (ID_RESERVA, CPF_CLIENTE, NUMERO_QUARTO, DIA_CHECK_IN, DIA_CHECK_OUT) VALUES (26, '835.933.146-32', '163-R', TO_DATE('01/09/2010','DD/MM/YYYY'), TO_DATE('02/09/2010','DD/MM/YYYY'));

INSERT INTO RESERVA (ID_RESERVA, CPF_CLIENTE, NUMERO_QUARTO, DIA_CHECK_IN, DIA_CHECK_OUT) VALUES (27, '288.517.815-27', '117-K', TO_DATE('05/09/2011','DD/MM/YYYY'), TO_DATE('09/09/2011','DD/MM/YYYY'));

INSERT INTO RESERVA (ID_RESERVA, CPF_CLIENTE, NUMERO_QUARTO, DIA_CHECK_IN, DIA_CHECK_OUT) VALUES (28, '288.517.815-27', 'W-254', TO_DATE('04/03/2015','DD/MM/YYYY'), TO_DATE('05/03/2015','DD/MM/YYYY'));

INSERT INTO RESERVA (ID_RESERVA, CPF_CLIENTE, NUMERO_QUARTO, DIA_CHECK_IN, DIA_CHECK_OUT) VALUES (29, '288.517.815-27', 'L-201', TO_DATE('05/09/2011','DD/MM/YYYY'), TO_DATE('07/09/2011','DD/MM/YYYY'));

INSERT INTO RESERVA (ID_RESERVA, CPF_CLIENTE, NUMERO_QUARTO, DIA_CHECK_IN, DIA_CHECK_OUT) VALUES (30, '707.415.320-13', 'L-201', TO_DATE('01/06/2013','DD/MM/YYYY'), TO_DATE('05/06/2013','DD/MM/YYYY'));

INSERT INTO RESERVA (ID_RESERVA, CPF_CLIENTE, NUMERO_QUARTO, DIA_CHECK_IN, DIA_CHECK_OUT) VALUES (31, '237.405.815-54', '278-L', TO_DATE('05/02/2019','DD/MM/YYYY'), TO_DATE('08/02/2019','DD/MM/YYYY'));

INSERT INTO RESERVA (ID_RESERVA, CPF_CLIENTE, NUMERO_QUARTO, DIA_CHECK_IN, DIA_CHECK_OUT) VALUES (32, '165.156.219-59', 'Z-111', TO_DATE('01/07/2018','DD/MM/YYYY'), TO_DATE('04/07/2018','DD/MM/YYYY'));

INSERT INTO RESERVA (ID_RESERVA, CPF_CLIENTE, NUMERO_QUARTO, DIA_CHECK_IN, DIA_CHECK_OUT) VALUES (33, '165.156.219-59', 'Z-111', TO_DATE('03/05/2017','DD/MM/YYYY'), TO_DATE('07/05/2017','DD/MM/YYYY'));

INSERT INTO RESERVA (ID_RESERVA, CPF_CLIENTE, NUMERO_QUARTO, DIA_CHECK_IN, DIA_CHECK_OUT) VALUES (34, '217.380.225-25', '232-V', TO_DATE('05/02/2013','DD/MM/YYYY'), TO_DATE('09/02/2013','DD/MM/YYYY'));

INSERT INTO RESERVA (ID_RESERVA, CPF_CLIENTE, NUMERO_QUARTO, DIA_CHECK_IN, DIA_CHECK_OUT) VALUES (35, '217.380.225-25', '154-W', TO_DATE('05/07/2010','DD/MM/YYYY'), TO_DATE('08/07/2010','DD/MM/YYYY'));

INSERT INTO RESERVA (ID_RESERVA, CPF_CLIENTE, NUMERO_QUARTO, DIA_CHECK_IN, DIA_CHECK_OUT) VALUES (36, '217.380.225-25', 'Z-104', TO_DATE('03/02/2017','DD/MM/YYYY'), TO_DATE('06/02/2017','DD/MM/YYYY'));

INSERT INTO RESERVA (ID_RESERVA, CPF_CLIENTE, NUMERO_QUARTO, DIA_CHECK_IN, DIA_CHECK_OUT) VALUES (37, '571.598.530-59', '173-P', TO_DATE('05/01/2012','DD/MM/YYYY'), TO_DATE('06/01/2012','DD/MM/YYYY'));

-----Venda------

INSERT INTO VENDA (ID_VENDA, ID_PRODUTO, NUMERO_QUARTO, DATA, QUANTIDADE) VALUES (1, 93, 'T-227', TO_DATE('05/08/2010','DD/MM/YYYY'), 2);

INSERT INTO VENDA (ID_VENDA, ID_PRODUTO, NUMERO_QUARTO, DATA, QUANTIDADE) VALUES (2, 9, 'K-292', TO_DATE('05/08/2010','DD/MM/YYYY'), 1);

INSERT INTO VENDA (ID_VENDA, ID_PRODUTO, NUMERO_QUARTO, DATA, QUANTIDADE) VALUES (3, 3, '256-V', TO_DATE('05/08/2010','DD/MM/YYYY'), 5);

INSERT INTO VENDA (ID_VENDA, ID_PRODUTO, NUMERO_QUARTO, DATA, QUANTIDADE) VALUES (4, 20, 'F-100', TO_DATE('05/08/2010','DD/MM/YYYY'), 2);

INSERT INTO VENDA (ID_VENDA, ID_PRODUTO, NUMERO_QUARTO, DATA, QUANTIDADE) VALUES (5, 67, 'A-198', TO_DATE('05/08/2010','DD/MM/YYYY'), 5);

INSERT INTO VENDA (ID_VENDA, ID_PRODUTO, NUMERO_QUARTO, DATA, QUANTIDADE) VALUES (6, 12, '176-C', TO_DATE('05/08/2010','DD/MM/YYYY'), 2);

INSERT INTO VENDA (ID_VENDA, ID_PRODUTO, NUMERO_QUARTO, DATA, QUANTIDADE) VALUES (7, 90, '127-F', TO_DATE('05/08/2010','DD/MM/YYYY'), 2);

INSERT INTO VENDA (ID_VENDA, ID_PRODUTO, NUMERO_QUARTO, DATA, QUANTIDADE) VALUES (8, 24, '176-C', TO_DATE('05/08/2010','DD/MM/YYYY'), 5);

INSERT INTO VENDA (ID_VENDA, ID_PRODUTO, NUMERO_QUARTO, DATA, QUANTIDADE) VALUES (9, 60, 'Q-255', TO_DATE('05/08/2010','DD/MM/YYYY'), 1);

INSERT INTO VENDA (ID_VENDA, ID_PRODUTO, NUMERO_QUARTO, DATA, QUANTIDADE) VALUES (10, 26, '127-F', TO_DATE('05/08/2010','DD/MM/YYYY'), 2);

INSERT INTO VENDA (ID_VENDA, ID_PRODUTO, NUMERO_QUARTO, DATA, QUANTIDADE) VALUES (11, 55, '163-R', TO_DATE('05/08/2010','DD/MM/YYYY'), 4);

INSERT INTO VENDA (ID_VENDA, ID_PRODUTO, NUMERO_QUARTO, DATA, QUANTIDADE) VALUES (12, 19, 'T-227', TO_DATE('05/08/2010','DD/MM/YYYY'), 1);

INSERT INTO VENDA (ID_VENDA, ID_PRODUTO, NUMERO_QUARTO, DATA, QUANTIDADE) VALUES (13, 83, 'Z-104', TO_DATE('05/08/2010','DD/MM/YYYY'), 4);

INSERT INTO VENDA (ID_VENDA, ID_PRODUTO, NUMERO_QUARTO, DATA, QUANTIDADE) VALUES (14, 71, '127-F', TO_DATE('05/08/2010','DD/MM/YYYY'), 1);

INSERT INTO VENDA (ID_VENDA, ID_PRODUTO, NUMERO_QUARTO, DATA, QUANTIDADE) VALUES (15, 17, 'F-100', TO_DATE('05/08/2010','DD/MM/YYYY'), 2);

INSERT INTO VENDA (ID_VENDA, ID_PRODUTO, NUMERO_QUARTO, DATA, QUANTIDADE) VALUES (16, 80, 'F-100', TO_DATE('05/08/2010','DD/MM/YYYY'), 2);

INSERT INTO VENDA (ID_VENDA, ID_PRODUTO, NUMERO_QUARTO, DATA, QUANTIDADE) VALUES (17, 65, '117-K', TO_DATE('05/08/2010','DD/MM/YYYY'), 4);

INSERT INTO VENDA (ID_VENDA, ID_PRODUTO, NUMERO_QUARTO, DATA, QUANTIDADE) VALUES (18, 24, '176-C', TO_DATE('05/08/2010','DD/MM/YYYY'), 3);

INSERT INTO VENDA (ID_VENDA, ID_PRODUTO, NUMERO_QUARTO, DATA, QUANTIDADE) VALUES (19, 47, '107-L', TO_DATE('05/08/2010','DD/MM/YYYY'), 3);

INSERT INTO VENDA (ID_VENDA, ID_PRODUTO, NUMERO_QUARTO, DATA, QUANTIDADE) VALUES (20, 73, 'Q-140', TO_DATE('05/08/2010','DD/MM/YYYY'), 3);

INSERT INTO VENDA (ID_VENDA, ID_PRODUTO, NUMERO_QUARTO, DATA, QUANTIDADE) VALUES (21, 4, 'F-100', TO_DATE('05/08/2010','DD/MM/YYYY'), 2);

INSERT INTO VENDA (ID_VENDA, ID_PRODUTO, NUMERO_QUARTO, DATA, QUANTIDADE) VALUES (22, 53, '154-W', TO_DATE('05/08/2010','DD/MM/YYYY'), 1);

INSERT INTO VENDA (ID_VENDA, ID_PRODUTO, NUMERO_QUARTO, DATA, QUANTIDADE) VALUES (23, 24, '154-W', TO_DATE('05/08/2010','DD/MM/YYYY'), 3);

INSERT INTO VENDA (ID_VENDA, ID_PRODUTO, NUMERO_QUARTO, DATA, QUANTIDADE) VALUES (24, 82, '140-W', TO_DATE('05/08/2010','DD/MM/YYYY'), 5);

INSERT INTO VENDA (ID_VENDA, ID_PRODUTO, NUMERO_QUARTO, DATA, QUANTIDADE) VALUES (25, 82, '163-R', TO_DATE('05/08/2010','DD/MM/YYYY'), 1);

INSERT INTO VENDA (ID_VENDA, ID_PRODUTO, NUMERO_QUARTO, DATA, QUANTIDADE) VALUES (26, 2, '107-L', TO_DATE('05/08/2010','DD/MM/YYYY'), 5);

INSERT INTO VENDA (ID_VENDA, ID_PRODUTO, NUMERO_QUARTO, DATA, QUANTIDADE) VALUES (27, 67, 'Z-104', TO_DATE('05/08/2010','DD/MM/YYYY'), 5);

INSERT INTO VENDA (ID_VENDA, ID_PRODUTO, NUMERO_QUARTO, DATA, QUANTIDADE) VALUES (28, 34, '263-T', TO_DATE('05/08/2010','DD/MM/YYYY'), 2);

INSERT INTO VENDA (ID_VENDA, ID_PRODUTO, NUMERO_QUARTO, DATA, QUANTIDADE) VALUES (29, 64, 'Q-255', TO_DATE('05/08/2010','DD/MM/YYYY'), 2);

INSERT INTO VENDA (ID_VENDA, ID_PRODUTO, NUMERO_QUARTO, DATA, QUANTIDADE) VALUES (30, 30, 'E-116', TO_DATE('05/08/2010','DD/MM/YYYY'), 4);

INSERT INTO VENDA (ID_VENDA, ID_PRODUTO, NUMERO_QUARTO, DATA, QUANTIDADE) VALUES (31, 79, 'F-100', TO_DATE('05/08/2010','DD/MM/YYYY'), 4);

INSERT INTO VENDA (ID_VENDA, ID_PRODUTO, NUMERO_QUARTO, DATA, QUANTIDADE) VALUES (32, 49, 'X-104', TO_DATE('05/08/2010','DD/MM/YYYY'), 4);

INSERT INTO VENDA (ID_VENDA, ID_PRODUTO, NUMERO_QUARTO, DATA, QUANTIDADE) VALUES (33, 30, '278-L', TO_DATE('05/08/2010','DD/MM/YYYY'), 1);

INSERT INTO VENDA (ID_VENDA, ID_PRODUTO, NUMERO_QUARTO, DATA, QUANTIDADE) VALUES (34, 49, '263-T', TO_DATE('05/08/2010','DD/MM/YYYY'), 5);

INSERT INTO VENDA (ID_VENDA, ID_PRODUTO, NUMERO_QUARTO, DATA, QUANTIDADE) VALUES (35, 80, '248-P', TO_DATE('05/08/2010','DD/MM/YYYY'), 1);

INSERT INTO VENDA (ID_VENDA, ID_PRODUTO, NUMERO_QUARTO, DATA, QUANTIDADE) VALUES (36, 69, 'E-285', TO_DATE('05/08/2010','DD/MM/YYYY'), 4);

INSERT INTO VENDA (ID_VENDA, ID_PRODUTO, NUMERO_QUARTO, DATA, QUANTIDADE) VALUES (37, 2, '176-C', TO_DATE('05/08/2010','DD/MM/YYYY'), 1);

INSERT INTO VENDA (ID_VENDA, ID_PRODUTO, NUMERO_QUARTO, DATA, QUANTIDADE) VALUES (38, 13, 'E-285', TO_DATE('05/08/2010','DD/MM/YYYY'), 3);

INSERT INTO VENDA (ID_VENDA, ID_PRODUTO, NUMERO_QUARTO, DATA, QUANTIDADE) VALUES (39, 28, 'T-227', TO_DATE('05/08/2010','DD/MM/YYYY'), 1);

INSERT INTO VENDA (ID_VENDA, ID_PRODUTO, NUMERO_QUARTO, DATA, QUANTIDADE) VALUES (40, 55, '176-C', TO_DATE('05/08/2010','DD/MM/YYYY'), 4);

INSERT INTO VENDA (ID_VENDA, ID_PRODUTO, NUMERO_QUARTO, DATA, QUANTIDADE) VALUES (41, 86, 'A-198', TO_DATE('05/08/2010','DD/MM/YYYY'), 5);

INSERT INTO VENDA (ID_VENDA, ID_PRODUTO, NUMERO_QUARTO, DATA, QUANTIDADE) VALUES (42, 65, 'E-285', TO_DATE('05/08/2010','DD/MM/YYYY'), 5);

INSERT INTO VENDA (ID_VENDA, ID_PRODUTO, NUMERO_QUARTO, DATA, QUANTIDADE) VALUES (43, 36, 'E-285', TO_DATE('05/08/2010','DD/MM/YYYY'), 5);

INSERT INTO VENDA (ID_VENDA, ID_PRODUTO, NUMERO_QUARTO, DATA, QUANTIDADE) VALUES (44, 74, '176-C', TO_DATE('05/08/2010','DD/MM/YYYY'), 2);

INSERT INTO VENDA (ID_VENDA, ID_PRODUTO, NUMERO_QUARTO, DATA, QUANTIDADE) VALUES (45, 50, '154-W', TO_DATE('05/08/2010','DD/MM/YYYY'), 4);

INSERT INTO VENDA (ID_VENDA, ID_PRODUTO, NUMERO_QUARTO, DATA, QUANTIDADE) VALUES (46, 34, 'Z-104', TO_DATE('05/08/2010','DD/MM/YYYY'), 2);

INSERT INTO VENDA (ID_VENDA, ID_PRODUTO, NUMERO_QUARTO, DATA, QUANTIDADE) VALUES (47, 80, 'Y-100', TO_DATE('05/08/2010','DD/MM/YYYY'), 2);

INSERT INTO VENDA (ID_VENDA, ID_PRODUTO, NUMERO_QUARTO, DATA, QUANTIDADE) VALUES (48, 21, '232-V', TO_DATE('05/08/2010','DD/MM/YYYY'), 2);

INSERT INTO VENDA (ID_VENDA, ID_PRODUTO, NUMERO_QUARTO, DATA, QUANTIDADE) VALUES (49, 69, '232-V', TO_DATE('05/08/2010','DD/MM/YYYY'), 1);

INSERT INTO VENDA (ID_VENDA, ID_PRODUTO, NUMERO_QUARTO, DATA, QUANTIDADE) VALUES (50, 51, 'A-198', TO_DATE('05/08/2010','DD/MM/YYYY'), 3);

INSERT INTO VENDA (ID_VENDA, ID_PRODUTO, NUMERO_QUARTO, DATA, QUANTIDADE) VALUES (51, 52, 'E-285', TO_DATE('05/08/2010','DD/MM/YYYY'), 2);

INSERT INTO VENDA (ID_VENDA, ID_PRODUTO, NUMERO_QUARTO, DATA, QUANTIDADE) VALUES (52, 46, '140-E', TO_DATE('05/08/2010','DD/MM/YYYY'), 1);

INSERT INTO VENDA (ID_VENDA, ID_PRODUTO, NUMERO_QUARTO, DATA, QUANTIDADE) VALUES (53, 73, 'Q-140', TO_DATE('05/08/2010','DD/MM/YYYY'), 3);

INSERT INTO VENDA (ID_VENDA, ID_PRODUTO, NUMERO_QUARTO, DATA, QUANTIDADE) VALUES (54, 61, 'E-116', TO_DATE('05/08/2010','DD/MM/YYYY'), 1);

INSERT INTO VENDA (ID_VENDA, ID_PRODUTO, NUMERO_QUARTO, DATA, QUANTIDADE) VALUES (55, 54, 'X-104', TO_DATE('05/08/2010','DD/MM/YYYY'), 2);

INSERT INTO VENDA (ID_VENDA, ID_PRODUTO, NUMERO_QUARTO, DATA, QUANTIDADE) VALUES (56, 82, 'Z-111', TO_DATE('05/08/2010','DD/MM/YYYY'), 2);

INSERT INTO VENDA (ID_VENDA, ID_PRODUTO, NUMERO_QUARTO, DATA, QUANTIDADE) VALUES (57, 61, '248-P', TO_DATE('05/08/2010','DD/MM/YYYY'), 5);

INSERT INTO VENDA (ID_VENDA, ID_PRODUTO, NUMERO_QUARTO, DATA, QUANTIDADE) VALUES (58, 70, 'Q-140', TO_DATE('05/08/2010','DD/MM/YYYY'), 4);

INSERT INTO VENDA (ID_VENDA, ID_PRODUTO, NUMERO_QUARTO, DATA, QUANTIDADE) VALUES (59, 59, '163-R', TO_DATE('05/08/2010','DD/MM/YYYY'), 1);

INSERT INTO VENDA (ID_VENDA, ID_PRODUTO, NUMERO_QUARTO, DATA, QUANTIDADE) VALUES (60, 66, '248-P', TO_DATE('05/08/2010','DD/MM/YYYY'), 2);

INSERT INTO VENDA (ID_VENDA, ID_PRODUTO, NUMERO_QUARTO, DATA, QUANTIDADE) VALUES (61, 18, 'T-227', TO_DATE('05/08/2010','DD/MM/YYYY'), 2);

INSERT INTO VENDA (ID_VENDA, ID_PRODUTO, NUMERO_QUARTO, DATA, QUANTIDADE) VALUES (62, 60, '127-F', TO_DATE('05/08/2010','DD/MM/YYYY'), 3);

INSERT INTO VENDA (ID_VENDA, ID_PRODUTO, NUMERO_QUARTO, DATA, QUANTIDADE) VALUES (63, 43, 'W-254', TO_DATE('05/08/2010','DD/MM/YYYY'), 5);

INSERT INTO VENDA (ID_VENDA, ID_PRODUTO, NUMERO_QUARTO, DATA, QUANTIDADE) VALUES (64, 51, 'K-292', TO_DATE('05/08/2010','DD/MM/YYYY'), 3);

INSERT INTO VENDA (ID_VENDA, ID_PRODUTO, NUMERO_QUARTO, DATA, QUANTIDADE) VALUES (65, 26, '176-C', TO_DATE('05/08/2010','DD/MM/YYYY'), 2);

INSERT INTO VENDA (ID_VENDA, ID_PRODUTO, NUMERO_QUARTO, DATA, QUANTIDADE) VALUES (66, 12, 'E-116', TO_DATE('05/08/2010','DD/MM/YYYY'), 3);

INSERT INTO VENDA (ID_VENDA, ID_PRODUTO, NUMERO_QUARTO, DATA, QUANTIDADE) VALUES (67, 63, '248-P', TO_DATE('05/08/2010','DD/MM/YYYY'), 1);

INSERT INTO VENDA (ID_VENDA, ID_PRODUTO, NUMERO_QUARTO, DATA, QUANTIDADE) VALUES (68, 72, 'T-227', TO_DATE('05/08/2010','DD/MM/YYYY'), 4);

INSERT INTO VENDA (ID_VENDA, ID_PRODUTO, NUMERO_QUARTO, DATA, QUANTIDADE) VALUES (69, 11, 'Z-104', TO_DATE('05/08/2010','DD/MM/YYYY'), 2);

INSERT INTO VENDA (ID_VENDA, ID_PRODUTO, NUMERO_QUARTO, DATA, QUANTIDADE) VALUES (70, 68, 'Z-104', TO_DATE('05/08/2010','DD/MM/YYYY'), 1);

INSERT INTO VENDA (ID_VENDA, ID_PRODUTO, NUMERO_QUARTO, DATA, QUANTIDADE) VALUES (71, 82, '263-T', TO_DATE('05/08/2010','DD/MM/YYYY'), 5);

INSERT INTO VENDA (ID_VENDA, ID_PRODUTO, NUMERO_QUARTO, DATA, QUANTIDADE) VALUES (72, 65, '163-R', TO_DATE('05/08/2010','DD/MM/YYYY'), 1);

INSERT INTO VENDA (ID_VENDA, ID_PRODUTO, NUMERO_QUARTO, DATA, QUANTIDADE) VALUES (73, 20, 'Z-111', TO_DATE('05/08/2010','DD/MM/YYYY'), 3);

INSERT INTO VENDA (ID_VENDA, ID_PRODUTO, NUMERO_QUARTO, DATA, QUANTIDADE) VALUES (74, 12, 'W-254', TO_DATE('05/08/2010','DD/MM/YYYY'), 2);

INSERT INTO VENDA (ID_VENDA, ID_PRODUTO, NUMERO_QUARTO, DATA, QUANTIDADE) VALUES (75, 9, '117-K', TO_DATE('05/08/2010','DD/MM/YYYY'), 3);

INSERT INTO VENDA (ID_VENDA, ID_PRODUTO, NUMERO_QUARTO, DATA, QUANTIDADE) VALUES (76, 42, 'A-198', TO_DATE('05/08/2010','DD/MM/YYYY'), 5);

INSERT INTO VENDA (ID_VENDA, ID_PRODUTO, NUMERO_QUARTO, DATA, QUANTIDADE) VALUES (77, 77, '140-E', TO_DATE('05/08/2010','DD/MM/YYYY'), 4);

INSERT INTO VENDA (ID_VENDA, ID_PRODUTO, NUMERO_QUARTO, DATA, QUANTIDADE) VALUES (78, 24, '117-K', TO_DATE('05/08/2010','DD/MM/YYYY'), 3);

INSERT INTO VENDA (ID_VENDA, ID_PRODUTO, NUMERO_QUARTO, DATA, QUANTIDADE) VALUES (79, 53, 'Z-111', TO_DATE('05/08/2010','DD/MM/YYYY'), 4);

INSERT INTO VENDA (ID_VENDA, ID_PRODUTO, NUMERO_QUARTO, DATA, QUANTIDADE) VALUES (80, 22, '109-Y', TO_DATE('05/08/2010','DD/MM/YYYY'), 4);

INSERT INTO VENDA (ID_VENDA, ID_PRODUTO, NUMERO_QUARTO, DATA, QUANTIDADE) VALUES (81, 46, '263-T', TO_DATE('05/08/2010','DD/MM/YYYY'), 2);

INSERT INTO VENDA (ID_VENDA, ID_PRODUTO, NUMERO_QUARTO, DATA, QUANTIDADE) VALUES (82, 60, 'W-254', TO_DATE('05/08/2010','DD/MM/YYYY'), 3);

INSERT INTO VENDA (ID_VENDA, ID_PRODUTO, NUMERO_QUARTO, DATA, QUANTIDADE) VALUES (83, 4, 'W-254', TO_DATE('05/08/2010','DD/MM/YYYY'), 1);

INSERT INTO VENDA (ID_VENDA, ID_PRODUTO, NUMERO_QUARTO, DATA, QUANTIDADE) VALUES (84, 49, 'F-100', TO_DATE('05/08/2010','DD/MM/YYYY'), 3);

INSERT INTO VENDA (ID_VENDA, ID_PRODUTO, NUMERO_QUARTO, DATA, QUANTIDADE) VALUES (85, 59, 'Q-140', TO_DATE('05/08/2010','DD/MM/YYYY'), 3);

INSERT INTO VENDA (ID_VENDA, ID_PRODUTO, NUMERO_QUARTO, DATA, QUANTIDADE) VALUES (86, 93, 'Q-255', TO_DATE('05/08/2010','DD/MM/YYYY'), 2);

INSERT INTO VENDA (ID_VENDA, ID_PRODUTO, NUMERO_QUARTO, DATA, QUANTIDADE) VALUES (87, 7, '140-E', TO_DATE('05/08/2010','DD/MM/YYYY'), 1);

INSERT INTO VENDA (ID_VENDA, ID_PRODUTO, NUMERO_QUARTO, DATA, QUANTIDADE) VALUES (88, 83, '107-L', TO_DATE('05/08/2010','DD/MM/YYYY'), 5);

INSERT INTO VENDA (ID_VENDA, ID_PRODUTO, NUMERO_QUARTO, DATA, QUANTIDADE) VALUES (89, 40, 'Z-111', TO_DATE('05/08/2010','DD/MM/YYYY'), 5);

INSERT INTO VENDA (ID_VENDA, ID_PRODUTO, NUMERO_QUARTO, DATA, QUANTIDADE) VALUES (90, 43, '176-C', TO_DATE('05/08/2010','DD/MM/YYYY'), 5);

INSERT INTO VENDA (ID_VENDA, ID_PRODUTO, NUMERO_QUARTO, DATA, QUANTIDADE) VALUES (91, 23, 'Y-100', TO_DATE('05/08/2010','DD/MM/YYYY'), 2);

INSERT INTO VENDA (ID_VENDA, ID_PRODUTO, NUMERO_QUARTO, DATA, QUANTIDADE) VALUES (92, 28, '176-C', TO_DATE('05/08/2010','DD/MM/YYYY'), 2);

INSERT INTO VENDA (ID_VENDA, ID_PRODUTO, NUMERO_QUARTO, DATA, QUANTIDADE) VALUES (93, 40, 'T-227', TO_DATE('05/08/2010','DD/MM/YYYY'), 3);

INSERT INTO VENDA (ID_VENDA, ID_PRODUTO, NUMERO_QUARTO, DATA, QUANTIDADE) VALUES (94, 6, 'Z-111', TO_DATE('05/08/2010','DD/MM/YYYY'), 3);

INSERT INTO VENDA (ID_VENDA, ID_PRODUTO, NUMERO_QUARTO, DATA, QUANTIDADE) VALUES (95, 96, '154-W', TO_DATE('05/08/2010','DD/MM/YYYY'), 3);

INSERT INTO VENDA (ID_VENDA, ID_PRODUTO, NUMERO_QUARTO, DATA, QUANTIDADE) VALUES (96, 43, '256-V', TO_DATE('05/08/2010','DD/MM/YYYY'), 4);

INSERT INTO VENDA (ID_VENDA, ID_PRODUTO, NUMERO_QUARTO, DATA, QUANTIDADE) VALUES (97, 80, '127-F', TO_DATE('05/08/2010','DD/MM/YYYY'), 3);

INSERT INTO VENDA (ID_VENDA, ID_PRODUTO, NUMERO_QUARTO, DATA, QUANTIDADE) VALUES (98, 69, '176-C', TO_DATE('05/08/2010','DD/MM/YYYY'), 3);

INSERT INTO VENDA (ID_VENDA, ID_PRODUTO, NUMERO_QUARTO, DATA, QUANTIDADE) VALUES (99, 6, '248-P', TO_DATE('05/08/2010','DD/MM/YYYY'), 3);

INSERT INTO VENDA (ID_VENDA, ID_PRODUTO, NUMERO_QUARTO, DATA, QUANTIDADE) VALUES (100, 5, 'E-285', TO_DATE('05/08/2010','DD/MM/YYYY'), 1);

INSERT INTO VENDA (ID_VENDA, ID_PRODUTO, NUMERO_QUARTO, DATA, QUANTIDADE) VALUES (101, 33, '256-V', TO_DATE('05/08/2010','DD/MM/YYYY'), 1);

INSERT INTO VENDA (ID_VENDA, ID_PRODUTO, NUMERO_QUARTO, DATA, QUANTIDADE) VALUES (102, 96, 'K-292', TO_DATE('05/08/2010','DD/MM/YYYY'), 3);

INSERT INTO VENDA (ID_VENDA, ID_PRODUTO, NUMERO_QUARTO, DATA, QUANTIDADE) VALUES (103, 11, '248-P', TO_DATE('05/08/2010','DD/MM/YYYY'), 3);

INSERT INTO VENDA (ID_VENDA, ID_PRODUTO, NUMERO_QUARTO, DATA, QUANTIDADE) VALUES (104, 94, 'F-100', TO_DATE('05/08/2010','DD/MM/YYYY'), 4);

INSERT INTO VENDA (ID_VENDA, ID_PRODUTO, NUMERO_QUARTO, DATA, QUANTIDADE) VALUES (105, 31, 'E-285', TO_DATE('05/08/2010','DD/MM/YYYY'), 3);

INSERT INTO VENDA (ID_VENDA, ID_PRODUTO, NUMERO_QUARTO, DATA, QUANTIDADE) VALUES (106, 67, 'Z-111', TO_DATE('05/08/2010','DD/MM/YYYY'), 5);

INSERT INTO VENDA (ID_VENDA, ID_PRODUTO, NUMERO_QUARTO, DATA, QUANTIDADE) VALUES (107, 48, '173-P', TO_DATE('05/08/2010','DD/MM/YYYY'), 5);

INSERT INTO VENDA (ID_VENDA, ID_PRODUTO, NUMERO_QUARTO, DATA, QUANTIDADE) VALUES (108, 99, 'T-178', TO_DATE('05/08/2010','DD/MM/YYYY'), 5);

INSERT INTO VENDA (ID_VENDA, ID_PRODUTO, NUMERO_QUARTO, DATA, QUANTIDADE) VALUES (109, 70, 'Z-111', TO_DATE('05/08/2010','DD/MM/YYYY'), 4);

INSERT INTO VENDA (ID_VENDA, ID_PRODUTO, NUMERO_QUARTO, DATA, QUANTIDADE) VALUES (110, 51, 'E-116', TO_DATE('05/08/2010','DD/MM/YYYY'), 1);

INSERT INTO VENDA (ID_VENDA, ID_PRODUTO, NUMERO_QUARTO, DATA, QUANTIDADE) VALUES (111, 38, '173-P', TO_DATE('05/08/2010','DD/MM/YYYY'), 4);

INSERT INTO VENDA (ID_VENDA, ID_PRODUTO, NUMERO_QUARTO, DATA, QUANTIDADE) VALUES (112, 71, '256-V', TO_DATE('05/08/2010','DD/MM/YYYY'), 3);

INSERT INTO VENDA (ID_VENDA, ID_PRODUTO, NUMERO_QUARTO, DATA, QUANTIDADE) VALUES (113, 73, '278-L', TO_DATE('05/08/2010','DD/MM/YYYY'), 3);

INSERT INTO VENDA (ID_VENDA, ID_PRODUTO, NUMERO_QUARTO, DATA, QUANTIDADE) VALUES (114, 47, '248-P', TO_DATE('05/08/2010','DD/MM/YYYY'), 4);

INSERT INTO VENDA (ID_VENDA, ID_PRODUTO, NUMERO_QUARTO, DATA, QUANTIDADE) VALUES (115, 64, '127-F', TO_DATE('05/08/2010','DD/MM/YYYY'), 5);

INSERT INTO VENDA (ID_VENDA, ID_PRODUTO, NUMERO_QUARTO, DATA, QUANTIDADE) VALUES (116, 84, 'Z-104', TO_DATE('05/08/2010','DD/MM/YYYY'), 1);

INSERT INTO VENDA (ID_VENDA, ID_PRODUTO, NUMERO_QUARTO, DATA, QUANTIDADE) VALUES (117, 27, 'Y-100', TO_DATE('05/08/2010','DD/MM/YYYY'), 4);

INSERT INTO VENDA (ID_VENDA, ID_PRODUTO, NUMERO_QUARTO, DATA, QUANTIDADE) VALUES (118, 24, '109-Y', TO_DATE('05/08/2010','DD/MM/YYYY'), 4);

INSERT INTO VENDA (ID_VENDA, ID_PRODUTO, NUMERO_QUARTO, DATA, QUANTIDADE) VALUES (119, 74, 'X-104', TO_DATE('05/08/2010','DD/MM/YYYY'), 3);

INSERT INTO VENDA (ID_VENDA, ID_PRODUTO, NUMERO_QUARTO, DATA, QUANTIDADE) VALUES (120, 48, '163-R', TO_DATE('05/08/2010','DD/MM/YYYY'), 3);

INSERT INTO VENDA (ID_VENDA, ID_PRODUTO, NUMERO_QUARTO, DATA, QUANTIDADE) VALUES (121, 48, 'A-198', TO_DATE('05/08/2010','DD/MM/YYYY'), 2);

INSERT INTO VENDA (ID_VENDA, ID_PRODUTO, NUMERO_QUARTO, DATA, QUANTIDADE) VALUES (122, 29, 'Q-140', TO_DATE('05/08/2010','DD/MM/YYYY'), 2);

INSERT INTO VENDA (ID_VENDA, ID_PRODUTO, NUMERO_QUARTO, DATA, QUANTIDADE) VALUES (123, 49, 'Z-104', TO_DATE('05/08/2010','DD/MM/YYYY'), 5);

INSERT INTO VENDA (ID_VENDA, ID_PRODUTO, NUMERO_QUARTO, DATA, QUANTIDADE) VALUES (124, 3, 'Z-111', TO_DATE('05/08/2010','DD/MM/YYYY'), 3);

INSERT INTO VENDA (ID_VENDA, ID_PRODUTO, NUMERO_QUARTO, DATA, QUANTIDADE) VALUES (125, 76, 'K-292', TO_DATE('05/08/2010','DD/MM/YYYY'), 2);

INSERT INTO VENDA (ID_VENDA, ID_PRODUTO, NUMERO_QUARTO, DATA, QUANTIDADE) VALUES (126, 98, '263-T', TO_DATE('05/08/2010','DD/MM/YYYY'), 2);

INSERT INTO VENDA (ID_VENDA, ID_PRODUTO, NUMERO_QUARTO, DATA, QUANTIDADE) VALUES (127, 75, '140-W', TO_DATE('05/08/2010','DD/MM/YYYY'), 1);

INSERT INTO VENDA (ID_VENDA, ID_PRODUTO, NUMERO_QUARTO, DATA, QUANTIDADE) VALUES (128, 19, '163-R', TO_DATE('05/08/2010','DD/MM/YYYY'), 5);

INSERT INTO VENDA (ID_VENDA, ID_PRODUTO, NUMERO_QUARTO, DATA, QUANTIDADE) VALUES (129, 63, 'L-201', TO_DATE('05/08/2010','DD/MM/YYYY'), 1);

INSERT INTO VENDA (ID_VENDA, ID_PRODUTO, NUMERO_QUARTO, DATA, QUANTIDADE) VALUES (130, 50, 'Q-140', TO_DATE('05/08/2010','DD/MM/YYYY'), 5);

INSERT INTO VENDA (ID_VENDA, ID_PRODUTO, NUMERO_QUARTO, DATA, QUANTIDADE) VALUES (131, 72, 'Z-111', TO_DATE('05/08/2010','DD/MM/YYYY'), 2);

INSERT INTO VENDA (ID_VENDA, ID_PRODUTO, NUMERO_QUARTO, DATA, QUANTIDADE) VALUES (132, 41, '140-W', TO_DATE('05/08/2010','DD/MM/YYYY'), 2);

INSERT INTO VENDA (ID_VENDA, ID_PRODUTO, NUMERO_QUARTO, DATA, QUANTIDADE) VALUES (133, 78, 'T-178', TO_DATE('05/08/2010','DD/MM/YYYY'), 3);

INSERT INTO VENDA (ID_VENDA, ID_PRODUTO, NUMERO_QUARTO, DATA, QUANTIDADE) VALUES (134, 85, '163-R', TO_DATE('05/08/2010','DD/MM/YYYY'), 4);

INSERT INTO VENDA (ID_VENDA, ID_PRODUTO, NUMERO_QUARTO, DATA, QUANTIDADE) VALUES (135, 12, '127-F', TO_DATE('05/08/2010','DD/MM/YYYY'), 1);

INSERT INTO VENDA (ID_VENDA, ID_PRODUTO, NUMERO_QUARTO, DATA, QUANTIDADE) VALUES (136, 1, '173-P', TO_DATE('05/08/2010','DD/MM/YYYY'), 5);

INSERT INTO VENDA (ID_VENDA, ID_PRODUTO, NUMERO_QUARTO, DATA, QUANTIDADE) VALUES (137, 17, 'Y-100', TO_DATE('05/08/2010','DD/MM/YYYY'), 2);

INSERT INTO VENDA (ID_VENDA, ID_PRODUTO, NUMERO_QUARTO, DATA, QUANTIDADE) VALUES (138, 74, 'Y-100', TO_DATE('05/08/2010','DD/MM/YYYY'), 1);

INSERT INTO VENDA (ID_VENDA, ID_PRODUTO, NUMERO_QUARTO, DATA, QUANTIDADE) VALUES (139, 57, 'Z-104', TO_DATE('05/08/2010','DD/MM/YYYY'), 4);

INSERT INTO VENDA (ID_VENDA, ID_PRODUTO, NUMERO_QUARTO, DATA, QUANTIDADE) VALUES (140, 57, '278-L', TO_DATE('05/08/2010','DD/MM/YYYY'), 1);

INSERT INTO VENDA (ID_VENDA, ID_PRODUTO, NUMERO_QUARTO, DATA, QUANTIDADE) VALUES (141, 88, 'T-178', TO_DATE('05/08/2010','DD/MM/YYYY'), 4);

INSERT INTO VENDA (ID_VENDA, ID_PRODUTO, NUMERO_QUARTO, DATA, QUANTIDADE) VALUES (142, 10, 'E-116', TO_DATE('05/08/2010','DD/MM/YYYY'), 2);

INSERT INTO VENDA (ID_VENDA, ID_PRODUTO, NUMERO_QUARTO, DATA, QUANTIDADE) VALUES (143, 89, '107-L', TO_DATE('05/08/2010','DD/MM/YYYY'), 5);

INSERT INTO VENDA (ID_VENDA, ID_PRODUTO, NUMERO_QUARTO, DATA, QUANTIDADE) VALUES (144, 82, '176-C', TO_DATE('05/08/2010','DD/MM/YYYY'), 3);

INSERT INTO VENDA (ID_VENDA, ID_PRODUTO, NUMERO_QUARTO, DATA, QUANTIDADE) VALUES (145, 11, '248-P', TO_DATE('05/08/2010','DD/MM/YYYY'), 5);

INSERT INTO VENDA (ID_VENDA, ID_PRODUTO, NUMERO_QUARTO, DATA, QUANTIDADE) VALUES (146, 94, 'A-198', TO_DATE('05/08/2010','DD/MM/YYYY'), 3);

INSERT INTO VENDA (ID_VENDA, ID_PRODUTO, NUMERO_QUARTO, DATA, QUANTIDADE) VALUES (147, 23, '107-L', TO_DATE('05/08/2010','DD/MM/YYYY'), 4);

INSERT INTO VENDA (ID_VENDA, ID_PRODUTO, NUMERO_QUARTO, DATA, QUANTIDADE) VALUES (148, 31, '263-T', TO_DATE('05/08/2010','DD/MM/YYYY'), 3);

INSERT INTO VENDA (ID_VENDA, ID_PRODUTO, NUMERO_QUARTO, DATA, QUANTIDADE) VALUES (149, 76, '140-W', TO_DATE('05/08/2010','DD/MM/YYYY'), 1);

INSERT INTO VENDA (ID_VENDA, ID_PRODUTO, NUMERO_QUARTO, DATA, QUANTIDADE) VALUES (150, 5, '248-P', TO_DATE('05/08/2010','DD/MM/YYYY'), 2);

-----Manutenção------

INSERT INTO MANUTENCAO (ID_MANUTENCAO, CPF_FUNCIONARIO, NUMERO_QUARTO, DATA, TIPO_MANUTENCAO, OBSERVACAO) VALUES (1, '119.381.607-55', 'T-227', TO_DATE('05/07/2019','DD/MM/YYYY'), 'limpeza', 'Nenhuma');

INSERT INTO MANUTENCAO (ID_MANUTENCAO, CPF_FUNCIONARIO, NUMERO_QUARTO, DATA, TIPO_MANUTENCAO, OBSERVACAO) VALUES (2, '207.946.426-52', '176-C', TO_DATE('07/01/2015','DD/MM/YYYY'), 'conserto', 'Nenhuma');

INSERT INTO MANUTENCAO (ID_MANUTENCAO, CPF_FUNCIONARIO, NUMERO_QUARTO, DATA, TIPO_MANUTENCAO, OBSERVACAO) VALUES (3, '965.249.700-65', 'Z-104', TO_DATE('06/09/2016','DD/MM/YYYY'), 'conserto', 'Nenhuma');

INSERT INTO MANUTENCAO (ID_MANUTENCAO, CPF_FUNCIONARIO, NUMERO_QUARTO, DATA, TIPO_MANUTENCAO, OBSERVACAO) VALUES (4, '965.249.700-65', 'W-254', TO_DATE('03/02/2015','DD/MM/YYYY'), 'limpeza', 'Nenhuma');

INSERT INTO MANUTENCAO (ID_MANUTENCAO, CPF_FUNCIONARIO, NUMERO_QUARTO, DATA, TIPO_MANUTENCAO, OBSERVACAO) VALUES (5, '578.470.988-70', '278-L', TO_DATE('05/09/2015','DD/MM/YYYY'), 'limpeza', 'Uma bela e linda observação');

INSERT INTO MANUTENCAO (ID_MANUTENCAO, CPF_FUNCIONARIO, NUMERO_QUARTO, DATA, TIPO_MANUTENCAO, OBSERVACAO) VALUES (6, '207.946.426-52', '173-P', TO_DATE('03/02/2017','DD/MM/YYYY'), 'conserto', 'Nenhuma');

INSERT INTO MANUTENCAO (ID_MANUTENCAO, CPF_FUNCIONARIO, NUMERO_QUARTO, DATA, TIPO_MANUTENCAO, OBSERVACAO) VALUES (7, '578.470.988-70', 'Z-111', TO_DATE('01/04/2015','DD/MM/YYYY'), 'limpeza', 'Uma bela e linda observação');

INSERT INTO MANUTENCAO (ID_MANUTENCAO, CPF_FUNCIONARIO, NUMERO_QUARTO, DATA, TIPO_MANUTENCAO, OBSERVACAO) VALUES (8, '965.249.700-65', 'Q-255', TO_DATE('07/04/2016','DD/MM/YYYY'), 'conserto', 'Nenhuma');

INSERT INTO MANUTENCAO (ID_MANUTENCAO, CPF_FUNCIONARIO, NUMERO_QUARTO, DATA, TIPO_MANUTENCAO, OBSERVACAO) VALUES (9, '578.470.988-70', '107-L', TO_DATE('04/09/2017','DD/MM/YYYY'), 'conserto', 'Nenhuma');

INSERT INTO MANUTENCAO (ID_MANUTENCAO, CPF_FUNCIONARIO, NUMERO_QUARTO, DATA, TIPO_MANUTENCAO, OBSERVACAO) VALUES (10, '738.377.131-66', '248-P', TO_DATE('01/09/2017','DD/MM/YYYY'), 'limpeza', 'Uma bela e linda observação');

INSERT INTO MANUTENCAO (ID_MANUTENCAO, CPF_FUNCIONARIO, NUMERO_QUARTO, DATA, TIPO_MANUTENCAO, OBSERVACAO) VALUES (11, '119.381.607-55', '140-W', TO_DATE('09/02/2019','DD/MM/YYYY'), 'conserto', 'Nenhuma');

INSERT INTO MANUTENCAO (ID_MANUTENCAO, CPF_FUNCIONARIO, NUMERO_QUARTO, DATA, TIPO_MANUTENCAO, OBSERVACAO) VALUES (12, '119.381.607-55', '232-V', TO_DATE('04/06/2016','DD/MM/YYYY'), 'conserto', 'Nenhuma');

INSERT INTO MANUTENCAO (ID_MANUTENCAO, CPF_FUNCIONARIO, NUMERO_QUARTO, DATA, TIPO_MANUTENCAO, OBSERVACAO) VALUES (13, '980.736.767-89', 'L-201', TO_DATE('09/09/2018','DD/MM/YYYY'), 'limpeza', 'Nenhuma');

INSERT INTO MANUTENCAO (ID_MANUTENCAO, CPF_FUNCIONARIO, NUMERO_QUARTO, DATA, TIPO_MANUTENCAO, OBSERVACAO) VALUES (14, '379.664.409-62', '107-L', TO_DATE('07/01/2019','DD/MM/YYYY'), 'conserto', 'Nenhuma');

INSERT INTO MANUTENCAO (ID_MANUTENCAO, CPF_FUNCIONARIO, NUMERO_QUARTO, DATA, TIPO_MANUTENCAO, OBSERVACAO) VALUES (15, '521.196.860-81', '232-V', TO_DATE('02/09/2017','DD/MM/YYYY'), 'conserto', 'Nenhuma');

INSERT INTO MANUTENCAO (ID_MANUTENCAO, CPF_FUNCIONARIO, NUMERO_QUARTO, DATA, TIPO_MANUTENCAO, OBSERVACAO) VALUES (16, '578.470.988-70', 'Y-100', TO_DATE('05/02/2016','DD/MM/YYYY'), 'limpeza', 'Nenhuma');

INSERT INTO MANUTENCAO (ID_MANUTENCAO, CPF_FUNCIONARIO, NUMERO_QUARTO, DATA, TIPO_MANUTENCAO, OBSERVACAO) VALUES (17, '980.736.767-89', '278-L', TO_DATE('02/07/2017','DD/MM/YYYY'), 'limpeza', 'Nenhuma');

INSERT INTO MANUTENCAO (ID_MANUTENCAO, CPF_FUNCIONARIO, NUMERO_QUARTO, DATA, TIPO_MANUTENCAO, OBSERVACAO) VALUES (18, '965.249.700-65', '154-W', TO_DATE('03/05/2016','DD/MM/YYYY'), 'conserto', 'Nenhuma');

INSERT INTO MANUTENCAO (ID_MANUTENCAO, CPF_FUNCIONARIO, NUMERO_QUARTO, DATA, TIPO_MANUTENCAO, OBSERVACAO) VALUES (19, '379.664.409-62', '248-P', TO_DATE('06/03/2015','DD/MM/YYYY'), 'conserto', 'Nenhuma');

INSERT INTO MANUTENCAO (ID_MANUTENCAO, CPF_FUNCIONARIO, NUMERO_QUARTO, DATA, TIPO_MANUTENCAO, OBSERVACAO) VALUES (20, '521.196.860-81', '248-P', TO_DATE('03/04/2018','DD/MM/YYYY'), 'limpeza', 'Uma bela e linda observação');

INSERT INTO MANUTENCAO (ID_MANUTENCAO, CPF_FUNCIONARIO, NUMERO_QUARTO, DATA, TIPO_MANUTENCAO, OBSERVACAO) VALUES (21, '119.381.607-55', 'Z-111', TO_DATE('07/06/2019','DD/MM/YYYY'), 'limpeza', 'Uma bela e linda observação');

INSERT INTO MANUTENCAO (ID_MANUTENCAO, CPF_FUNCIONARIO, NUMERO_QUARTO, DATA, TIPO_MANUTENCAO, OBSERVACAO) VALUES (22, '839.942.717-46', 'A-198', TO_DATE('08/05/2016','DD/MM/YYYY'), 'limpeza', 'Nenhuma');

INSERT INTO MANUTENCAO (ID_MANUTENCAO, CPF_FUNCIONARIO, NUMERO_QUARTO, DATA, TIPO_MANUTENCAO, OBSERVACAO) VALUES (23, '379.664.409-62', 'T-178', TO_DATE('02/05/2016','DD/MM/YYYY'), 'conserto', 'Nenhuma');

INSERT INTO MANUTENCAO (ID_MANUTENCAO, CPF_FUNCIONARIO, NUMERO_QUARTO, DATA, TIPO_MANUTENCAO, OBSERVACAO) VALUES (24, '980.736.767-89', 'X-104', TO_DATE('03/01/2019','DD/MM/YYYY'), 'limpeza', 'Nenhuma');

INSERT INTO MANUTENCAO (ID_MANUTENCAO, CPF_FUNCIONARIO, NUMERO_QUARTO, DATA, TIPO_MANUTENCAO, OBSERVACAO) VALUES (25, '738.377.131-66', '163-R', TO_DATE('05/01/2015','DD/MM/YYYY'), 'limpeza', 'Uma bela e linda observação');

INSERT INTO MANUTENCAO (ID_MANUTENCAO, CPF_FUNCIONARIO, NUMERO_QUARTO, DATA, TIPO_MANUTENCAO, OBSERVACAO) VALUES (26, '980.736.767-89', '140-E', TO_DATE('02/02/2017','DD/MM/YYYY'), 'limpeza', 'Uma bela e linda observação');

INSERT INTO MANUTENCAO (ID_MANUTENCAO, CPF_FUNCIONARIO, NUMERO_QUARTO, DATA, TIPO_MANUTENCAO, OBSERVACAO) VALUES (27, '379.664.409-62', '127-F', TO_DATE('04/04/2018','DD/MM/YYYY'), 'conserto', 'Uma bela e linda observação');

INSERT INTO MANUTENCAO (ID_MANUTENCAO, CPF_FUNCIONARIO, NUMERO_QUARTO, DATA, TIPO_MANUTENCAO, OBSERVACAO) VALUES (28, '328.884.191-59', 'K-292', TO_DATE('06/04/2017','DD/MM/YYYY'), 'limpeza', 'Uma bela e linda observação');

INSERT INTO MANUTENCAO (ID_MANUTENCAO, CPF_FUNCIONARIO, NUMERO_QUARTO, DATA, TIPO_MANUTENCAO, OBSERVACAO) VALUES (29, '119.381.607-55', '278-L', TO_DATE('03/01/2015','DD/MM/YYYY'), 'limpeza', 'Nenhuma');

INSERT INTO MANUTENCAO (ID_MANUTENCAO, CPF_FUNCIONARIO, NUMERO_QUARTO, DATA, TIPO_MANUTENCAO, OBSERVACAO) VALUES (30, '578.470.988-70', '173-P', TO_DATE('06/06/2015','DD/MM/YYYY'), 'limpeza', 'Uma bela e linda observação');

INSERT INTO MANUTENCAO (ID_MANUTENCAO, CPF_FUNCIONARIO, NUMERO_QUARTO, DATA, TIPO_MANUTENCAO, OBSERVACAO) VALUES (31, '980.736.767-89', '232-V', TO_DATE('08/02/2018','DD/MM/YYYY'), 'conserto', 'Nenhuma');

INSERT INTO MANUTENCAO (ID_MANUTENCAO, CPF_FUNCIONARIO, NUMERO_QUARTO, DATA, TIPO_MANUTENCAO, OBSERVACAO) VALUES (32, '521.196.860-81', 'L-201', TO_DATE('01/02/2017','DD/MM/YYYY'), 'limpeza', 'Nenhuma');

INSERT INTO MANUTENCAO (ID_MANUTENCAO, CPF_FUNCIONARIO, NUMERO_QUARTO, DATA, TIPO_MANUTENCAO, OBSERVACAO) VALUES (33, '328.884.191-59', '173-P', TO_DATE('07/03/2016','DD/MM/YYYY'), 'limpeza', 'Uma bela e linda observação');

INSERT INTO MANUTENCAO (ID_MANUTENCAO, CPF_FUNCIONARIO, NUMERO_QUARTO, DATA, TIPO_MANUTENCAO, OBSERVACAO) VALUES (34, '328.884.191-59', '232-V', TO_DATE('05/09/2017','DD/MM/YYYY'), 'limpeza', 'Uma bela e linda observação');

INSERT INTO MANUTENCAO (ID_MANUTENCAO, CPF_FUNCIONARIO, NUMERO_QUARTO, DATA, TIPO_MANUTENCAO, OBSERVACAO) VALUES (35, '980.736.767-89', 'A-198', TO_DATE('06/01/2019','DD/MM/YYYY'), 'limpeza', 'Uma bela e linda observação');

INSERT INTO MANUTENCAO (ID_MANUTENCAO, CPF_FUNCIONARIO, NUMERO_QUARTO, DATA, TIPO_MANUTENCAO, OBSERVACAO) VALUES (36, '839.942.717-46', '109-Y', TO_DATE('09/01/2018','DD/MM/YYYY'), 'limpeza', 'Nenhuma');

INSERT INTO MANUTENCAO (ID_MANUTENCAO, CPF_FUNCIONARIO, NUMERO_QUARTO, DATA, TIPO_MANUTENCAO, OBSERVACAO) VALUES (37, '328.884.191-59', 'E-116', TO_DATE('04/09/2017','DD/MM/YYYY'), 'conserto', 'Nenhuma');

INSERT INTO MANUTENCAO (ID_MANUTENCAO, CPF_FUNCIONARIO, NUMERO_QUARTO, DATA, TIPO_MANUTENCAO, OBSERVACAO) VALUES (38, '578.470.988-70', '248-P', TO_DATE('03/06/2015','DD/MM/YYYY'), 'limpeza', 'Nenhuma');

INSERT INTO MANUTENCAO (ID_MANUTENCAO, CPF_FUNCIONARIO, NUMERO_QUARTO, DATA, TIPO_MANUTENCAO, OBSERVACAO) VALUES (39, '738.377.131-66', '127-F', TO_DATE('05/04/2018','DD/MM/YYYY'), 'conserto', 'Uma bela e linda observação');

INSERT INTO MANUTENCAO (ID_MANUTENCAO, CPF_FUNCIONARIO, NUMERO_QUARTO, DATA, TIPO_MANUTENCAO, OBSERVACAO) VALUES (40, '379.664.409-62', '127-F', TO_DATE('01/07/2017','DD/MM/YYYY'), 'limpeza', 'Nenhuma');

INSERT INTO MANUTENCAO (ID_MANUTENCAO, CPF_FUNCIONARIO, NUMERO_QUARTO, DATA, TIPO_MANUTENCAO, OBSERVACAO) VALUES (41, '521.196.860-81', 'E-116', TO_DATE('03/03/2018','DD/MM/YYYY'), 'limpeza', 'Uma bela e linda observação');

INSERT INTO MANUTENCAO (ID_MANUTENCAO, CPF_FUNCIONARIO, NUMERO_QUARTO, DATA, TIPO_MANUTENCAO, OBSERVACAO) VALUES (42, '119.381.607-55', '263-T', TO_DATE('02/07/2015','DD/MM/YYYY'), 'conserto', 'Uma bela e linda observação');

INSERT INTO MANUTENCAO (ID_MANUTENCAO, CPF_FUNCIONARIO, NUMERO_QUARTO, DATA, TIPO_MANUTENCAO, OBSERVACAO) VALUES (43, '578.470.988-70', '163-R', TO_DATE('04/01/2018','DD/MM/YYYY'), 'conserto', 'Uma bela e linda observação');

INSERT INTO MANUTENCAO (ID_MANUTENCAO, CPF_FUNCIONARIO, NUMERO_QUARTO, DATA, TIPO_MANUTENCAO, OBSERVACAO) VALUES (44, '965.249.700-65', '163-R', TO_DATE('05/09/2016','DD/MM/YYYY'), 'conserto', 'Nenhuma');

INSERT INTO MANUTENCAO (ID_MANUTENCAO, CPF_FUNCIONARIO, NUMERO_QUARTO, DATA, TIPO_MANUTENCAO, OBSERVACAO) VALUES (45, '521.196.860-81', 'Q-255', TO_DATE('04/06/2017','DD/MM/YYYY'), 'conserto', 'Uma bela e linda observação');

INSERT INTO MANUTENCAO (ID_MANUTENCAO, CPF_FUNCIONARIO, NUMERO_QUARTO, DATA, TIPO_MANUTENCAO, OBSERVACAO) VALUES (46, '738.377.131-66', 'Q-140', TO_DATE('05/07/2019','DD/MM/YYYY'), 'limpeza', 'Uma bela e linda observação');

INSERT INTO MANUTENCAO (ID_MANUTENCAO, CPF_FUNCIONARIO, NUMERO_QUARTO, DATA, TIPO_MANUTENCAO, OBSERVACAO) VALUES (47, '207.946.426-52', 'W-254', TO_DATE('04/01/2018','DD/MM/YYYY'), 'limpeza', 'Nenhuma');

INSERT INTO MANUTENCAO (ID_MANUTENCAO, CPF_FUNCIONARIO, NUMERO_QUARTO, DATA, TIPO_MANUTENCAO, OBSERVACAO) VALUES (48, '379.664.409-62', '140-W', TO_DATE('01/04/2017','DD/MM/YYYY'), 'conserto', 'Uma bela e linda observação');

INSERT INTO MANUTENCAO (ID_MANUTENCAO, CPF_FUNCIONARIO, NUMERO_QUARTO, DATA, TIPO_MANUTENCAO, OBSERVACAO) VALUES (49, '578.470.988-70', 'K-292', TO_DATE('01/07/2015','DD/MM/YYYY'), 'conserto', 'Nenhuma');

INSERT INTO MANUTENCAO (ID_MANUTENCAO, CPF_FUNCIONARIO, NUMERO_QUARTO, DATA, TIPO_MANUTENCAO, OBSERVACAO) VALUES (50, '207.946.426-52', 'T-178', TO_DATE('05/04/2015','DD/MM/YYYY'), 'conserto', 'Uma bela e linda observação');

