-----Clientes-----

INSERT INTO CLIENTE (CPF, EMAIL, NOME, ENDERECO, SEXO, DATA_NASC) VALUES ('223.550.299-60','cliente00@gmail.com', 'cliente 00', 'Rua 1248', 'feminino', TO_DATE('03/03/1991','DD/MM/YYYY'));

INSERT INTO CLIENTE (CPF, EMAIL, NOME, ENDERECO, SEXO, DATA_NASC) VALUES ('869.845.545-56','cliente01@gmail.com', 'cliente 01', 'Rua 1236', 'masculino', TO_DATE('03/09/1935','DD/MM/YYYY'));

INSERT INTO CLIENTE (CPF, EMAIL, NOME, ENDERECO, SEXO, DATA_NASC) VALUES ('711.459.355-90','cliente02@gmail.com', 'cliente 02', 'Rua 1251', 'feminino', TO_DATE('07/05/1998','DD/MM/YYYY'));

INSERT INTO CLIENTE (CPF, EMAIL, NOME, ENDERECO, SEXO, DATA_NASC) VALUES ('725.310.758-86','cliente03@gmail.com', 'cliente 03', 'Rua 1161', 'masculino', TO_DATE('09/06/1947','DD/MM/YYYY'));

INSERT INTO CLIENTE (CPF, EMAIL, NOME, ENDERECO, SEXO, DATA_NASC) VALUES ('270.754.431-45','cliente04@gmail.com', 'cliente 04', 'Rua 1136', 'feminino', TO_DATE('06/01/1983','DD/MM/YYYY'));

INSERT INTO CLIENTE (CPF, EMAIL, NOME, ENDERECO, SEXO, DATA_NASC) VALUES ('267.906.358-84','cliente05@gmail.com', 'cliente 05', 'Rua 1391', 'masculino', TO_DATE('09/01/1991','DD/MM/YYYY'));

INSERT INTO CLIENTE (CPF, EMAIL, NOME, ENDERECO, SEXO, DATA_NASC) VALUES ('645.448.435-40','cliente06@gmail.com', 'cliente 06', 'Rua 1086', 'feminino', TO_DATE('04/02/1996','DD/MM/YYYY'));

INSERT INTO CLIENTE (CPF, EMAIL, NOME, ENDERECO, SEXO, DATA_NASC) VALUES ('612.757.181-17','cliente07@gmail.com', 'cliente 07', 'Rua 1112', 'masculino', TO_DATE('04/03/1963','DD/MM/YYYY'));

INSERT INTO CLIENTE (CPF, EMAIL, NOME, ENDERECO, SEXO, DATA_NASC) VALUES ('486.813.870-29','cliente08@gmail.com', 'cliente 08', 'Rua 1309', 'feminino', TO_DATE('08/09/1969','DD/MM/YYYY'));

INSERT INTO CLIENTE (CPF, EMAIL, NOME, ENDERECO, SEXO, DATA_NASC) VALUES ('158.712.809-81','cliente09@gmail.com', 'cliente 09', 'Rua 1049', 'masculino', TO_DATE('09/09/1994','DD/MM/YYYY'));

INSERT INTO CLIENTE (CPF, EMAIL, NOME, ENDERECO, SEXO, DATA_NASC) VALUES ('147.740.892-78','cliente010@gmail.com', 'cliente 010', 'Rua 1239', 'feminino', TO_DATE('05/09/1918','DD/MM/YYYY'));

INSERT INTO CLIENTE (CPF, EMAIL, NOME, ENDERECO, SEXO, DATA_NASC) VALUES ('592.736.193-34','cliente011@gmail.com', 'cliente 011', 'Rua 1762', 'masculino', TO_DATE('03/06/1955','DD/MM/YYYY'));

INSERT INTO CLIENTE (CPF, EMAIL, NOME, ENDERECO, SEXO, DATA_NASC) VALUES ('279.909.885-25','cliente012@gmail.com', 'cliente 012', 'Rua 1683', 'feminino', TO_DATE('01/04/1971','DD/MM/YYYY'));

INSERT INTO CLIENTE (CPF, EMAIL, NOME, ENDERECO, SEXO, DATA_NASC) VALUES ('927.148.781-61','cliente013@gmail.com', 'cliente 013', 'Rua 1776', 'masculino', TO_DATE('05/08/1930','DD/MM/YYYY'));

INSERT INTO CLIENTE (CPF, EMAIL, NOME, ENDERECO, SEXO, DATA_NASC) VALUES ('583.636.990-96','cliente014@gmail.com', 'cliente 014', 'Rua 1564', 'feminino', TO_DATE('03/01/1911','DD/MM/YYYY'));

INSERT INTO CLIENTE (CPF, EMAIL, NOME, ENDERECO, SEXO, DATA_NASC) VALUES ('830.259.628-48','cliente015@gmail.com', 'cliente 015', 'Rua 1464', 'masculino', TO_DATE('02/07/1920','DD/MM/YYYY'));

INSERT INTO CLIENTE (CPF, EMAIL, NOME, ENDERECO, SEXO, DATA_NASC) VALUES ('818.944.746-94','cliente016@gmail.com', 'cliente 016', 'Rua 1936', 'feminino', TO_DATE('06/08/1912','DD/MM/YYYY'));

INSERT INTO CLIENTE (CPF, EMAIL, NOME, ENDERECO, SEXO, DATA_NASC) VALUES ('956.916.902-29','cliente017@gmail.com', 'cliente 017', 'Rua 1948', 'masculino', TO_DATE('01/03/1919','DD/MM/YYYY'));

INSERT INTO CLIENTE (CPF, EMAIL, NOME, ENDERECO, SEXO, DATA_NASC) VALUES ('245.917.389-26','cliente018@gmail.com', 'cliente 018', 'Rua 1505', 'feminino', TO_DATE('04/03/1942','DD/MM/YYYY'));

INSERT INTO CLIENTE (CPF, EMAIL, NOME, ENDERECO, SEXO, DATA_NASC) VALUES ('757.638.862-23','cliente019@gmail.com', 'cliente 019', 'Rua 1248', 'masculino', TO_DATE('08/08/2006','DD/MM/YYYY'));

-----Dependentes------

INSERT INTO DEPENDENTE (CPF, DATA_NASC, NOME, CPF_CLIENTE) VALUES ('986.482.901-43', TO_DATE('02/05/1943','DD/MM/YYYY'),'dependente 01', '223.550.299-60');

INSERT INTO DEPENDENTE (CPF, DATA_NASC, NOME, CPF_CLIENTE) VALUES ('753.293.946-71', TO_DATE('05/03/1953','DD/MM/YYYY'),'dependente 02', '223.550.299-60');

INSERT INTO DEPENDENTE (CPF, DATA_NASC, NOME, CPF_CLIENTE) VALUES ('406.928.308-64', TO_DATE('03/05/2010','DD/MM/YYYY'),'dependente 03', '869.845.545-56');

INSERT INTO DEPENDENTE (CPF, DATA_NASC, NOME, CPF_CLIENTE) VALUES ('810.696.559-98', TO_DATE('08/07/1944','DD/MM/YYYY'),'dependente 04', '869.845.545-56');

INSERT INTO DEPENDENTE (CPF, DATA_NASC, NOME, CPF_CLIENTE) VALUES ('783.582.993-67', TO_DATE('04/05/1939','DD/MM/YYYY'),'dependente 05', '711.459.355-90');

INSERT INTO DEPENDENTE (CPF, DATA_NASC, NOME, CPF_CLIENTE) VALUES ('903.378.323-42', TO_DATE('01/09/1935','DD/MM/YYYY'),'dependente 06', '711.459.355-90');

INSERT INTO DEPENDENTE (CPF, DATA_NASC, NOME, CPF_CLIENTE) VALUES ('797.457.903-99', TO_DATE('06/09/1929','DD/MM/YYYY'),'dependente 07', '725.310.758-86');

INSERT INTO DEPENDENTE (CPF, DATA_NASC, NOME, CPF_CLIENTE) VALUES ('713.715.866-94', TO_DATE('08/05/1995','DD/MM/YYYY'),'dependente 08', '725.310.758-86');

INSERT INTO DEPENDENTE (CPF, DATA_NASC, NOME, CPF_CLIENTE) VALUES ('196.469.496-72', TO_DATE('06/02/1963','DD/MM/YYYY'),'dependente 09', '725.310.758-86');

INSERT INTO DEPENDENTE (CPF, DATA_NASC, NOME, CPF_CLIENTE) VALUES ('112.931.517-21', TO_DATE('06/07/1984','DD/MM/YYYY'),'dependente 010', '725.310.758-86');

INSERT INTO DEPENDENTE (CPF, DATA_NASC, NOME, CPF_CLIENTE) VALUES ('397.371.872-91', TO_DATE('07/04/1912','DD/MM/YYYY'),'dependente 011', '270.754.431-45');

INSERT INTO DEPENDENTE (CPF, DATA_NASC, NOME, CPF_CLIENTE) VALUES ('289.409.297-44', TO_DATE('07/06/2006','DD/MM/YYYY'),'dependente 012', '270.754.431-45');

INSERT INTO DEPENDENTE (CPF, DATA_NASC, NOME, CPF_CLIENTE) VALUES ('267.712.712-41', TO_DATE('03/05/1983','DD/MM/YYYY'),'dependente 013', '270.754.431-45');

INSERT INTO DEPENDENTE (CPF, DATA_NASC, NOME, CPF_CLIENTE) VALUES ('919.914.387-31', TO_DATE('04/02/2004','DD/MM/YYYY'),'dependente 014', '267.906.358-84');

INSERT INTO DEPENDENTE (CPF, DATA_NASC, NOME, CPF_CLIENTE) VALUES ('784.526.530-25', TO_DATE('04/05/1996','DD/MM/YYYY'),'dependente 015', '267.906.358-84');

INSERT INTO DEPENDENTE (CPF, DATA_NASC, NOME, CPF_CLIENTE) VALUES ('167.244.393-15', TO_DATE('04/04/1936','DD/MM/YYYY'),'dependente 016', '645.448.435-40');

INSERT INTO DEPENDENTE (CPF, DATA_NASC, NOME, CPF_CLIENTE) VALUES ('981.974.185-19', TO_DATE('01/09/1940','DD/MM/YYYY'),'dependente 017', '645.448.435-40');

INSERT INTO DEPENDENTE (CPF, DATA_NASC, NOME, CPF_CLIENTE) VALUES ('507.425.619-25', TO_DATE('06/06/1910','DD/MM/YYYY'),'dependente 018', '612.757.181-17');

INSERT INTO DEPENDENTE (CPF, DATA_NASC, NOME, CPF_CLIENTE) VALUES ('954.590.561-28', TO_DATE('04/01/1995','DD/MM/YYYY'),'dependente 019', '612.757.181-17');

INSERT INTO DEPENDENTE (CPF, DATA_NASC, NOME, CPF_CLIENTE) VALUES ('992.392.449-89', TO_DATE('07/06/1934','DD/MM/YYYY'),'dependente 020', '486.813.870-29');

INSERT INTO DEPENDENTE (CPF, DATA_NASC, NOME, CPF_CLIENTE) VALUES ('283.808.387-18', TO_DATE('03/02/2016','DD/MM/YYYY'),'dependente 021', '486.813.870-29');

INSERT INTO DEPENDENTE (CPF, DATA_NASC, NOME, CPF_CLIENTE) VALUES ('728.609.694-48', TO_DATE('08/08/1944','DD/MM/YYYY'),'dependente 022', '486.813.870-29');

INSERT INTO DEPENDENTE (CPF, DATA_NASC, NOME, CPF_CLIENTE) VALUES ('866.171.439-29', TO_DATE('07/09/1976','DD/MM/YYYY'),'dependente 023', '158.712.809-81');

INSERT INTO DEPENDENTE (CPF, DATA_NASC, NOME, CPF_CLIENTE) VALUES ('848.412.936-56', TO_DATE('06/06/2003','DD/MM/YYYY'),'dependente 024', '158.712.809-81');

INSERT INTO DEPENDENTE (CPF, DATA_NASC, NOME, CPF_CLIENTE) VALUES ('726.634.205-16', TO_DATE('06/08/1962','DD/MM/YYYY'),'dependente 025', '158.712.809-81');

INSERT INTO DEPENDENTE (CPF, DATA_NASC, NOME, CPF_CLIENTE) VALUES ('686.766.587-48', TO_DATE('09/09/1965','DD/MM/YYYY'),'dependente 026', '147.740.892-78');

INSERT INTO DEPENDENTE (CPF, DATA_NASC, NOME, CPF_CLIENTE) VALUES ('210.692.927-73', TO_DATE('06/07/1925','DD/MM/YYYY'),'dependente 027', '147.740.892-78');

INSERT INTO DEPENDENTE (CPF, DATA_NASC, NOME, CPF_CLIENTE) VALUES ('386.786.313-95', TO_DATE('08/08/2007','DD/MM/YYYY'),'dependente 028', '147.740.892-78');

INSERT INTO DEPENDENTE (CPF, DATA_NASC, NOME, CPF_CLIENTE) VALUES ('433.446.823-67', TO_DATE('04/01/2000','DD/MM/YYYY'),'dependente 029', '592.736.193-34');

INSERT INTO DEPENDENTE (CPF, DATA_NASC, NOME, CPF_CLIENTE) VALUES ('554.116.372-76', TO_DATE('04/07/1925','DD/MM/YYYY'),'dependente 030', '592.736.193-34');

INSERT INTO DEPENDENTE (CPF, DATA_NASC, NOME, CPF_CLIENTE) VALUES ('277.581.638-61', TO_DATE('01/03/2017','DD/MM/YYYY'),'dependente 031', '592.736.193-34');

INSERT INTO DEPENDENTE (CPF, DATA_NASC, NOME, CPF_CLIENTE) VALUES ('577.149.362-77', TO_DATE('08/01/1964','DD/MM/YYYY'),'dependente 032', '592.736.193-34');

INSERT INTO DEPENDENTE (CPF, DATA_NASC, NOME, CPF_CLIENTE) VALUES ('271.712.478-32', TO_DATE('08/03/1910','DD/MM/YYYY'),'dependente 033', '279.909.885-25');

INSERT INTO DEPENDENTE (CPF, DATA_NASC, NOME, CPF_CLIENTE) VALUES ('792.826.317-48', TO_DATE('09/07/1957','DD/MM/YYYY'),'dependente 034', '279.909.885-25');

INSERT INTO DEPENDENTE (CPF, DATA_NASC, NOME, CPF_CLIENTE) VALUES ('643.407.727-73', TO_DATE('06/08/2005','DD/MM/YYYY'),'dependente 035', '279.909.885-25');

INSERT INTO DEPENDENTE (CPF, DATA_NASC, NOME, CPF_CLIENTE) VALUES ('365.326.768-60', TO_DATE('04/08/1967','DD/MM/YYYY'),'dependente 036', '279.909.885-25');

INSERT INTO DEPENDENTE (CPF, DATA_NASC, NOME, CPF_CLIENTE) VALUES ('793.252.935-51', TO_DATE('07/08/2013','DD/MM/YYYY'),'dependente 037', '927.148.781-61');

INSERT INTO DEPENDENTE (CPF, DATA_NASC, NOME, CPF_CLIENTE) VALUES ('739.421.626-11', TO_DATE('02/06/1999','DD/MM/YYYY'),'dependente 038', '583.636.990-96');

INSERT INTO DEPENDENTE (CPF, DATA_NASC, NOME, CPF_CLIENTE) VALUES ('513.451.594-53', TO_DATE('01/06/1958','DD/MM/YYYY'),'dependente 039', '583.636.990-96');

INSERT INTO DEPENDENTE (CPF, DATA_NASC, NOME, CPF_CLIENTE) VALUES ('275.616.672-59', TO_DATE('07/09/1942','DD/MM/YYYY'),'dependente 040', '830.259.628-48');

INSERT INTO DEPENDENTE (CPF, DATA_NASC, NOME, CPF_CLIENTE) VALUES ('658.667.228-69', TO_DATE('07/01/2004','DD/MM/YYYY'),'dependente 041', '830.259.628-48');

INSERT INTO DEPENDENTE (CPF, DATA_NASC, NOME, CPF_CLIENTE) VALUES ('562.302.426-56', TO_DATE('01/03/2007','DD/MM/YYYY'),'dependente 042', '830.259.628-48');

INSERT INTO DEPENDENTE (CPF, DATA_NASC, NOME, CPF_CLIENTE) VALUES ('382.489.959-75', TO_DATE('08/06/1919','DD/MM/YYYY'),'dependente 043', '818.944.746-94');

INSERT INTO DEPENDENTE (CPF, DATA_NASC, NOME, CPF_CLIENTE) VALUES ('656.391.137-92', TO_DATE('04/06/1951','DD/MM/YYYY'),'dependente 044', '956.916.902-29');

INSERT INTO DEPENDENTE (CPF, DATA_NASC, NOME, CPF_CLIENTE) VALUES ('423.486.653-59', TO_DATE('03/07/1956','DD/MM/YYYY'),'dependente 045', '956.916.902-29');

INSERT INTO DEPENDENTE (CPF, DATA_NASC, NOME, CPF_CLIENTE) VALUES ('764.577.418-32', TO_DATE('07/07/1986','DD/MM/YYYY'),'dependente 046', '245.917.389-26');

INSERT INTO DEPENDENTE (CPF, DATA_NASC, NOME, CPF_CLIENTE) VALUES ('583.395.869-29', TO_DATE('02/05/1912','DD/MM/YYYY'),'dependente 047', '245.917.389-26');

INSERT INTO DEPENDENTE (CPF, DATA_NASC, NOME, CPF_CLIENTE) VALUES ('499.776.181-42', TO_DATE('09/06/2013','DD/MM/YYYY'),'dependente 048', '757.638.862-23');

INSERT INTO DEPENDENTE (CPF, DATA_NASC, NOME, CPF_CLIENTE) VALUES ('817.692.406-26', TO_DATE('04/06/1950','DD/MM/YYYY'),'dependente 049', '757.638.862-23');

INSERT INTO DEPENDENTE (CPF, DATA_NASC, NOME, CPF_CLIENTE) VALUES ('490.262.601-70', TO_DATE('06/06/1925','DD/MM/YYYY'),'dependente 050', '757.638.862-23');

-----Avaliação------

INSERT INTO AVALIACAO (ID, NOTA, DATA, COMENTARIO, CPF_CLIENTE) VALUES (1, 7, TO_DATE('08/09/2019','DD/MM/YYYY'), 'Bom','223.550.299-60');

INSERT INTO AVALIACAO (ID, NOTA, DATA, COMENTARIO, CPF_CLIENTE) VALUES (3, 10, TO_DATE('01/07/2019','DD/MM/YYYY'), 'Bom','711.459.355-90');

INSERT INTO AVALIACAO (ID, NOTA, DATA, COMENTARIO, CPF_CLIENTE) VALUES (5, 1, TO_DATE('06/07/2019','DD/MM/YYYY'), 'Neutro','270.754.431-45');

INSERT INTO AVALIACAO (ID, NOTA, DATA, COMENTARIO, CPF_CLIENTE) VALUES (7, 4, TO_DATE('04/05/2019','DD/MM/YYYY'), 'Muito Bom','645.448.435-40');

INSERT INTO AVALIACAO (ID, NOTA, DATA, COMENTARIO, CPF_CLIENTE) VALUES (9, 6, TO_DATE('06/04/2019','DD/MM/YYYY'), 'Top','486.813.870-29');

INSERT INTO AVALIACAO (ID, NOTA, DATA, COMENTARIO, CPF_CLIENTE) VALUES (11, 5, TO_DATE('07/06/2019','DD/MM/YYYY'), 'Muito Bom','147.740.892-78');

INSERT INTO AVALIACAO (ID, NOTA, DATA, COMENTARIO, CPF_CLIENTE) VALUES (13, 10, TO_DATE('08/02/2019','DD/MM/YYYY'), 'Péssimo','279.909.885-25');

INSERT INTO AVALIACAO (ID, NOTA, DATA, COMENTARIO, CPF_CLIENTE) VALUES (15, 2, TO_DATE('09/01/2019','DD/MM/YYYY'), 'Top','583.636.990-96');

INSERT INTO AVALIACAO (ID, NOTA, DATA, COMENTARIO, CPF_CLIENTE) VALUES (17, 10, TO_DATE('05/02/2019','DD/MM/YYYY'), 'Ok','818.944.746-94');

INSERT INTO AVALIACAO (ID, NOTA, DATA, COMENTARIO, CPF_CLIENTE) VALUES (19, 3, TO_DATE('07/06/2019','DD/MM/YYYY'), 'Bom','245.917.389-26');

-----Funcionários-----

INSERT INTO FUNCIONARIO (CPF, NOME, DATA_NASC, SALARIO, FUNCAO) VALUES ('276.429.511-99','funcionario 00', TO_DATE('05/06/1956','DD/MM/YYYY'), 1060.00,'camareiro');

INSERT INTO FUNCIONARIO (CPF, NOME, DATA_NASC, SALARIO, FUNCAO) VALUES ('731.670.893-11','funcionario 01', TO_DATE('01/04/1948','DD/MM/YYYY'), 1112.00,'técnico');

INSERT INTO FUNCIONARIO (CPF, NOME, DATA_NASC, SALARIO, FUNCAO) VALUES ('184.878.554-47','funcionario 02', TO_DATE('01/07/2007','DD/MM/YYYY'), 1167.00,'camareiro');

INSERT INTO FUNCIONARIO (CPF, NOME, DATA_NASC, SALARIO, FUNCAO) VALUES ('563.363.587-92','funcionario 03', TO_DATE('09/03/1958','DD/MM/YYYY'), 1333.00,'técnico');

INSERT INTO FUNCIONARIO (CPF, NOME, DATA_NASC, SALARIO, FUNCAO) VALUES ('500.625.729-52','funcionario 04', TO_DATE('06/08/1972','DD/MM/YYYY'), 1482.00,'camareiro');

INSERT INTO FUNCIONARIO (CPF, NOME, DATA_NASC, SALARIO, FUNCAO) VALUES ('336.363.215-69','funcionario 05', TO_DATE('01/08/1920','DD/MM/YYYY'), 1192.00,'técnico');

INSERT INTO FUNCIONARIO (CPF, NOME, DATA_NASC, SALARIO, FUNCAO) VALUES ('638.753.198-73','funcionario 06', TO_DATE('03/09/1949','DD/MM/YYYY'), 1428.00,'camareiro');

INSERT INTO FUNCIONARIO (CPF, NOME, DATA_NASC, SALARIO, FUNCAO) VALUES ('977.474.533-13','funcionario 07', TO_DATE('06/05/1937','DD/MM/YYYY'), 1254.00,'técnico');

INSERT INTO FUNCIONARIO (CPF, NOME, DATA_NASC, SALARIO, FUNCAO) VALUES ('191.386.789-65','funcionario 08', TO_DATE('09/03/1910','DD/MM/YYYY'), 1458.00,'camareiro');

INSERT INTO FUNCIONARIO (CPF, NOME, DATA_NASC, SALARIO, FUNCAO) VALUES ('519.630.739-42','funcionario 09', TO_DATE('04/03/1935','DD/MM/YYYY'), 1048.00,'técnico');

-----Quarto------

INSERT INTO QUARTO (NUMERO, TIPO, VISTA, VALOR_DIARIA) VALUES ('282-S', 'duplo casal', 'frontal', 107.00);

INSERT INTO QUARTO (NUMERO, TIPO, VISTA, VALOR_DIARIA) VALUES ('F-194', 'simples', 'lateral', 288.00);

INSERT INTO QUARTO (NUMERO, TIPO, VISTA, VALOR_DIARIA) VALUES ('299-X', 'duplo twin', 'frontal', 242.00);

INSERT INTO QUARTO (NUMERO, TIPO, VISTA, VALOR_DIARIA) VALUES ('R-232', 'triplo', 'lateral', 287.00);

INSERT INTO QUARTO (NUMERO, TIPO, VISTA, VALOR_DIARIA) VALUES ('263-I', 'triplo', 'frontal', 165.00);

INSERT INTO QUARTO (NUMERO, TIPO, VISTA, VALOR_DIARIA) VALUES ('J-189', 'duplo casal', 'lateral', 148.00);

INSERT INTO QUARTO (NUMERO, TIPO, VISTA, VALOR_DIARIA) VALUES ('184-Q', 'triplo', 'frontal', 249.00);

INSERT INTO QUARTO (NUMERO, TIPO, VISTA, VALOR_DIARIA) VALUES ('B-183', 'duplo twin', 'lateral', 249.00);

INSERT INTO QUARTO (NUMERO, TIPO, VISTA, VALOR_DIARIA) VALUES ('124-E', 'duplo casal', 'frontal', 218.00);

INSERT INTO QUARTO (NUMERO, TIPO, VISTA, VALOR_DIARIA) VALUES ('H-228', 'simples', 'lateral', 280.00);

INSERT INTO QUARTO (NUMERO, TIPO, VISTA, VALOR_DIARIA) VALUES ('224-A', 'triplo', 'frontal', 180.00);

INSERT INTO QUARTO (NUMERO, TIPO, VISTA, VALOR_DIARIA) VALUES ('S-232', 'triplo', 'lateral', 108.00);

INSERT INTO QUARTO (NUMERO, TIPO, VISTA, VALOR_DIARIA) VALUES ('206-W', 'triplo', 'frontal', 149.00);

INSERT INTO QUARTO (NUMERO, TIPO, VISTA, VALOR_DIARIA) VALUES ('Z-203', 'simples', 'lateral', 114.00);

INSERT INTO QUARTO (NUMERO, TIPO, VISTA, VALOR_DIARIA) VALUES ('210-E', 'triplo', 'frontal', 168.00);

INSERT INTO QUARTO (NUMERO, TIPO, VISTA, VALOR_DIARIA) VALUES ('A-184', 'triplo', 'lateral', 255.00);

INSERT INTO QUARTO (NUMERO, TIPO, VISTA, VALOR_DIARIA) VALUES ('293-Z', 'duplo twin', 'frontal', 162.00);

INSERT INTO QUARTO (NUMERO, TIPO, VISTA, VALOR_DIARIA) VALUES ('H-100', 'simples', 'lateral', 116.00);

INSERT INTO QUARTO (NUMERO, TIPO, VISTA, VALOR_DIARIA) VALUES ('154-Y', 'simples', 'frontal', 168.00);

INSERT INTO QUARTO (NUMERO, TIPO, VISTA, VALOR_DIARIA) VALUES ('O-232', 'triplo', 'lateral', 140.00);

INSERT INTO QUARTO (NUMERO, TIPO, VISTA, VALOR_DIARIA) VALUES ('130-B', 'duplo casal', 'frontal', 289.00);

INSERT INTO QUARTO (NUMERO, TIPO, VISTA, VALOR_DIARIA) VALUES ('S-240', 'simples', 'lateral', 222.00);

INSERT INTO QUARTO (NUMERO, TIPO, VISTA, VALOR_DIARIA) VALUES ('152-H', 'duplo casal', 'frontal', 225.00);

INSERT INTO QUARTO (NUMERO, TIPO, VISTA, VALOR_DIARIA) VALUES ('K-136', 'triplo', 'lateral', 120.00);

INSERT INTO QUARTO (NUMERO, TIPO, VISTA, VALOR_DIARIA) VALUES ('143-W', 'duplo casal', 'frontal', 247.00);

INSERT INTO QUARTO (NUMERO, TIPO, VISTA, VALOR_DIARIA) VALUES ('L-252', 'duplo casal', 'lateral', 125.00);

INSERT INTO QUARTO (NUMERO, TIPO, VISTA, VALOR_DIARIA) VALUES ('255-T', 'triplo', 'frontal', 274.00);

INSERT INTO QUARTO (NUMERO, TIPO, VISTA, VALOR_DIARIA) VALUES ('X-173', 'simples', 'lateral', 179.00);

INSERT INTO QUARTO (NUMERO, TIPO, VISTA, VALOR_DIARIA) VALUES ('241-V', 'duplo twin', 'frontal', 273.00);

INSERT INTO QUARTO (NUMERO, TIPO, VISTA, VALOR_DIARIA) VALUES ('O-142', 'duplo casal', 'lateral', 149.00);

-----Produto------

INSERT INTO PRODUTO (ID, TIPO, NOME, VALOR, DESCRICAO) VALUES (1, 'Bar', 'produto 0', 71.00, 'Descrição do produto: 1');

INSERT INTO PRODUTO (ID, TIPO, NOME, VALOR, DESCRICAO) VALUES (2, 'Lavanderia', 'produto 1', 182.00, 'Descrição do produto: 2');

INSERT INTO PRODUTO (ID, TIPO, NOME, VALOR, DESCRICAO) VALUES (3, 'Frigobar', 'produto 2', 5.00, 'Descrição do produto: 3');

INSERT INTO PRODUTO (ID, TIPO, NOME, VALOR, DESCRICAO) VALUES (4, 'Restaurante', 'produto 3', 179.00, 'Descrição do produto: 4');

INSERT INTO PRODUTO (ID, TIPO, NOME, VALOR, DESCRICAO) VALUES (5, 'Frigobar', 'produto 4', 73.00, 'Descrição do produto: 5');

INSERT INTO PRODUTO (ID, TIPO, NOME, VALOR, DESCRICAO) VALUES (6, 'Restaurante', 'produto 5', 65.00, 'Descrição do produto: 6');

INSERT INTO PRODUTO (ID, TIPO, NOME, VALOR, DESCRICAO) VALUES (7, 'Frigobar', 'produto 6', 39.00, 'Descrição do produto: 7');

INSERT INTO PRODUTO (ID, TIPO, NOME, VALOR, DESCRICAO) VALUES (8, 'Bar', 'produto 7', 111.00, 'Descrição do produto: 8');

INSERT INTO PRODUTO (ID, TIPO, NOME, VALOR, DESCRICAO) VALUES (9, 'Lavanderia', 'produto 8', 90.00, 'Descrição do produto: 9');

INSERT INTO PRODUTO (ID, TIPO, NOME, VALOR, DESCRICAO) VALUES (10, 'Bar', 'produto 9', 7.00, 'Descrição do produto: 10');

INSERT INTO PRODUTO (ID, TIPO, NOME, VALOR, DESCRICAO) VALUES (11, 'Frigobar', 'produto 10', 197.00, 'Descrição do produto: 11');

INSERT INTO PRODUTO (ID, TIPO, NOME, VALOR, DESCRICAO) VALUES (12, 'Restaurante', 'produto 11', 173.00, 'Descrição do produto: 12');

INSERT INTO PRODUTO (ID, TIPO, NOME, VALOR, DESCRICAO) VALUES (13, 'Bar', 'produto 12', 106.00, 'Descrição do produto: 13');

INSERT INTO PRODUTO (ID, TIPO, NOME, VALOR, DESCRICAO) VALUES (14, 'Lavanderia', 'produto 13', 85.00, 'Descrição do produto: 14');

INSERT INTO PRODUTO (ID, TIPO, NOME, VALOR, DESCRICAO) VALUES (15, 'Bar', 'produto 14', 126.00, 'Descrição do produto: 15');

INSERT INTO PRODUTO (ID, TIPO, NOME, VALOR, DESCRICAO) VALUES (16, 'Restaurante', 'produto 15', 19.00, 'Descrição do produto: 16');

INSERT INTO PRODUTO (ID, TIPO, NOME, VALOR, DESCRICAO) VALUES (17, 'Restaurante', 'produto 16', 82.00, 'Descrição do produto: 17');

INSERT INTO PRODUTO (ID, TIPO, NOME, VALOR, DESCRICAO) VALUES (18, 'Frigobar', 'produto 17', 56.00, 'Descrição do produto: 18');

INSERT INTO PRODUTO (ID, TIPO, NOME, VALOR, DESCRICAO) VALUES (19, 'Restaurante', 'produto 18', 31.00, 'Descrição do produto: 19');

INSERT INTO PRODUTO (ID, TIPO, NOME, VALOR, DESCRICAO) VALUES (20, 'Bar', 'produto 19', 146.00, 'Descrição do produto: 20');

INSERT INTO PRODUTO (ID, TIPO, NOME, VALOR, DESCRICAO) VALUES (21, 'Frigobar', 'produto 20', 167.00, 'Descrição do produto: 21');

INSERT INTO PRODUTO (ID, TIPO, NOME, VALOR, DESCRICAO) VALUES (22, 'Lavanderia', 'produto 21', 190.00, 'Descrição do produto: 22');

INSERT INTO PRODUTO (ID, TIPO, NOME, VALOR, DESCRICAO) VALUES (23, 'Frigobar', 'produto 22', 54.00, 'Descrição do produto: 23');

INSERT INTO PRODUTO (ID, TIPO, NOME, VALOR, DESCRICAO) VALUES (24, 'Lavanderia', 'produto 23', 187.00, 'Descrição do produto: 24');

INSERT INTO PRODUTO (ID, TIPO, NOME, VALOR, DESCRICAO) VALUES (25, 'Lavanderia', 'produto 24', 138.00, 'Descrição do produto: 25');

INSERT INTO PRODUTO (ID, TIPO, NOME, VALOR, DESCRICAO) VALUES (26, 'Restaurante', 'produto 25', 157.00, 'Descrição do produto: 26');

INSERT INTO PRODUTO (ID, TIPO, NOME, VALOR, DESCRICAO) VALUES (27, 'Restaurante', 'produto 26', 67.00, 'Descrição do produto: 27');

INSERT INTO PRODUTO (ID, TIPO, NOME, VALOR, DESCRICAO) VALUES (28, 'Frigobar', 'produto 27', 152.00, 'Descrição do produto: 28');

INSERT INTO PRODUTO (ID, TIPO, NOME, VALOR, DESCRICAO) VALUES (29, 'Restaurante', 'produto 28', 161.00, 'Descrição do produto: 29');

INSERT INTO PRODUTO (ID, TIPO, NOME, VALOR, DESCRICAO) VALUES (30, 'Restaurante', 'produto 29', 25.00, 'Descrição do produto: 30');

INSERT INTO PRODUTO (ID, TIPO, NOME, VALOR, DESCRICAO) VALUES (31, 'Lavanderia', 'produto 30', 195.00, 'Descrição do produto: 31');

INSERT INTO PRODUTO (ID, TIPO, NOME, VALOR, DESCRICAO) VALUES (32, 'Frigobar', 'produto 31', 198.00, 'Descrição do produto: 32');

INSERT INTO PRODUTO (ID, TIPO, NOME, VALOR, DESCRICAO) VALUES (33, 'Lavanderia', 'produto 32', 141.00, 'Descrição do produto: 33');

INSERT INTO PRODUTO (ID, TIPO, NOME, VALOR, DESCRICAO) VALUES (34, 'Restaurante', 'produto 33', 27.00, 'Descrição do produto: 34');

INSERT INTO PRODUTO (ID, TIPO, NOME, VALOR, DESCRICAO) VALUES (35, 'Bar', 'produto 34', 145.00, 'Descrição do produto: 35');

INSERT INTO PRODUTO (ID, TIPO, NOME, VALOR, DESCRICAO) VALUES (36, 'Lavanderia', 'produto 35', 7.00, 'Descrição do produto: 36');

INSERT INTO PRODUTO (ID, TIPO, NOME, VALOR, DESCRICAO) VALUES (37, 'Restaurante', 'produto 36', 139.00, 'Descrição do produto: 37');

INSERT INTO PRODUTO (ID, TIPO, NOME, VALOR, DESCRICAO) VALUES (38, 'Restaurante', 'produto 37', 162.00, 'Descrição do produto: 38');

INSERT INTO PRODUTO (ID, TIPO, NOME, VALOR, DESCRICAO) VALUES (39, 'Restaurante', 'produto 38', 56.00, 'Descrição do produto: 39');

INSERT INTO PRODUTO (ID, TIPO, NOME, VALOR, DESCRICAO) VALUES (40, 'Lavanderia', 'produto 39', 71.00, 'Descrição do produto: 40');

INSERT INTO PRODUTO (ID, TIPO, NOME, VALOR, DESCRICAO) VALUES (41, 'Bar', 'produto 40', 103.00, 'Descrição do produto: 41');

INSERT INTO PRODUTO (ID, TIPO, NOME, VALOR, DESCRICAO) VALUES (42, 'Frigobar', 'produto 41', 127.00, 'Descrição do produto: 42');

INSERT INTO PRODUTO (ID, TIPO, NOME, VALOR, DESCRICAO) VALUES (43, 'Frigobar', 'produto 42', 39.00, 'Descrição do produto: 43');

INSERT INTO PRODUTO (ID, TIPO, NOME, VALOR, DESCRICAO) VALUES (44, 'Bar', 'produto 43', 74.00, 'Descrição do produto: 44');

INSERT INTO PRODUTO (ID, TIPO, NOME, VALOR, DESCRICAO) VALUES (45, 'Frigobar', 'produto 44', 60.00, 'Descrição do produto: 45');

INSERT INTO PRODUTO (ID, TIPO, NOME, VALOR, DESCRICAO) VALUES (46, 'Frigobar', 'produto 45', 62.00, 'Descrição do produto: 46');

INSERT INTO PRODUTO (ID, TIPO, NOME, VALOR, DESCRICAO) VALUES (47, 'Frigobar', 'produto 46', 126.00, 'Descrição do produto: 47');

INSERT INTO PRODUTO (ID, TIPO, NOME, VALOR, DESCRICAO) VALUES (48, 'Lavanderia', 'produto 47', 59.00, 'Descrição do produto: 48');

INSERT INTO PRODUTO (ID, TIPO, NOME, VALOR, DESCRICAO) VALUES (49, 'Frigobar', 'produto 48', 67.00, 'Descrição do produto: 49');

INSERT INTO PRODUTO (ID, TIPO, NOME, VALOR, DESCRICAO) VALUES (50, 'Restaurante', 'produto 49', 14.00, 'Descrição do produto: 50');

INSERT INTO PRODUTO (ID, TIPO, NOME, VALOR, DESCRICAO) VALUES (51, 'Lavanderia', 'produto 50', 90.00, 'Descrição do produto: 51');

INSERT INTO PRODUTO (ID, TIPO, NOME, VALOR, DESCRICAO) VALUES (52, 'Bar', 'produto 51', 107.00, 'Descrição do produto: 52');

INSERT INTO PRODUTO (ID, TIPO, NOME, VALOR, DESCRICAO) VALUES (53, 'Lavanderia', 'produto 52', 167.00, 'Descrição do produto: 53');

INSERT INTO PRODUTO (ID, TIPO, NOME, VALOR, DESCRICAO) VALUES (54, 'Frigobar', 'produto 53', 82.00, 'Descrição do produto: 54');

INSERT INTO PRODUTO (ID, TIPO, NOME, VALOR, DESCRICAO) VALUES (55, 'Restaurante', 'produto 54', 59.00, 'Descrição do produto: 55');

INSERT INTO PRODUTO (ID, TIPO, NOME, VALOR, DESCRICAO) VALUES (56, 'Frigobar', 'produto 55', 23.00, 'Descrição do produto: 56');

INSERT INTO PRODUTO (ID, TIPO, NOME, VALOR, DESCRICAO) VALUES (57, 'Frigobar', 'produto 56', 96.00, 'Descrição do produto: 57');

INSERT INTO PRODUTO (ID, TIPO, NOME, VALOR, DESCRICAO) VALUES (58, 'Frigobar', 'produto 57', 187.00, 'Descrição do produto: 58');

INSERT INTO PRODUTO (ID, TIPO, NOME, VALOR, DESCRICAO) VALUES (59, 'Lavanderia', 'produto 58', 28.00, 'Descrição do produto: 59');

INSERT INTO PRODUTO (ID, TIPO, NOME, VALOR, DESCRICAO) VALUES (60, 'Restaurante', 'produto 59', 25.00, 'Descrição do produto: 60');

INSERT INTO PRODUTO (ID, TIPO, NOME, VALOR, DESCRICAO) VALUES (61, 'Bar', 'produto 60', 56.00, 'Descrição do produto: 61');

INSERT INTO PRODUTO (ID, TIPO, NOME, VALOR, DESCRICAO) VALUES (62, 'Frigobar', 'produto 61', 105.00, 'Descrição do produto: 62');

INSERT INTO PRODUTO (ID, TIPO, NOME, VALOR, DESCRICAO) VALUES (63, 'Bar', 'produto 62', 99.00, 'Descrição do produto: 63');

INSERT INTO PRODUTO (ID, TIPO, NOME, VALOR, DESCRICAO) VALUES (64, 'Frigobar', 'produto 63', 68.00, 'Descrição do produto: 64');

INSERT INTO PRODUTO (ID, TIPO, NOME, VALOR, DESCRICAO) VALUES (65, 'Lavanderia', 'produto 64', 148.00, 'Descrição do produto: 65');

INSERT INTO PRODUTO (ID, TIPO, NOME, VALOR, DESCRICAO) VALUES (66, 'Lavanderia', 'produto 65', 29.00, 'Descrição do produto: 66');

INSERT INTO PRODUTO (ID, TIPO, NOME, VALOR, DESCRICAO) VALUES (67, 'Bar', 'produto 66', 178.00, 'Descrição do produto: 67');

INSERT INTO PRODUTO (ID, TIPO, NOME, VALOR, DESCRICAO) VALUES (68, 'Frigobar', 'produto 67', 135.00, 'Descrição do produto: 68');

INSERT INTO PRODUTO (ID, TIPO, NOME, VALOR, DESCRICAO) VALUES (69, 'Restaurante', 'produto 68', 8.00, 'Descrição do produto: 69');

INSERT INTO PRODUTO (ID, TIPO, NOME, VALOR, DESCRICAO) VALUES (70, 'Restaurante', 'produto 69', 187.00, 'Descrição do produto: 70');

INSERT INTO PRODUTO (ID, TIPO, NOME, VALOR, DESCRICAO) VALUES (71, 'Frigobar', 'produto 70', 135.00, 'Descrição do produto: 71');

INSERT INTO PRODUTO (ID, TIPO, NOME, VALOR, DESCRICAO) VALUES (72, 'Frigobar', 'produto 71', 122.00, 'Descrição do produto: 72');

INSERT INTO PRODUTO (ID, TIPO, NOME, VALOR, DESCRICAO) VALUES (73, 'Frigobar', 'produto 72', 110.00, 'Descrição do produto: 73');

INSERT INTO PRODUTO (ID, TIPO, NOME, VALOR, DESCRICAO) VALUES (74, 'Restaurante', 'produto 73', 112.00, 'Descrição do produto: 74');

INSERT INTO PRODUTO (ID, TIPO, NOME, VALOR, DESCRICAO) VALUES (75, 'Frigobar', 'produto 74', 41.00, 'Descrição do produto: 75');

INSERT INTO PRODUTO (ID, TIPO, NOME, VALOR, DESCRICAO) VALUES (76, 'Frigobar', 'produto 75', 78.00, 'Descrição do produto: 76');

INSERT INTO PRODUTO (ID, TIPO, NOME, VALOR, DESCRICAO) VALUES (77, 'Restaurante', 'produto 76', 37.00, 'Descrição do produto: 77');

INSERT INTO PRODUTO (ID, TIPO, NOME, VALOR, DESCRICAO) VALUES (78, 'Bar', 'produto 77', 191.00, 'Descrição do produto: 78');

INSERT INTO PRODUTO (ID, TIPO, NOME, VALOR, DESCRICAO) VALUES (79, 'Frigobar', 'produto 78', 139.00, 'Descrição do produto: 79');

INSERT INTO PRODUTO (ID, TIPO, NOME, VALOR, DESCRICAO) VALUES (80, 'Lavanderia', 'produto 79', 167.00, 'Descrição do produto: 80');

INSERT INTO PRODUTO (ID, TIPO, NOME, VALOR, DESCRICAO) VALUES (81, 'Lavanderia', 'produto 80', 78.00, 'Descrição do produto: 81');

INSERT INTO PRODUTO (ID, TIPO, NOME, VALOR, DESCRICAO) VALUES (82, 'Frigobar', 'produto 81', 107.00, 'Descrição do produto: 82');

INSERT INTO PRODUTO (ID, TIPO, NOME, VALOR, DESCRICAO) VALUES (83, 'Frigobar', 'produto 82', 65.00, 'Descrição do produto: 83');

INSERT INTO PRODUTO (ID, TIPO, NOME, VALOR, DESCRICAO) VALUES (84, 'Frigobar', 'produto 83', 68.00, 'Descrição do produto: 84');

INSERT INTO PRODUTO (ID, TIPO, NOME, VALOR, DESCRICAO) VALUES (85, 'Frigobar', 'produto 84', 166.00, 'Descrição do produto: 85');

INSERT INTO PRODUTO (ID, TIPO, NOME, VALOR, DESCRICAO) VALUES (86, 'Bar', 'produto 85', 6.00, 'Descrição do produto: 86');

INSERT INTO PRODUTO (ID, TIPO, NOME, VALOR, DESCRICAO) VALUES (87, 'Frigobar', 'produto 86', 75.00, 'Descrição do produto: 87');

INSERT INTO PRODUTO (ID, TIPO, NOME, VALOR, DESCRICAO) VALUES (88, 'Restaurante', 'produto 87', 96.00, 'Descrição do produto: 88');

INSERT INTO PRODUTO (ID, TIPO, NOME, VALOR, DESCRICAO) VALUES (89, 'Lavanderia', 'produto 88', 71.00, 'Descrição do produto: 89');

INSERT INTO PRODUTO (ID, TIPO, NOME, VALOR, DESCRICAO) VALUES (90, 'Restaurante', 'produto 89', 137.00, 'Descrição do produto: 90');

INSERT INTO PRODUTO (ID, TIPO, NOME, VALOR, DESCRICAO) VALUES (91, 'Restaurante', 'produto 90', 16.00, 'Descrição do produto: 91');

INSERT INTO PRODUTO (ID, TIPO, NOME, VALOR, DESCRICAO) VALUES (92, 'Bar', 'produto 91', 5.00, 'Descrição do produto: 92');

INSERT INTO PRODUTO (ID, TIPO, NOME, VALOR, DESCRICAO) VALUES (93, 'Bar', 'produto 92', 95.00, 'Descrição do produto: 93');

INSERT INTO PRODUTO (ID, TIPO, NOME, VALOR, DESCRICAO) VALUES (94, 'Restaurante', 'produto 93', 68.00, 'Descrição do produto: 94');

INSERT INTO PRODUTO (ID, TIPO, NOME, VALOR, DESCRICAO) VALUES (95, 'Lavanderia', 'produto 94', 175.00, 'Descrição do produto: 95');

INSERT INTO PRODUTO (ID, TIPO, NOME, VALOR, DESCRICAO) VALUES (96, 'Lavanderia', 'produto 95', 57.00, 'Descrição do produto: 96');

INSERT INTO PRODUTO (ID, TIPO, NOME, VALOR, DESCRICAO) VALUES (97, 'Restaurante', 'produto 96', 23.00, 'Descrição do produto: 97');

INSERT INTO PRODUTO (ID, TIPO, NOME, VALOR, DESCRICAO) VALUES (98, 'Restaurante', 'produto 97', 172.00, 'Descrição do produto: 98');

INSERT INTO PRODUTO (ID, TIPO, NOME, VALOR, DESCRICAO) VALUES (99, 'Lavanderia', 'produto 98', 74.00, 'Descrição do produto: 99');

INSERT INTO PRODUTO (ID, TIPO, NOME, VALOR, DESCRICAO) VALUES (100, 'Bar', 'produto 99', 66.00, 'Descrição do produto: 100');

-----Telefone------

INSERT INTO TELEFONE (TELEFONE, CPF_CLIENTE) VALUES ('(89) 48218-3986', '223.550.299-60');

INSERT INTO TELEFONE (TELEFONE, CPF_CLIENTE) VALUES ('(35) 66198-8385', '223.550.299-60');

INSERT INTO TELEFONE (TELEFONE, CPF_CLIENTE) VALUES ('(24) 90429-2074', '869.845.545-56');

INSERT INTO TELEFONE (TELEFONE, CPF_CLIENTE) VALUES ('(28) 11403-4275', '869.845.545-56');

INSERT INTO TELEFONE (TELEFONE, CPF_CLIENTE) VALUES ('(16) 84401-6016', '711.459.355-90');

INSERT INTO TELEFONE (TELEFONE, CPF_CLIENTE) VALUES ('(73) 37208-7264', '711.459.355-90');

INSERT INTO TELEFONE (TELEFONE, CPF_CLIENTE) VALUES ('(51) 18746-2369', '725.310.758-86');

INSERT INTO TELEFONE (TELEFONE, CPF_CLIENTE) VALUES ('(13) 81749-6173', '725.310.758-86');

INSERT INTO TELEFONE (TELEFONE, CPF_CLIENTE) VALUES ('(31) 39695-4597', '270.754.431-45');

INSERT INTO TELEFONE (TELEFONE, CPF_CLIENTE) VALUES ('(40) 11227-7335', '270.754.431-45');

INSERT INTO TELEFONE (TELEFONE, CPF_CLIENTE) VALUES ('(96) 30197-4657', '267.906.358-84');

INSERT INTO TELEFONE (TELEFONE, CPF_CLIENTE) VALUES ('(31) 36642-4241', '267.906.358-84');

INSERT INTO TELEFONE (TELEFONE, CPF_CLIENTE) VALUES ('(16) 45968-4020', '645.448.435-40');

INSERT INTO TELEFONE (TELEFONE, CPF_CLIENTE) VALUES ('(97) 90906-4966', '645.448.435-40');

INSERT INTO TELEFONE (TELEFONE, CPF_CLIENTE) VALUES ('(60) 45728-4044', '612.757.181-17');

INSERT INTO TELEFONE (TELEFONE, CPF_CLIENTE) VALUES ('(13) 31211-8521', '612.757.181-17');

INSERT INTO TELEFONE (TELEFONE, CPF_CLIENTE) VALUES ('(70) 80954-8547', '486.813.870-29');

INSERT INTO TELEFONE (TELEFONE, CPF_CLIENTE) VALUES ('(74) 87043-3775', '158.712.809-81');

INSERT INTO TELEFONE (TELEFONE, CPF_CLIENTE) VALUES ('(71) 33668-5741', '147.740.892-78');

INSERT INTO TELEFONE (TELEFONE, CPF_CLIENTE) VALUES ('(85) 77767-4491', '147.740.892-78');

INSERT INTO TELEFONE (TELEFONE, CPF_CLIENTE) VALUES ('(69) 87075-1910', '592.736.193-34');

INSERT INTO TELEFONE (TELEFONE, CPF_CLIENTE) VALUES ('(49) 20293-5477', '592.736.193-34');

INSERT INTO TELEFONE (TELEFONE, CPF_CLIENTE) VALUES ('(99) 20385-6427', '279.909.885-25');

INSERT INTO TELEFONE (TELEFONE, CPF_CLIENTE) VALUES ('(58) 85339-2974', '279.909.885-25');

INSERT INTO TELEFONE (TELEFONE, CPF_CLIENTE) VALUES ('(61) 85192-3656', '927.148.781-61');

INSERT INTO TELEFONE (TELEFONE, CPF_CLIENTE) VALUES ('(13) 91807-4540', '927.148.781-61');

INSERT INTO TELEFONE (TELEFONE, CPF_CLIENTE) VALUES ('(13) 35963-1796', '583.636.990-96');

INSERT INTO TELEFONE (TELEFONE, CPF_CLIENTE) VALUES ('(83) 33825-9467', '830.259.628-48');

INSERT INTO TELEFONE (TELEFONE, CPF_CLIENTE) VALUES ('(20) 64119-3846', '818.944.746-94');

INSERT INTO TELEFONE (TELEFONE, CPF_CLIENTE) VALUES ('(58) 23759-5231', '956.916.902-29');

INSERT INTO TELEFONE (TELEFONE, CPF_CLIENTE) VALUES ('(32) 78779-2908', '245.917.389-26');

INSERT INTO TELEFONE (TELEFONE, CPF_CLIENTE) VALUES ('(87) 64309-1770', '245.917.389-26');

INSERT INTO TELEFONE (TELEFONE, CPF_CLIENTE) VALUES ('(88) 60208-9490', '757.638.862-23');

-----Equipamentos------

INSERT INTO EQUIPAMENTO (EQUIPAMENTO, NUMERO_QUARTO) VALUES ('ar 01', '282-S');

INSERT INTO EQUIPAMENTO (EQUIPAMENTO, NUMERO_QUARTO) VALUES ('televisão 02', '282-S');

INSERT INTO EQUIPAMENTO (EQUIPAMENTO, NUMERO_QUARTO) VALUES ('frigobar 03', '282-S');

INSERT INTO EQUIPAMENTO (EQUIPAMENTO, NUMERO_QUARTO) VALUES ('televisão 04', '282-S');

INSERT INTO EQUIPAMENTO (EQUIPAMENTO, NUMERO_QUARTO) VALUES ('TV a cabo 01', 'F-194');

INSERT INTO EQUIPAMENTO (EQUIPAMENTO, NUMERO_QUARTO) VALUES ('TV a cabo 02', 'F-194');

INSERT INTO EQUIPAMENTO (EQUIPAMENTO, NUMERO_QUARTO) VALUES ('televisão 01', '299-X');

INSERT INTO EQUIPAMENTO (EQUIPAMENTO, NUMERO_QUARTO) VALUES ('ar 02', '299-X');

INSERT INTO EQUIPAMENTO (EQUIPAMENTO, NUMERO_QUARTO) VALUES ('TV a cabo 01', 'R-232');

INSERT INTO EQUIPAMENTO (EQUIPAMENTO, NUMERO_QUARTO) VALUES ('TV a cabo 02', 'R-232');

INSERT INTO EQUIPAMENTO (EQUIPAMENTO, NUMERO_QUARTO) VALUES ('frigobar 03', 'R-232');

INSERT INTO EQUIPAMENTO (EQUIPAMENTO, NUMERO_QUARTO) VALUES ('televisão 04', 'R-232');

INSERT INTO EQUIPAMENTO (EQUIPAMENTO, NUMERO_QUARTO) VALUES ('TV a cabo 01', '263-I');

INSERT INTO EQUIPAMENTO (EQUIPAMENTO, NUMERO_QUARTO) VALUES ('televisão 02', '263-I');

INSERT INTO EQUIPAMENTO (EQUIPAMENTO, NUMERO_QUARTO) VALUES ('televisão 01', 'J-189');

INSERT INTO EQUIPAMENTO (EQUIPAMENTO, NUMERO_QUARTO) VALUES ('ar 01', '184-Q');

INSERT INTO EQUIPAMENTO (EQUIPAMENTO, NUMERO_QUARTO) VALUES ('TV a cabo 02', '184-Q');

INSERT INTO EQUIPAMENTO (EQUIPAMENTO, NUMERO_QUARTO) VALUES ('frigobar 03', '184-Q');

INSERT INTO EQUIPAMENTO (EQUIPAMENTO, NUMERO_QUARTO) VALUES ('TV a cabo 04', '184-Q');

INSERT INTO EQUIPAMENTO (EQUIPAMENTO, NUMERO_QUARTO) VALUES ('TV a cabo 05', '184-Q');

INSERT INTO EQUIPAMENTO (EQUIPAMENTO, NUMERO_QUARTO) VALUES ('televisão 01', 'B-183');

INSERT INTO EQUIPAMENTO (EQUIPAMENTO, NUMERO_QUARTO) VALUES ('TV a cabo 02', 'B-183');

INSERT INTO EQUIPAMENTO (EQUIPAMENTO, NUMERO_QUARTO) VALUES ('TV a cabo 03', 'B-183');

INSERT INTO EQUIPAMENTO (EQUIPAMENTO, NUMERO_QUARTO) VALUES ('televisão 01', '124-E');

INSERT INTO EQUIPAMENTO (EQUIPAMENTO, NUMERO_QUARTO) VALUES ('ar 01', 'H-228');

INSERT INTO EQUIPAMENTO (EQUIPAMENTO, NUMERO_QUARTO) VALUES ('televisão 02', 'H-228');

INSERT INTO EQUIPAMENTO (EQUIPAMENTO, NUMERO_QUARTO) VALUES ('TV a cabo 03', 'H-228');

INSERT INTO EQUIPAMENTO (EQUIPAMENTO, NUMERO_QUARTO) VALUES ('TV a cabo 01', '224-A');

INSERT INTO EQUIPAMENTO (EQUIPAMENTO, NUMERO_QUARTO) VALUES ('TV a cabo 02', '224-A');

INSERT INTO EQUIPAMENTO (EQUIPAMENTO, NUMERO_QUARTO) VALUES ('TV a cabo 01', 'S-232');

INSERT INTO EQUIPAMENTO (EQUIPAMENTO, NUMERO_QUARTO) VALUES ('TV a cabo 02', 'S-232');

INSERT INTO EQUIPAMENTO (EQUIPAMENTO, NUMERO_QUARTO) VALUES ('televisão 03', 'S-232');

INSERT INTO EQUIPAMENTO (EQUIPAMENTO, NUMERO_QUARTO) VALUES ('frigobar 04', 'S-232');

INSERT INTO EQUIPAMENTO (EQUIPAMENTO, NUMERO_QUARTO) VALUES ('televisão 01', '206-W');

INSERT INTO EQUIPAMENTO (EQUIPAMENTO, NUMERO_QUARTO) VALUES ('televisão 02', '206-W');

INSERT INTO EQUIPAMENTO (EQUIPAMENTO, NUMERO_QUARTO) VALUES ('frigobar 03', '206-W');

INSERT INTO EQUIPAMENTO (EQUIPAMENTO, NUMERO_QUARTO) VALUES ('frigobar 01', 'Z-203');

INSERT INTO EQUIPAMENTO (EQUIPAMENTO, NUMERO_QUARTO) VALUES ('frigobar 01', '210-E');

INSERT INTO EQUIPAMENTO (EQUIPAMENTO, NUMERO_QUARTO) VALUES ('ar 02', '210-E');

INSERT INTO EQUIPAMENTO (EQUIPAMENTO, NUMERO_QUARTO) VALUES ('televisão 03', '210-E');

INSERT INTO EQUIPAMENTO (EQUIPAMENTO, NUMERO_QUARTO) VALUES ('televisão 04', '210-E');

INSERT INTO EQUIPAMENTO (EQUIPAMENTO, NUMERO_QUARTO) VALUES ('televisão 01', 'A-184');

INSERT INTO EQUIPAMENTO (EQUIPAMENTO, NUMERO_QUARTO) VALUES ('televisão 02', 'A-184');

INSERT INTO EQUIPAMENTO (EQUIPAMENTO, NUMERO_QUARTO) VALUES ('TV a cabo 03', 'A-184');

INSERT INTO EQUIPAMENTO (EQUIPAMENTO, NUMERO_QUARTO) VALUES ('frigobar 01', '293-Z');

INSERT INTO EQUIPAMENTO (EQUIPAMENTO, NUMERO_QUARTO) VALUES ('ar 02', '293-Z');

INSERT INTO EQUIPAMENTO (EQUIPAMENTO, NUMERO_QUARTO) VALUES ('televisão 01', 'H-100');

INSERT INTO EQUIPAMENTO (EQUIPAMENTO, NUMERO_QUARTO) VALUES ('TV a cabo 02', 'H-100');

INSERT INTO EQUIPAMENTO (EQUIPAMENTO, NUMERO_QUARTO) VALUES ('TV a cabo 03', 'H-100');

INSERT INTO EQUIPAMENTO (EQUIPAMENTO, NUMERO_QUARTO) VALUES ('TV a cabo 01', '154-Y');

INSERT INTO EQUIPAMENTO (EQUIPAMENTO, NUMERO_QUARTO) VALUES ('frigobar 01', 'O-232');

INSERT INTO EQUIPAMENTO (EQUIPAMENTO, NUMERO_QUARTO) VALUES ('TV a cabo 02', 'O-232');

INSERT INTO EQUIPAMENTO (EQUIPAMENTO, NUMERO_QUARTO) VALUES ('televisão 01', '130-B');

INSERT INTO EQUIPAMENTO (EQUIPAMENTO, NUMERO_QUARTO) VALUES ('TV a cabo 01', 'S-240');

INSERT INTO EQUIPAMENTO (EQUIPAMENTO, NUMERO_QUARTO) VALUES ('frigobar 02', 'S-240');

INSERT INTO EQUIPAMENTO (EQUIPAMENTO, NUMERO_QUARTO) VALUES ('televisão 03', 'S-240');

INSERT INTO EQUIPAMENTO (EQUIPAMENTO, NUMERO_QUARTO) VALUES ('frigobar 01', '152-H');

INSERT INTO EQUIPAMENTO (EQUIPAMENTO, NUMERO_QUARTO) VALUES ('ar 01', 'K-136');

INSERT INTO EQUIPAMENTO (EQUIPAMENTO, NUMERO_QUARTO) VALUES ('televisão 01', '143-W');

INSERT INTO EQUIPAMENTO (EQUIPAMENTO, NUMERO_QUARTO) VALUES ('frigobar 02', '143-W');

INSERT INTO EQUIPAMENTO (EQUIPAMENTO, NUMERO_QUARTO) VALUES ('frigobar 01', 'L-252');

INSERT INTO EQUIPAMENTO (EQUIPAMENTO, NUMERO_QUARTO) VALUES ('ar 02', 'L-252');

INSERT INTO EQUIPAMENTO (EQUIPAMENTO, NUMERO_QUARTO) VALUES ('ar 01', '255-T');

INSERT INTO EQUIPAMENTO (EQUIPAMENTO, NUMERO_QUARTO) VALUES ('ar 02', '255-T');

INSERT INTO EQUIPAMENTO (EQUIPAMENTO, NUMERO_QUARTO) VALUES ('frigobar 03', '255-T');

INSERT INTO EQUIPAMENTO (EQUIPAMENTO, NUMERO_QUARTO) VALUES ('ar 04', '255-T');

INSERT INTO EQUIPAMENTO (EQUIPAMENTO, NUMERO_QUARTO) VALUES ('frigobar 01', 'X-173');

INSERT INTO EQUIPAMENTO (EQUIPAMENTO, NUMERO_QUARTO) VALUES ('frigobar 02', 'X-173');

INSERT INTO EQUIPAMENTO (EQUIPAMENTO, NUMERO_QUARTO) VALUES ('frigobar 01', '241-V');

INSERT INTO EQUIPAMENTO (EQUIPAMENTO, NUMERO_QUARTO) VALUES ('frigobar 01', 'O-142');

-----Hospeda------

INSERT INTO HOSPEDA (ID_HOSPEDAGEM, DIA_CHECK_IN, DIA_CHECK_OUT, CPF_CLIENTE, NUMERO_QUARTO) VALUES (1, TO_DATE('03/08/2017','DD/MM/YYYY'), TO_DATE('04/08/2017','DD/MM/YYYY'), '223.550.299-60', '154-Y');

INSERT INTO HOSPEDA (ID_HOSPEDAGEM, DIA_CHECK_IN, DIA_CHECK_OUT, CPF_CLIENTE, NUMERO_QUARTO) VALUES (2, TO_DATE('01/09/2013','DD/MM/YYYY'), TO_DATE('04/09/2013','DD/MM/YYYY'), '869.845.545-56', '210-E');

INSERT INTO HOSPEDA (ID_HOSPEDAGEM, DIA_CHECK_IN, DIA_CHECK_OUT, CPF_CLIENTE, NUMERO_QUARTO) VALUES (3, TO_DATE('01/05/2018','DD/MM/YYYY'), TO_DATE('03/05/2018','DD/MM/YYYY'), '869.845.545-56', 'L-252');

INSERT INTO HOSPEDA (ID_HOSPEDAGEM, DIA_CHECK_IN, DIA_CHECK_OUT, CPF_CLIENTE, NUMERO_QUARTO) VALUES (4, TO_DATE('01/08/2015','DD/MM/YYYY'), TO_DATE('03/08/2015','DD/MM/YYYY'), '711.459.355-90', 'S-240');

INSERT INTO HOSPEDA (ID_HOSPEDAGEM, DIA_CHECK_IN, DIA_CHECK_OUT, CPF_CLIENTE, NUMERO_QUARTO) VALUES (5, TO_DATE('03/05/2012','DD/MM/YYYY'), TO_DATE('06/05/2012','DD/MM/YYYY'), '725.310.758-86', 'L-252');

INSERT INTO HOSPEDA (ID_HOSPEDAGEM, DIA_CHECK_IN, DIA_CHECK_OUT, CPF_CLIENTE, NUMERO_QUARTO) VALUES (6, TO_DATE('05/09/2017','DD/MM/YYYY'), TO_DATE('08/09/2017','DD/MM/YYYY'), '725.310.758-86', '263-I');

INSERT INTO HOSPEDA (ID_HOSPEDAGEM, DIA_CHECK_IN, DIA_CHECK_OUT, CPF_CLIENTE, NUMERO_QUARTO) VALUES (7, TO_DATE('02/02/2018','DD/MM/YYYY'), TO_DATE('04/02/2018','DD/MM/YYYY'), '270.754.431-45', 'S-232');

INSERT INTO HOSPEDA (ID_HOSPEDAGEM, DIA_CHECK_IN, DIA_CHECK_OUT, CPF_CLIENTE, NUMERO_QUARTO) VALUES (8, TO_DATE('05/06/2010','DD/MM/YYYY'), TO_DATE('08/06/2010','DD/MM/YYYY'), '267.906.358-84', 'J-189');

INSERT INTO HOSPEDA (ID_HOSPEDAGEM, DIA_CHECK_IN, DIA_CHECK_OUT, CPF_CLIENTE, NUMERO_QUARTO) VALUES (9, TO_DATE('03/06/2016','DD/MM/YYYY'), TO_DATE('07/06/2016','DD/MM/YYYY'), '267.906.358-84', 'L-252');

INSERT INTO HOSPEDA (ID_HOSPEDAGEM, DIA_CHECK_IN, DIA_CHECK_OUT, CPF_CLIENTE, NUMERO_QUARTO) VALUES (10, TO_DATE('04/07/2013','DD/MM/YYYY'), TO_DATE('05/07/2013','DD/MM/YYYY'), '645.448.435-40', 'X-173');

INSERT INTO HOSPEDA (ID_HOSPEDAGEM, DIA_CHECK_IN, DIA_CHECK_OUT, CPF_CLIENTE, NUMERO_QUARTO) VALUES (11, TO_DATE('02/09/2013','DD/MM/YYYY'), TO_DATE('06/09/2013','DD/MM/YYYY'), '645.448.435-40', '124-E');

INSERT INTO HOSPEDA (ID_HOSPEDAGEM, DIA_CHECK_IN, DIA_CHECK_OUT, CPF_CLIENTE, NUMERO_QUARTO) VALUES (12, TO_DATE('05/09/2018','DD/MM/YYYY'), TO_DATE('09/09/2018','DD/MM/YYYY'), '612.757.181-17', '299-X');

INSERT INTO HOSPEDA (ID_HOSPEDAGEM, DIA_CHECK_IN, DIA_CHECK_OUT, CPF_CLIENTE, NUMERO_QUARTO) VALUES (13, TO_DATE('03/05/2013','DD/MM/YYYY'), TO_DATE('06/05/2013','DD/MM/YYYY'), '612.757.181-17', '210-E');

INSERT INTO HOSPEDA (ID_HOSPEDAGEM, DIA_CHECK_IN, DIA_CHECK_OUT, CPF_CLIENTE, NUMERO_QUARTO) VALUES (14, TO_DATE('03/07/2011','DD/MM/YYYY'), TO_DATE('04/07/2011','DD/MM/YYYY'), '486.813.870-29', 'S-232');

INSERT INTO HOSPEDA (ID_HOSPEDAGEM, DIA_CHECK_IN, DIA_CHECK_OUT, CPF_CLIENTE, NUMERO_QUARTO) VALUES (15, TO_DATE('04/04/2017','DD/MM/YYYY'), TO_DATE('08/04/2017','DD/MM/YYYY'), '486.813.870-29', 'Z-203');

INSERT INTO HOSPEDA (ID_HOSPEDAGEM, DIA_CHECK_IN, DIA_CHECK_OUT, CPF_CLIENTE, NUMERO_QUARTO) VALUES (16, TO_DATE('04/06/2010','DD/MM/YYYY'), TO_DATE('06/06/2010','DD/MM/YYYY'), '158.712.809-81', '224-A');

INSERT INTO HOSPEDA (ID_HOSPEDAGEM, DIA_CHECK_IN, DIA_CHECK_OUT, CPF_CLIENTE, NUMERO_QUARTO) VALUES (17, TO_DATE('04/05/2019','DD/MM/YYYY'), TO_DATE('07/05/2019','DD/MM/YYYY'), '158.712.809-81', 'O-232');

INSERT INTO HOSPEDA (ID_HOSPEDAGEM, DIA_CHECK_IN, DIA_CHECK_OUT, CPF_CLIENTE, NUMERO_QUARTO) VALUES (18, TO_DATE('03/01/2012','DD/MM/YYYY'), TO_DATE('04/01/2012','DD/MM/YYYY'), '147.740.892-78', '241-V');

INSERT INTO HOSPEDA (ID_HOSPEDAGEM, DIA_CHECK_IN, DIA_CHECK_OUT, CPF_CLIENTE, NUMERO_QUARTO) VALUES (19, TO_DATE('04/04/2011','DD/MM/YYYY'), TO_DATE('05/04/2011','DD/MM/YYYY'), '592.736.193-34', '282-S');

INSERT INTO HOSPEDA (ID_HOSPEDAGEM, DIA_CHECK_IN, DIA_CHECK_OUT, CPF_CLIENTE, NUMERO_QUARTO) VALUES (20, TO_DATE('04/04/2012','DD/MM/YYYY'), TO_DATE('07/04/2012','DD/MM/YYYY'), '592.736.193-34', '130-B');

INSERT INTO HOSPEDA (ID_HOSPEDAGEM, DIA_CHECK_IN, DIA_CHECK_OUT, CPF_CLIENTE, NUMERO_QUARTO) VALUES (21, TO_DATE('05/08/2019','DD/MM/YYYY'), TO_DATE('08/08/2019','DD/MM/YYYY'), '279.909.885-25', 'O-232');

INSERT INTO HOSPEDA (ID_HOSPEDAGEM, DIA_CHECK_IN, DIA_CHECK_OUT, CPF_CLIENTE, NUMERO_QUARTO) VALUES (22, TO_DATE('01/01/2014','DD/MM/YYYY'), TO_DATE('02/01/2014','DD/MM/YYYY'), '279.909.885-25', '152-H');

INSERT INTO HOSPEDA (ID_HOSPEDAGEM, DIA_CHECK_IN, DIA_CHECK_OUT, CPF_CLIENTE, NUMERO_QUARTO) VALUES (23, TO_DATE('03/09/2019','DD/MM/YYYY'), TO_DATE('05/09/2019','DD/MM/YYYY'), '927.148.781-61', '241-V');

INSERT INTO HOSPEDA (ID_HOSPEDAGEM, DIA_CHECK_IN, DIA_CHECK_OUT, CPF_CLIENTE, NUMERO_QUARTO) VALUES (24, TO_DATE('03/02/2011','DD/MM/YYYY'), TO_DATE('05/02/2011','DD/MM/YYYY'), '927.148.781-61', 'S-232');

INSERT INTO HOSPEDA (ID_HOSPEDAGEM, DIA_CHECK_IN, DIA_CHECK_OUT, CPF_CLIENTE, NUMERO_QUARTO) VALUES (25, TO_DATE('04/05/2013','DD/MM/YYYY'), TO_DATE('05/05/2013','DD/MM/YYYY'), '583.636.990-96', '154-Y');

INSERT INTO HOSPEDA (ID_HOSPEDAGEM, DIA_CHECK_IN, DIA_CHECK_OUT, CPF_CLIENTE, NUMERO_QUARTO) VALUES (26, TO_DATE('01/01/2010','DD/MM/YYYY'), TO_DATE('03/01/2010','DD/MM/YYYY'), '830.259.628-48', 'F-194');

INSERT INTO HOSPEDA (ID_HOSPEDAGEM, DIA_CHECK_IN, DIA_CHECK_OUT, CPF_CLIENTE, NUMERO_QUARTO) VALUES (27, TO_DATE('01/02/2018','DD/MM/YYYY'), TO_DATE('05/02/2018','DD/MM/YYYY'), '818.944.746-94', '130-B');

INSERT INTO HOSPEDA (ID_HOSPEDAGEM, DIA_CHECK_IN, DIA_CHECK_OUT, CPF_CLIENTE, NUMERO_QUARTO) VALUES (28, TO_DATE('05/05/2018','DD/MM/YYYY'), TO_DATE('06/05/2018','DD/MM/YYYY'), '818.944.746-94', '255-T');

INSERT INTO HOSPEDA (ID_HOSPEDAGEM, DIA_CHECK_IN, DIA_CHECK_OUT, CPF_CLIENTE, NUMERO_QUARTO) VALUES (29, TO_DATE('01/09/2018','DD/MM/YYYY'), TO_DATE('02/09/2018','DD/MM/YYYY'), '956.916.902-29', '241-V');

INSERT INTO HOSPEDA (ID_HOSPEDAGEM, DIA_CHECK_IN, DIA_CHECK_OUT, CPF_CLIENTE, NUMERO_QUARTO) VALUES (30, TO_DATE('04/01/2011','DD/MM/YYYY'), TO_DATE('07/01/2011','DD/MM/YYYY'), '956.916.902-29', 'X-173');

INSERT INTO HOSPEDA (ID_HOSPEDAGEM, DIA_CHECK_IN, DIA_CHECK_OUT, CPF_CLIENTE, NUMERO_QUARTO) VALUES (31, TO_DATE('02/09/2010','DD/MM/YYYY'), TO_DATE('04/09/2010','DD/MM/YYYY'), '245.917.389-26', 'O-232');

INSERT INTO HOSPEDA (ID_HOSPEDAGEM, DIA_CHECK_IN, DIA_CHECK_OUT, CPF_CLIENTE, NUMERO_QUARTO) VALUES (32, TO_DATE('04/04/2018','DD/MM/YYYY'), TO_DATE('06/04/2018','DD/MM/YYYY'), '245.917.389-26', 'J-189');

INSERT INTO HOSPEDA (ID_HOSPEDAGEM, DIA_CHECK_IN, DIA_CHECK_OUT, CPF_CLIENTE, NUMERO_QUARTO) VALUES (33, TO_DATE('03/09/2017','DD/MM/YYYY'), TO_DATE('07/09/2017','DD/MM/YYYY'), '757.638.862-23', '210-E');

-----Reserva------

INSERT INTO RESERVA (ID_RESERVA, CPF_CLIENTE, NUMERO_QUARTO, DIA_CHECK_IN, DIA_CHECK_OUT) VALUES (1, '223.550.299-60', '124-E', TO_DATE('05/05/2014','DD/MM/YYYY'), TO_DATE('06/05/2014','DD/MM/YYYY'));

INSERT INTO RESERVA (ID_RESERVA, CPF_CLIENTE, NUMERO_QUARTO, DIA_CHECK_IN, DIA_CHECK_OUT) VALUES (2, '869.845.545-56', '263-I', TO_DATE('04/09/2018','DD/MM/YYYY'), TO_DATE('05/09/2018','DD/MM/YYYY'));

INSERT INTO RESERVA (ID_RESERVA, CPF_CLIENTE, NUMERO_QUARTO, DIA_CHECK_IN, DIA_CHECK_OUT) VALUES (3, '869.845.545-56', '152-H', TO_DATE('01/06/2015','DD/MM/YYYY'), TO_DATE('04/06/2015','DD/MM/YYYY'));

INSERT INTO RESERVA (ID_RESERVA, CPF_CLIENTE, NUMERO_QUARTO, DIA_CHECK_IN, DIA_CHECK_OUT) VALUES (4, '869.845.545-56', 'L-252', TO_DATE('03/09/2014','DD/MM/YYYY'), TO_DATE('05/09/2014','DD/MM/YYYY'));

INSERT INTO RESERVA (ID_RESERVA, CPF_CLIENTE, NUMERO_QUARTO, DIA_CHECK_IN, DIA_CHECK_OUT) VALUES (5, '711.459.355-90', '282-S', TO_DATE('02/02/2017','DD/MM/YYYY'), TO_DATE('06/02/2017','DD/MM/YYYY'));

INSERT INTO RESERVA (ID_RESERVA, CPF_CLIENTE, NUMERO_QUARTO, DIA_CHECK_IN, DIA_CHECK_OUT) VALUES (6, '725.310.758-86', 'X-173', TO_DATE('04/06/2011','DD/MM/YYYY'), TO_DATE('08/06/2011','DD/MM/YYYY'));

INSERT INTO RESERVA (ID_RESERVA, CPF_CLIENTE, NUMERO_QUARTO, DIA_CHECK_IN, DIA_CHECK_OUT) VALUES (7, '725.310.758-86', 'K-136', TO_DATE('05/05/2018','DD/MM/YYYY'), TO_DATE('07/05/2018','DD/MM/YYYY'));

INSERT INTO RESERVA (ID_RESERVA, CPF_CLIENTE, NUMERO_QUARTO, DIA_CHECK_IN, DIA_CHECK_OUT) VALUES (8, '270.754.431-45', 'X-173', TO_DATE('03/07/2016','DD/MM/YYYY'), TO_DATE('07/07/2016','DD/MM/YYYY'));

INSERT INTO RESERVA (ID_RESERVA, CPF_CLIENTE, NUMERO_QUARTO, DIA_CHECK_IN, DIA_CHECK_OUT) VALUES (9, '270.754.431-45', '241-V', TO_DATE('04/07/2010','DD/MM/YYYY'), TO_DATE('05/07/2010','DD/MM/YYYY'));

INSERT INTO RESERVA (ID_RESERVA, CPF_CLIENTE, NUMERO_QUARTO, DIA_CHECK_IN, DIA_CHECK_OUT) VALUES (10, '267.906.358-84', '282-S', TO_DATE('02/04/2011','DD/MM/YYYY'), TO_DATE('05/04/2011','DD/MM/YYYY'));

INSERT INTO RESERVA (ID_RESERVA, CPF_CLIENTE, NUMERO_QUARTO, DIA_CHECK_IN, DIA_CHECK_OUT) VALUES (11, '267.906.358-84', '210-E', TO_DATE('02/02/2013','DD/MM/YYYY'), TO_DATE('03/02/2013','DD/MM/YYYY'));

INSERT INTO RESERVA (ID_RESERVA, CPF_CLIENTE, NUMERO_QUARTO, DIA_CHECK_IN, DIA_CHECK_OUT) VALUES (12, '645.448.435-40', '152-H', TO_DATE('01/08/2013','DD/MM/YYYY'), TO_DATE('03/08/2013','DD/MM/YYYY'));

INSERT INTO RESERVA (ID_RESERVA, CPF_CLIENTE, NUMERO_QUARTO, DIA_CHECK_IN, DIA_CHECK_OUT) VALUES (13, '645.448.435-40', '263-I', TO_DATE('05/01/2014','DD/MM/YYYY'), TO_DATE('08/01/2014','DD/MM/YYYY'));

INSERT INTO RESERVA (ID_RESERVA, CPF_CLIENTE, NUMERO_QUARTO, DIA_CHECK_IN, DIA_CHECK_OUT) VALUES (14, '612.757.181-17', '263-I', TO_DATE('01/06/2011','DD/MM/YYYY'), TO_DATE('04/06/2011','DD/MM/YYYY'));

INSERT INTO RESERVA (ID_RESERVA, CPF_CLIENTE, NUMERO_QUARTO, DIA_CHECK_IN, DIA_CHECK_OUT) VALUES (15, '486.813.870-29', '282-S', TO_DATE('02/02/2015','DD/MM/YYYY'), TO_DATE('04/02/2015','DD/MM/YYYY'));

INSERT INTO RESERVA (ID_RESERVA, CPF_CLIENTE, NUMERO_QUARTO, DIA_CHECK_IN, DIA_CHECK_OUT) VALUES (16, '158.712.809-81', 'O-142', TO_DATE('02/04/2018','DD/MM/YYYY'), TO_DATE('06/04/2018','DD/MM/YYYY'));

INSERT INTO RESERVA (ID_RESERVA, CPF_CLIENTE, NUMERO_QUARTO, DIA_CHECK_IN, DIA_CHECK_OUT) VALUES (17, '158.712.809-81', 'F-194', TO_DATE('05/03/2012','DD/MM/YYYY'), TO_DATE('08/03/2012','DD/MM/YYYY'));

INSERT INTO RESERVA (ID_RESERVA, CPF_CLIENTE, NUMERO_QUARTO, DIA_CHECK_IN, DIA_CHECK_OUT) VALUES (18, '147.740.892-78', 'H-100', TO_DATE('05/04/2017','DD/MM/YYYY'), TO_DATE('06/04/2017','DD/MM/YYYY'));

INSERT INTO RESERVA (ID_RESERVA, CPF_CLIENTE, NUMERO_QUARTO, DIA_CHECK_IN, DIA_CHECK_OUT) VALUES (19, '147.740.892-78', 'A-184', TO_DATE('03/02/2017','DD/MM/YYYY'), TO_DATE('04/02/2017','DD/MM/YYYY'));

INSERT INTO RESERVA (ID_RESERVA, CPF_CLIENTE, NUMERO_QUARTO, DIA_CHECK_IN, DIA_CHECK_OUT) VALUES (20, '592.736.193-34', '206-W', TO_DATE('04/07/2010','DD/MM/YYYY'), TO_DATE('07/07/2010','DD/MM/YYYY'));

INSERT INTO RESERVA (ID_RESERVA, CPF_CLIENTE, NUMERO_QUARTO, DIA_CHECK_IN, DIA_CHECK_OUT) VALUES (21, '592.736.193-34', '293-Z', TO_DATE('02/02/2019','DD/MM/YYYY'), TO_DATE('04/02/2019','DD/MM/YYYY'));

INSERT INTO RESERVA (ID_RESERVA, CPF_CLIENTE, NUMERO_QUARTO, DIA_CHECK_IN, DIA_CHECK_OUT) VALUES (22, '279.909.885-25', '263-I', TO_DATE('03/06/2019','DD/MM/YYYY'), TO_DATE('07/06/2019','DD/MM/YYYY'));

INSERT INTO RESERVA (ID_RESERVA, CPF_CLIENTE, NUMERO_QUARTO, DIA_CHECK_IN, DIA_CHECK_OUT) VALUES (23, '927.148.781-61', '299-X', TO_DATE('04/03/2010','DD/MM/YYYY'), TO_DATE('08/03/2010','DD/MM/YYYY'));

INSERT INTO RESERVA (ID_RESERVA, CPF_CLIENTE, NUMERO_QUARTO, DIA_CHECK_IN, DIA_CHECK_OUT) VALUES (24, '927.148.781-61', '124-E', TO_DATE('05/01/2010','DD/MM/YYYY'), TO_DATE('06/01/2010','DD/MM/YYYY'));

INSERT INTO RESERVA (ID_RESERVA, CPF_CLIENTE, NUMERO_QUARTO, DIA_CHECK_IN, DIA_CHECK_OUT) VALUES (25, '927.148.781-61', 'F-194', TO_DATE('01/04/2016','DD/MM/YYYY'), TO_DATE('03/04/2016','DD/MM/YYYY'));

INSERT INTO RESERVA (ID_RESERVA, CPF_CLIENTE, NUMERO_QUARTO, DIA_CHECK_IN, DIA_CHECK_OUT) VALUES (26, '583.636.990-96', 'A-184', TO_DATE('02/05/2014','DD/MM/YYYY'), TO_DATE('04/05/2014','DD/MM/YYYY'));

INSERT INTO RESERVA (ID_RESERVA, CPF_CLIENTE, NUMERO_QUARTO, DIA_CHECK_IN, DIA_CHECK_OUT) VALUES (27, '830.259.628-48', '152-H', TO_DATE('04/04/2016','DD/MM/YYYY'), TO_DATE('05/04/2016','DD/MM/YYYY'));

INSERT INTO RESERVA (ID_RESERVA, CPF_CLIENTE, NUMERO_QUARTO, DIA_CHECK_IN, DIA_CHECK_OUT) VALUES (28, '830.259.628-48', '224-A', TO_DATE('01/09/2013','DD/MM/YYYY'), TO_DATE('04/09/2013','DD/MM/YYYY'));

INSERT INTO RESERVA (ID_RESERVA, CPF_CLIENTE, NUMERO_QUARTO, DIA_CHECK_IN, DIA_CHECK_OUT) VALUES (29, '818.944.746-94', 'R-232', TO_DATE('04/04/2018','DD/MM/YYYY'), TO_DATE('07/04/2018','DD/MM/YYYY'));

INSERT INTO RESERVA (ID_RESERVA, CPF_CLIENTE, NUMERO_QUARTO, DIA_CHECK_IN, DIA_CHECK_OUT) VALUES (30, '956.916.902-29', '224-A', TO_DATE('04/06/2012','DD/MM/YYYY'), TO_DATE('08/06/2012','DD/MM/YYYY'));

INSERT INTO RESERVA (ID_RESERVA, CPF_CLIENTE, NUMERO_QUARTO, DIA_CHECK_IN, DIA_CHECK_OUT) VALUES (31, '956.916.902-29', '299-X', TO_DATE('03/06/2015','DD/MM/YYYY'), TO_DATE('05/06/2015','DD/MM/YYYY'));

INSERT INTO RESERVA (ID_RESERVA, CPF_CLIENTE, NUMERO_QUARTO, DIA_CHECK_IN, DIA_CHECK_OUT) VALUES (32, '245.917.389-26', '263-I', TO_DATE('03/07/2010','DD/MM/YYYY'), TO_DATE('05/07/2010','DD/MM/YYYY'));

INSERT INTO RESERVA (ID_RESERVA, CPF_CLIENTE, NUMERO_QUARTO, DIA_CHECK_IN, DIA_CHECK_OUT) VALUES (33, '757.638.862-23', 'H-100', TO_DATE('03/05/2014','DD/MM/YYYY'), TO_DATE('07/05/2014','DD/MM/YYYY'));

INSERT INTO RESERVA (ID_RESERVA, CPF_CLIENTE, NUMERO_QUARTO, DIA_CHECK_IN, DIA_CHECK_OUT) VALUES (34, '757.638.862-23', 'X-173', TO_DATE('04/03/2016','DD/MM/YYYY'), TO_DATE('06/03/2016','DD/MM/YYYY'));

INSERT INTO RESERVA (ID_RESERVA, CPF_CLIENTE, NUMERO_QUARTO, DIA_CHECK_IN, DIA_CHECK_OUT) VALUES (35, '757.638.862-23', '210-E', TO_DATE('02/07/2014','DD/MM/YYYY'), TO_DATE('03/07/2014','DD/MM/YYYY'));

-----Venda------

INSERT INTO VENDA (ID_VENDA, ID_PRODUTO, NUMERO_QUARTO, DATA, QUANTIDADE) VALUES (1, 42, 'A-184', TO_DATE('05/06/2010','DD/MM/YYYY'), 4);

INSERT INTO VENDA (ID_VENDA, ID_PRODUTO, NUMERO_QUARTO, DATA, QUANTIDADE) VALUES (2, 72, '224-A', TO_DATE('03/08/2017','DD/MM/YYYY'), 5);

INSERT INTO VENDA (ID_VENDA, ID_PRODUTO, NUMERO_QUARTO, DATA, QUANTIDADE) VALUES (3, 28, 'J-189', TO_DATE('05/08/2019','DD/MM/YYYY'), 3);

INSERT INTO VENDA (ID_VENDA, ID_PRODUTO, NUMERO_QUARTO, DATA, QUANTIDADE) VALUES (4, 28, '124-E', TO_DATE('05/09/2017','DD/MM/YYYY'), 3);

INSERT INTO VENDA (ID_VENDA, ID_PRODUTO, NUMERO_QUARTO, DATA, QUANTIDADE) VALUES (5, 3, 'J-189', TO_DATE('01/02/2018','DD/MM/YYYY'), 2);

INSERT INTO VENDA (ID_VENDA, ID_PRODUTO, NUMERO_QUARTO, DATA, QUANTIDADE) VALUES (6, 2, '143-W', TO_DATE('04/06/2010','DD/MM/YYYY'), 1);

INSERT INTO VENDA (ID_VENDA, ID_PRODUTO, NUMERO_QUARTO, DATA, QUANTIDADE) VALUES (7, 100, 'A-184', TO_DATE('01/01/2014','DD/MM/YYYY'), 1);

INSERT INTO VENDA (ID_VENDA, ID_PRODUTO, NUMERO_QUARTO, DATA, QUANTIDADE) VALUES (8, 35, '263-I', TO_DATE('01/01/2014','DD/MM/YYYY'), 5);

INSERT INTO VENDA (ID_VENDA, ID_PRODUTO, NUMERO_QUARTO, DATA, QUANTIDADE) VALUES (9, 69, '282-S', TO_DATE('01/01/2010','DD/MM/YYYY'), 1);

INSERT INTO VENDA (ID_VENDA, ID_PRODUTO, NUMERO_QUARTO, DATA, QUANTIDADE) VALUES (10, 31, '130-B', TO_DATE('03/02/2011','DD/MM/YYYY'), 2);

INSERT INTO VENDA (ID_VENDA, ID_PRODUTO, NUMERO_QUARTO, DATA, QUANTIDADE) VALUES (11, 24, 'J-189', TO_DATE('04/05/2019','DD/MM/YYYY'), 1);

INSERT INTO VENDA (ID_VENDA, ID_PRODUTO, NUMERO_QUARTO, DATA, QUANTIDADE) VALUES (12, 98, 'S-232', TO_DATE('04/06/2010','DD/MM/YYYY'), 2);

INSERT INTO VENDA (ID_VENDA, ID_PRODUTO, NUMERO_QUARTO, DATA, QUANTIDADE) VALUES (13, 33, 'L-252', TO_DATE('04/05/2013','DD/MM/YYYY'), 3);

INSERT INTO VENDA (ID_VENDA, ID_PRODUTO, NUMERO_QUARTO, DATA, QUANTIDADE) VALUES (14, 68, '206-W', TO_DATE('03/08/2017','DD/MM/YYYY'), 2);

INSERT INTO VENDA (ID_VENDA, ID_PRODUTO, NUMERO_QUARTO, DATA, QUANTIDADE) VALUES (15, 32, '210-E', TO_DATE('01/02/2018','DD/MM/YYYY'), 2);

INSERT INTO VENDA (ID_VENDA, ID_PRODUTO, NUMERO_QUARTO, DATA, QUANTIDADE) VALUES (16, 43, '282-S', TO_DATE('05/06/2010','DD/MM/YYYY'), 1);

INSERT INTO VENDA (ID_VENDA, ID_PRODUTO, NUMERO_QUARTO, DATA, QUANTIDADE) VALUES (17, 62, '299-X', TO_DATE('01/05/2018','DD/MM/YYYY'), 1);

INSERT INTO VENDA (ID_VENDA, ID_PRODUTO, NUMERO_QUARTO, DATA, QUANTIDADE) VALUES (18, 80, 'K-136', TO_DATE('05/09/2017','DD/MM/YYYY'), 4);

INSERT INTO VENDA (ID_VENDA, ID_PRODUTO, NUMERO_QUARTO, DATA, QUANTIDADE) VALUES (19, 46, 'S-240', TO_DATE('04/05/2013','DD/MM/YYYY'), 1);

INSERT INTO VENDA (ID_VENDA, ID_PRODUTO, NUMERO_QUARTO, DATA, QUANTIDADE) VALUES (20, 82, '210-E', TO_DATE('04/04/2012','DD/MM/YYYY'), 2);

INSERT INTO VENDA (ID_VENDA, ID_PRODUTO, NUMERO_QUARTO, DATA, QUANTIDADE) VALUES (21, 100, '124-E', TO_DATE('01/05/2018','DD/MM/YYYY'), 3);

INSERT INTO VENDA (ID_VENDA, ID_PRODUTO, NUMERO_QUARTO, DATA, QUANTIDADE) VALUES (22, 77, 'B-183', TO_DATE('05/09/2018','DD/MM/YYYY'), 3);

INSERT INTO VENDA (ID_VENDA, ID_PRODUTO, NUMERO_QUARTO, DATA, QUANTIDADE) VALUES (23, 24, '143-W', TO_DATE('01/05/2018','DD/MM/YYYY'), 4);

INSERT INTO VENDA (ID_VENDA, ID_PRODUTO, NUMERO_QUARTO, DATA, QUANTIDADE) VALUES (24, 86, '124-E', TO_DATE('05/05/2018','DD/MM/YYYY'), 2);

INSERT INTO VENDA (ID_VENDA, ID_PRODUTO, NUMERO_QUARTO, DATA, QUANTIDADE) VALUES (25, 49, '143-W', TO_DATE('02/02/2018','DD/MM/YYYY'), 1);

INSERT INTO VENDA (ID_VENDA, ID_PRODUTO, NUMERO_QUARTO, DATA, QUANTIDADE) VALUES (26, 8, '224-A', TO_DATE('01/09/2013','DD/MM/YYYY'), 4);

INSERT INTO VENDA (ID_VENDA, ID_PRODUTO, NUMERO_QUARTO, DATA, QUANTIDADE) VALUES (27, 18, '154-Y', TO_DATE('03/06/2016','DD/MM/YYYY'), 5);

INSERT INTO VENDA (ID_VENDA, ID_PRODUTO, NUMERO_QUARTO, DATA, QUANTIDADE) VALUES (28, 79, '206-W', TO_DATE('01/09/2013','DD/MM/YYYY'), 5);

INSERT INTO VENDA (ID_VENDA, ID_PRODUTO, NUMERO_QUARTO, DATA, QUANTIDADE) VALUES (29, 62, '152-H', TO_DATE('02/09/2013','DD/MM/YYYY'), 2);

INSERT INTO VENDA (ID_VENDA, ID_PRODUTO, NUMERO_QUARTO, DATA, QUANTIDADE) VALUES (30, 72, '152-H', TO_DATE('05/08/2019','DD/MM/YYYY'), 1);

INSERT INTO VENDA (ID_VENDA, ID_PRODUTO, NUMERO_QUARTO, DATA, QUANTIDADE) VALUES (31, 13, 'H-228', TO_DATE('03/05/2012','DD/MM/YYYY'), 1);

INSERT INTO VENDA (ID_VENDA, ID_PRODUTO, NUMERO_QUARTO, DATA, QUANTIDADE) VALUES (32, 52, 'H-100', TO_DATE('01/05/2018','DD/MM/YYYY'), 4);

INSERT INTO VENDA (ID_VENDA, ID_PRODUTO, NUMERO_QUARTO, DATA, QUANTIDADE) VALUES (33, 80, 'F-194', TO_DATE('04/04/2012','DD/MM/YYYY'), 3);

INSERT INTO VENDA (ID_VENDA, ID_PRODUTO, NUMERO_QUARTO, DATA, QUANTIDADE) VALUES (34, 81, 'F-194', TO_DATE('01/01/2014','DD/MM/YYYY'), 2);

INSERT INTO VENDA (ID_VENDA, ID_PRODUTO, NUMERO_QUARTO, DATA, QUANTIDADE) VALUES (35, 63, 'J-189', TO_DATE('03/07/2011','DD/MM/YYYY'), 2);

INSERT INTO VENDA (ID_VENDA, ID_PRODUTO, NUMERO_QUARTO, DATA, QUANTIDADE) VALUES (36, 80, '206-W', TO_DATE('05/06/2010','DD/MM/YYYY'), 2);

INSERT INTO VENDA (ID_VENDA, ID_PRODUTO, NUMERO_QUARTO, DATA, QUANTIDADE) VALUES (37, 40, 'H-100', TO_DATE('03/09/2019','DD/MM/YYYY'), 5);

INSERT INTO VENDA (ID_VENDA, ID_PRODUTO, NUMERO_QUARTO, DATA, QUANTIDADE) VALUES (38, 70, 'Z-203', TO_DATE('03/09/2017','DD/MM/YYYY'), 1);

INSERT INTO VENDA (ID_VENDA, ID_PRODUTO, NUMERO_QUARTO, DATA, QUANTIDADE) VALUES (39, 91, 'F-194', TO_DATE('01/08/2015','DD/MM/YYYY'), 4);

INSERT INTO VENDA (ID_VENDA, ID_PRODUTO, NUMERO_QUARTO, DATA, QUANTIDADE) VALUES (40, 79, '293-Z', TO_DATE('04/05/2019','DD/MM/YYYY'), 2);

INSERT INTO VENDA (ID_VENDA, ID_PRODUTO, NUMERO_QUARTO, DATA, QUANTIDADE) VALUES (41, 46, '143-W', TO_DATE('01/08/2015','DD/MM/YYYY'), 5);

INSERT INTO VENDA (ID_VENDA, ID_PRODUTO, NUMERO_QUARTO, DATA, QUANTIDADE) VALUES (42, 34, '152-H', TO_DATE('04/06/2010','DD/MM/YYYY'), 3);

INSERT INTO VENDA (ID_VENDA, ID_PRODUTO, NUMERO_QUARTO, DATA, QUANTIDADE) VALUES (43, 30, 'O-142', TO_DATE('04/06/2010','DD/MM/YYYY'), 3);

INSERT INTO VENDA (ID_VENDA, ID_PRODUTO, NUMERO_QUARTO, DATA, QUANTIDADE) VALUES (44, 2, 'B-183', TO_DATE('04/04/2011','DD/MM/YYYY'), 4);

INSERT INTO VENDA (ID_VENDA, ID_PRODUTO, NUMERO_QUARTO, DATA, QUANTIDADE) VALUES (45, 74, 'S-232', TO_DATE('03/05/2013','DD/MM/YYYY'), 5);

INSERT INTO VENDA (ID_VENDA, ID_PRODUTO, NUMERO_QUARTO, DATA, QUANTIDADE) VALUES (46, 87, '210-E', TO_DATE('03/07/2011','DD/MM/YYYY'), 1);

INSERT INTO VENDA (ID_VENDA, ID_PRODUTO, NUMERO_QUARTO, DATA, QUANTIDADE) VALUES (47, 28, '206-W', TO_DATE('03/09/2019','DD/MM/YYYY'), 5);

INSERT INTO VENDA (ID_VENDA, ID_PRODUTO, NUMERO_QUARTO, DATA, QUANTIDADE) VALUES (48, 68, '293-Z', TO_DATE('01/05/2018','DD/MM/YYYY'), 2);

INSERT INTO VENDA (ID_VENDA, ID_PRODUTO, NUMERO_QUARTO, DATA, QUANTIDADE) VALUES (49, 3, 'F-194', TO_DATE('04/04/2011','DD/MM/YYYY'), 3);

INSERT INTO VENDA (ID_VENDA, ID_PRODUTO, NUMERO_QUARTO, DATA, QUANTIDADE) VALUES (50, 13, '282-S', TO_DATE('05/09/2017','DD/MM/YYYY'), 2);

INSERT INTO VENDA (ID_VENDA, ID_PRODUTO, NUMERO_QUARTO, DATA, QUANTIDADE) VALUES (51, 68, 'R-232', TO_DATE('05/09/2017','DD/MM/YYYY'), 5);

INSERT INTO VENDA (ID_VENDA, ID_PRODUTO, NUMERO_QUARTO, DATA, QUANTIDADE) VALUES (52, 20, 'L-252', TO_DATE('03/09/2017','DD/MM/YYYY'), 1);

INSERT INTO VENDA (ID_VENDA, ID_PRODUTO, NUMERO_QUARTO, DATA, QUANTIDADE) VALUES (53, 67, 'L-252', TO_DATE('04/06/2010','DD/MM/YYYY'), 1);

INSERT INTO VENDA (ID_VENDA, ID_PRODUTO, NUMERO_QUARTO, DATA, QUANTIDADE) VALUES (54, 4, '130-B', TO_DATE('05/05/2018','DD/MM/YYYY'), 3);

INSERT INTO VENDA (ID_VENDA, ID_PRODUTO, NUMERO_QUARTO, DATA, QUANTIDADE) VALUES (55, 74, 'H-228', TO_DATE('05/09/2017','DD/MM/YYYY'), 1);

INSERT INTO VENDA (ID_VENDA, ID_PRODUTO, NUMERO_QUARTO, DATA, QUANTIDADE) VALUES (56, 71, '293-Z', TO_DATE('03/01/2012','DD/MM/YYYY'), 2);

INSERT INTO VENDA (ID_VENDA, ID_PRODUTO, NUMERO_QUARTO, DATA, QUANTIDADE) VALUES (57, 85, 'R-232', TO_DATE('04/04/2017','DD/MM/YYYY'), 5);

INSERT INTO VENDA (ID_VENDA, ID_PRODUTO, NUMERO_QUARTO, DATA, QUANTIDADE) VALUES (58, 50, 'H-100', TO_DATE('01/01/2014','DD/MM/YYYY'), 3);

INSERT INTO VENDA (ID_VENDA, ID_PRODUTO, NUMERO_QUARTO, DATA, QUANTIDADE) VALUES (59, 21, 'S-232', TO_DATE('05/06/2010','DD/MM/YYYY'), 5);

INSERT INTO VENDA (ID_VENDA, ID_PRODUTO, NUMERO_QUARTO, DATA, QUANTIDADE) VALUES (60, 72, 'K-136', TO_DATE('01/02/2018','DD/MM/YYYY'), 1);

INSERT INTO VENDA (ID_VENDA, ID_PRODUTO, NUMERO_QUARTO, DATA, QUANTIDADE) VALUES (61, 69, 'J-189', TO_DATE('05/05/2018','DD/MM/YYYY'), 2);

INSERT INTO VENDA (ID_VENDA, ID_PRODUTO, NUMERO_QUARTO, DATA, QUANTIDADE) VALUES (62, 98, '224-A', TO_DATE('05/09/2017','DD/MM/YYYY'), 3);

INSERT INTO VENDA (ID_VENDA, ID_PRODUTO, NUMERO_QUARTO, DATA, QUANTIDADE) VALUES (63, 56, 'O-232', TO_DATE('01/08/2015','DD/MM/YYYY'), 4);

INSERT INTO VENDA (ID_VENDA, ID_PRODUTO, NUMERO_QUARTO, DATA, QUANTIDADE) VALUES (64, 44, '154-Y', TO_DATE('01/02/2018','DD/MM/YYYY'), 1);

INSERT INTO VENDA (ID_VENDA, ID_PRODUTO, NUMERO_QUARTO, DATA, QUANTIDADE) VALUES (65, 78, '263-I', TO_DATE('05/06/2010','DD/MM/YYYY'), 3);

INSERT INTO VENDA (ID_VENDA, ID_PRODUTO, NUMERO_QUARTO, DATA, QUANTIDADE) VALUES (66, 12, '293-Z', TO_DATE('04/04/2011','DD/MM/YYYY'), 1);

INSERT INTO VENDA (ID_VENDA, ID_PRODUTO, NUMERO_QUARTO, DATA, QUANTIDADE) VALUES (67, 20, '293-Z', TO_DATE('04/05/2019','DD/MM/YYYY'), 3);

INSERT INTO VENDA (ID_VENDA, ID_PRODUTO, NUMERO_QUARTO, DATA, QUANTIDADE) VALUES (68, 67, 'S-240', TO_DATE('01/02/2018','DD/MM/YYYY'), 3);

INSERT INTO VENDA (ID_VENDA, ID_PRODUTO, NUMERO_QUARTO, DATA, QUANTIDADE) VALUES (69, 68, 'A-184', TO_DATE('03/01/2012','DD/MM/YYYY'), 5);

INSERT INTO VENDA (ID_VENDA, ID_PRODUTO, NUMERO_QUARTO, DATA, QUANTIDADE) VALUES (70, 98, '124-E', TO_DATE('01/01/2010','DD/MM/YYYY'), 5);

INSERT INTO VENDA (ID_VENDA, ID_PRODUTO, NUMERO_QUARTO, DATA, QUANTIDADE) VALUES (71, 9, 'R-232', TO_DATE('03/01/2012','DD/MM/YYYY'), 2);

INSERT INTO VENDA (ID_VENDA, ID_PRODUTO, NUMERO_QUARTO, DATA, QUANTIDADE) VALUES (72, 17, '206-W', TO_DATE('05/06/2010','DD/MM/YYYY'), 5);

INSERT INTO VENDA (ID_VENDA, ID_PRODUTO, NUMERO_QUARTO, DATA, QUANTIDADE) VALUES (73, 17, 'H-100', TO_DATE('04/05/2013','DD/MM/YYYY'), 2);

INSERT INTO VENDA (ID_VENDA, ID_PRODUTO, NUMERO_QUARTO, DATA, QUANTIDADE) VALUES (74, 43, 'O-232', TO_DATE('01/01/2014','DD/MM/YYYY'), 5);

INSERT INTO VENDA (ID_VENDA, ID_PRODUTO, NUMERO_QUARTO, DATA, QUANTIDADE) VALUES (75, 95, 'X-173', TO_DATE('02/09/2013','DD/MM/YYYY'), 2);

INSERT INTO VENDA (ID_VENDA, ID_PRODUTO, NUMERO_QUARTO, DATA, QUANTIDADE) VALUES (76, 90, 'J-189', TO_DATE('04/04/2018','DD/MM/YYYY'), 1);

INSERT INTO VENDA (ID_VENDA, ID_PRODUTO, NUMERO_QUARTO, DATA, QUANTIDADE) VALUES (77, 43, '241-V', TO_DATE('02/02/2018','DD/MM/YYYY'), 4);

INSERT INTO VENDA (ID_VENDA, ID_PRODUTO, NUMERO_QUARTO, DATA, QUANTIDADE) VALUES (78, 27, 'H-228', TO_DATE('01/01/2014','DD/MM/YYYY'), 3);

INSERT INTO VENDA (ID_VENDA, ID_PRODUTO, NUMERO_QUARTO, DATA, QUANTIDADE) VALUES (79, 98, '255-T', TO_DATE('01/01/2010','DD/MM/YYYY'), 4);

INSERT INTO VENDA (ID_VENDA, ID_PRODUTO, NUMERO_QUARTO, DATA, QUANTIDADE) VALUES (80, 81, 'S-232', TO_DATE('03/09/2017','DD/MM/YYYY'), 4);

INSERT INTO VENDA (ID_VENDA, ID_PRODUTO, NUMERO_QUARTO, DATA, QUANTIDADE) VALUES (81, 57, 'B-183', TO_DATE('01/09/2013','DD/MM/YYYY'), 2);

INSERT INTO VENDA (ID_VENDA, ID_PRODUTO, NUMERO_QUARTO, DATA, QUANTIDADE) VALUES (82, 17, 'X-173', TO_DATE('01/09/2013','DD/MM/YYYY'), 2);

INSERT INTO VENDA (ID_VENDA, ID_PRODUTO, NUMERO_QUARTO, DATA, QUANTIDADE) VALUES (83, 42, 'O-142', TO_DATE('05/09/2017','DD/MM/YYYY'), 1);

INSERT INTO VENDA (ID_VENDA, ID_PRODUTO, NUMERO_QUARTO, DATA, QUANTIDADE) VALUES (84, 36, '210-E', TO_DATE('04/07/2013','DD/MM/YYYY'), 2);

INSERT INTO VENDA (ID_VENDA, ID_PRODUTO, NUMERO_QUARTO, DATA, QUANTIDADE) VALUES (85, 46, '255-T', TO_DATE('05/09/2017','DD/MM/YYYY'), 5);

INSERT INTO VENDA (ID_VENDA, ID_PRODUTO, NUMERO_QUARTO, DATA, QUANTIDADE) VALUES (86, 91, '124-E', TO_DATE('03/09/2019','DD/MM/YYYY'), 1);

INSERT INTO VENDA (ID_VENDA, ID_PRODUTO, NUMERO_QUARTO, DATA, QUANTIDADE) VALUES (87, 68, 'J-189', TO_DATE('02/09/2010','DD/MM/YYYY'), 4);

INSERT INTO VENDA (ID_VENDA, ID_PRODUTO, NUMERO_QUARTO, DATA, QUANTIDADE) VALUES (88, 1, '130-B', TO_DATE('05/05/2018','DD/MM/YYYY'), 5);

INSERT INTO VENDA (ID_VENDA, ID_PRODUTO, NUMERO_QUARTO, DATA, QUANTIDADE) VALUES (89, 14, '282-S', TO_DATE('04/06/2010','DD/MM/YYYY'), 4);

INSERT INTO VENDA (ID_VENDA, ID_PRODUTO, NUMERO_QUARTO, DATA, QUANTIDADE) VALUES (90, 19, '206-W', TO_DATE('04/04/2017','DD/MM/YYYY'), 3);

INSERT INTO VENDA (ID_VENDA, ID_PRODUTO, NUMERO_QUARTO, DATA, QUANTIDADE) VALUES (91, 69, '255-T', TO_DATE('04/05/2013','DD/MM/YYYY'), 2);

INSERT INTO VENDA (ID_VENDA, ID_PRODUTO, NUMERO_QUARTO, DATA, QUANTIDADE) VALUES (92, 92, '224-A', TO_DATE('04/06/2010','DD/MM/YYYY'), 2);

INSERT INTO VENDA (ID_VENDA, ID_PRODUTO, NUMERO_QUARTO, DATA, QUANTIDADE) VALUES (93, 24, 'O-142', TO_DATE('02/09/2013','DD/MM/YYYY'), 2);

INSERT INTO VENDA (ID_VENDA, ID_PRODUTO, NUMERO_QUARTO, DATA, QUANTIDADE) VALUES (94, 64, '184-Q', TO_DATE('01/02/2018','DD/MM/YYYY'), 3);

INSERT INTO VENDA (ID_VENDA, ID_PRODUTO, NUMERO_QUARTO, DATA, QUANTIDADE) VALUES (95, 100, 'O-142', TO_DATE('01/05/2018','DD/MM/YYYY'), 1);

INSERT INTO VENDA (ID_VENDA, ID_PRODUTO, NUMERO_QUARTO, DATA, QUANTIDADE) VALUES (96, 41, '224-A', TO_DATE('01/09/2013','DD/MM/YYYY'), 1);

INSERT INTO VENDA (ID_VENDA, ID_PRODUTO, NUMERO_QUARTO, DATA, QUANTIDADE) VALUES (97, 62, '293-Z', TO_DATE('05/09/2018','DD/MM/YYYY'), 2);

INSERT INTO VENDA (ID_VENDA, ID_PRODUTO, NUMERO_QUARTO, DATA, QUANTIDADE) VALUES (98, 99, 'O-142', TO_DATE('05/05/2018','DD/MM/YYYY'), 2);

INSERT INTO VENDA (ID_VENDA, ID_PRODUTO, NUMERO_QUARTO, DATA, QUANTIDADE) VALUES (99, 53, 'O-232', TO_DATE('03/05/2012','DD/MM/YYYY'), 4);

INSERT INTO VENDA (ID_VENDA, ID_PRODUTO, NUMERO_QUARTO, DATA, QUANTIDADE) VALUES (100, 92, '206-W', TO_DATE('03/07/2011','DD/MM/YYYY'), 2);

INSERT INTO VENDA (ID_VENDA, ID_PRODUTO, NUMERO_QUARTO, DATA, QUANTIDADE) VALUES (101, 70, 'O-142', TO_DATE('03/01/2012','DD/MM/YYYY'), 2);

INSERT INTO VENDA (ID_VENDA, ID_PRODUTO, NUMERO_QUARTO, DATA, QUANTIDADE) VALUES (102, 6, '130-B', TO_DATE('04/07/2013','DD/MM/YYYY'), 2);

INSERT INTO VENDA (ID_VENDA, ID_PRODUTO, NUMERO_QUARTO, DATA, QUANTIDADE) VALUES (103, 28, 'X-173', TO_DATE('02/09/2013','DD/MM/YYYY'), 4);

INSERT INTO VENDA (ID_VENDA, ID_PRODUTO, NUMERO_QUARTO, DATA, QUANTIDADE) VALUES (104, 70, '152-H', TO_DATE('04/06/2010','DD/MM/YYYY'), 4);

INSERT INTO VENDA (ID_VENDA, ID_PRODUTO, NUMERO_QUARTO, DATA, QUANTIDADE) VALUES (105, 99, 'Z-203', TO_DATE('05/08/2019','DD/MM/YYYY'), 3);

INSERT INTO VENDA (ID_VENDA, ID_PRODUTO, NUMERO_QUARTO, DATA, QUANTIDADE) VALUES (106, 79, '130-B', TO_DATE('03/01/2012','DD/MM/YYYY'), 2);

INSERT INTO VENDA (ID_VENDA, ID_PRODUTO, NUMERO_QUARTO, DATA, QUANTIDADE) VALUES (107, 51, '224-A', TO_DATE('02/09/2010','DD/MM/YYYY'), 1);

INSERT INTO VENDA (ID_VENDA, ID_PRODUTO, NUMERO_QUARTO, DATA, QUANTIDADE) VALUES (108, 56, '263-I', TO_DATE('03/09/2017','DD/MM/YYYY'), 2);

INSERT INTO VENDA (ID_VENDA, ID_PRODUTO, NUMERO_QUARTO, DATA, QUANTIDADE) VALUES (109, 41, '255-T', TO_DATE('05/06/2010','DD/MM/YYYY'), 4);

INSERT INTO VENDA (ID_VENDA, ID_PRODUTO, NUMERO_QUARTO, DATA, QUANTIDADE) VALUES (110, 11, 'O-232', TO_DATE('02/09/2010','DD/MM/YYYY'), 1);

INSERT INTO VENDA (ID_VENDA, ID_PRODUTO, NUMERO_QUARTO, DATA, QUANTIDADE) VALUES (111, 51, '224-A', TO_DATE('03/01/2012','DD/MM/YYYY'), 3);

INSERT INTO VENDA (ID_VENDA, ID_PRODUTO, NUMERO_QUARTO, DATA, QUANTIDADE) VALUES (112, 22, 'O-142', TO_DATE('04/07/2013','DD/MM/YYYY'), 4);

INSERT INTO VENDA (ID_VENDA, ID_PRODUTO, NUMERO_QUARTO, DATA, QUANTIDADE) VALUES (113, 2, 'Z-203', TO_DATE('01/09/2013','DD/MM/YYYY'), 3);

INSERT INTO VENDA (ID_VENDA, ID_PRODUTO, NUMERO_QUARTO, DATA, QUANTIDADE) VALUES (114, 35, '124-E', TO_DATE('04/04/2018','DD/MM/YYYY'), 1);

INSERT INTO VENDA (ID_VENDA, ID_PRODUTO, NUMERO_QUARTO, DATA, QUANTIDADE) VALUES (115, 65, '184-Q', TO_DATE('05/09/2017','DD/MM/YYYY'), 5);

INSERT INTO VENDA (ID_VENDA, ID_PRODUTO, NUMERO_QUARTO, DATA, QUANTIDADE) VALUES (116, 62, 'Z-203', TO_DATE('01/02/2018','DD/MM/YYYY'), 1);

INSERT INTO VENDA (ID_VENDA, ID_PRODUTO, NUMERO_QUARTO, DATA, QUANTIDADE) VALUES (117, 94, '299-X', TO_DATE('04/05/2013','DD/MM/YYYY'), 2);

INSERT INTO VENDA (ID_VENDA, ID_PRODUTO, NUMERO_QUARTO, DATA, QUANTIDADE) VALUES (118, 70, '130-B', TO_DATE('04/04/2011','DD/MM/YYYY'), 1);

INSERT INTO VENDA (ID_VENDA, ID_PRODUTO, NUMERO_QUARTO, DATA, QUANTIDADE) VALUES (119, 87, 'S-232', TO_DATE('05/08/2019','DD/MM/YYYY'), 3);

INSERT INTO VENDA (ID_VENDA, ID_PRODUTO, NUMERO_QUARTO, DATA, QUANTIDADE) VALUES (120, 39, '143-W', TO_DATE('04/05/2019','DD/MM/YYYY'), 2);

INSERT INTO VENDA (ID_VENDA, ID_PRODUTO, NUMERO_QUARTO, DATA, QUANTIDADE) VALUES (121, 35, '299-X', TO_DATE('01/05/2018','DD/MM/YYYY'), 4);

INSERT INTO VENDA (ID_VENDA, ID_PRODUTO, NUMERO_QUARTO, DATA, QUANTIDADE) VALUES (122, 66, 'H-228', TO_DATE('01/02/2018','DD/MM/YYYY'), 3);

INSERT INTO VENDA (ID_VENDA, ID_PRODUTO, NUMERO_QUARTO, DATA, QUANTIDADE) VALUES (123, 61, 'L-252', TO_DATE('02/02/2018','DD/MM/YYYY'), 3);

INSERT INTO VENDA (ID_VENDA, ID_PRODUTO, NUMERO_QUARTO, DATA, QUANTIDADE) VALUES (124, 50, 'F-194', TO_DATE('05/09/2018','DD/MM/YYYY'), 4);

INSERT INTO VENDA (ID_VENDA, ID_PRODUTO, NUMERO_QUARTO, DATA, QUANTIDADE) VALUES (125, 87, '263-I', TO_DATE('05/08/2019','DD/MM/YYYY'), 1);

INSERT INTO VENDA (ID_VENDA, ID_PRODUTO, NUMERO_QUARTO, DATA, QUANTIDADE) VALUES (126, 21, '255-T', TO_DATE('02/09/2013','DD/MM/YYYY'), 3);

INSERT INTO VENDA (ID_VENDA, ID_PRODUTO, NUMERO_QUARTO, DATA, QUANTIDADE) VALUES (127, 22, '299-X', TO_DATE('04/04/2018','DD/MM/YYYY'), 3);

INSERT INTO VENDA (ID_VENDA, ID_PRODUTO, NUMERO_QUARTO, DATA, QUANTIDADE) VALUES (128, 42, 'J-189', TO_DATE('03/06/2016','DD/MM/YYYY'), 5);

INSERT INTO VENDA (ID_VENDA, ID_PRODUTO, NUMERO_QUARTO, DATA, QUANTIDADE) VALUES (129, 80, '130-B', TO_DATE('05/05/2018','DD/MM/YYYY'), 4);

INSERT INTO VENDA (ID_VENDA, ID_PRODUTO, NUMERO_QUARTO, DATA, QUANTIDADE) VALUES (130, 69, '255-T', TO_DATE('05/09/2017','DD/MM/YYYY'), 4);

INSERT INTO VENDA (ID_VENDA, ID_PRODUTO, NUMERO_QUARTO, DATA, QUANTIDADE) VALUES (131, 40, '255-T', TO_DATE('02/09/2010','DD/MM/YYYY'), 1);

INSERT INTO VENDA (ID_VENDA, ID_PRODUTO, NUMERO_QUARTO, DATA, QUANTIDADE) VALUES (132, 76, '255-T', TO_DATE('04/07/2013','DD/MM/YYYY'), 4);

INSERT INTO VENDA (ID_VENDA, ID_PRODUTO, NUMERO_QUARTO, DATA, QUANTIDADE) VALUES (133, 54, '152-H', TO_DATE('01/08/2015','DD/MM/YYYY'), 5);

INSERT INTO VENDA (ID_VENDA, ID_PRODUTO, NUMERO_QUARTO, DATA, QUANTIDADE) VALUES (134, 32, 'K-136', TO_DATE('04/05/2013','DD/MM/YYYY'), 1);

INSERT INTO VENDA (ID_VENDA, ID_PRODUTO, NUMERO_QUARTO, DATA, QUANTIDADE) VALUES (135, 22, '255-T', TO_DATE('04/05/2013','DD/MM/YYYY'), 3);

INSERT INTO VENDA (ID_VENDA, ID_PRODUTO, NUMERO_QUARTO, DATA, QUANTIDADE) VALUES (136, 52, '210-E', TO_DATE('01/01/2010','DD/MM/YYYY'), 3);

INSERT INTO VENDA (ID_VENDA, ID_PRODUTO, NUMERO_QUARTO, DATA, QUANTIDADE) VALUES (137, 84, '130-B', TO_DATE('03/05/2012','DD/MM/YYYY'), 2);

INSERT INTO VENDA (ID_VENDA, ID_PRODUTO, NUMERO_QUARTO, DATA, QUANTIDADE) VALUES (138, 89, '130-B', TO_DATE('05/08/2019','DD/MM/YYYY'), 5);

INSERT INTO VENDA (ID_VENDA, ID_PRODUTO, NUMERO_QUARTO, DATA, QUANTIDADE) VALUES (139, 53, '130-B', TO_DATE('03/05/2013','DD/MM/YYYY'), 1);

INSERT INTO VENDA (ID_VENDA, ID_PRODUTO, NUMERO_QUARTO, DATA, QUANTIDADE) VALUES (140, 47, 'X-173', TO_DATE('02/09/2013','DD/MM/YYYY'), 5);

INSERT INTO VENDA (ID_VENDA, ID_PRODUTO, NUMERO_QUARTO, DATA, QUANTIDADE) VALUES (141, 79, 'B-183', TO_DATE('05/05/2018','DD/MM/YYYY'), 2);

INSERT INTO VENDA (ID_VENDA, ID_PRODUTO, NUMERO_QUARTO, DATA, QUANTIDADE) VALUES (142, 15, '224-A', TO_DATE('04/01/2011','DD/MM/YYYY'), 3);

INSERT INTO VENDA (ID_VENDA, ID_PRODUTO, NUMERO_QUARTO, DATA, QUANTIDADE) VALUES (143, 41, '143-W', TO_DATE('02/09/2010','DD/MM/YYYY'), 2);

INSERT INTO VENDA (ID_VENDA, ID_PRODUTO, NUMERO_QUARTO, DATA, QUANTIDADE) VALUES (144, 95, '299-X', TO_DATE('02/02/2018','DD/MM/YYYY'), 2);

INSERT INTO VENDA (ID_VENDA, ID_PRODUTO, NUMERO_QUARTO, DATA, QUANTIDADE) VALUES (145, 88, '241-V', TO_DATE('01/02/2018','DD/MM/YYYY'), 3);

INSERT INTO VENDA (ID_VENDA, ID_PRODUTO, NUMERO_QUARTO, DATA, QUANTIDADE) VALUES (146, 43, '255-T', TO_DATE('04/04/2012','DD/MM/YYYY'), 1);

INSERT INTO VENDA (ID_VENDA, ID_PRODUTO, NUMERO_QUARTO, DATA, QUANTIDADE) VALUES (147, 22, 'S-240', TO_DATE('01/09/2013','DD/MM/YYYY'), 2);

INSERT INTO VENDA (ID_VENDA, ID_PRODUTO, NUMERO_QUARTO, DATA, QUANTIDADE) VALUES (148, 86, 'J-189', TO_DATE('03/07/2011','DD/MM/YYYY'), 2);

INSERT INTO VENDA (ID_VENDA, ID_PRODUTO, NUMERO_QUARTO, DATA, QUANTIDADE) VALUES (149, 5, 'X-173', TO_DATE('01/05/2018','DD/MM/YYYY'), 2);

INSERT INTO VENDA (ID_VENDA, ID_PRODUTO, NUMERO_QUARTO, DATA, QUANTIDADE) VALUES (150, 4, '124-E', TO_DATE('03/06/2016','DD/MM/YYYY'), 4);

-----Manutenção------

INSERT INTO MANUTENCAO (ID_MANUTENCAO, CPF_FUNCIONARIO, NUMERO_QUARTO, DATA, TIPO_MANUTENCAO, OBSERVACAO) VALUES (1, '500.625.729-52', 'H-228', TO_DATE('02/05/2018','DD/MM/YYYY'), 'limpeza', 'Nenhuma');

INSERT INTO MANUTENCAO (ID_MANUTENCAO, CPF_FUNCIONARIO, NUMERO_QUARTO, DATA, TIPO_MANUTENCAO, OBSERVACAO) VALUES (2, '336.363.215-69', '255-T', TO_DATE('01/09/2017','DD/MM/YYYY'), 'limpeza', 'Uma bela e linda observação');

INSERT INTO MANUTENCAO (ID_MANUTENCAO, CPF_FUNCIONARIO, NUMERO_QUARTO, DATA, TIPO_MANUTENCAO, OBSERVACAO) VALUES (3, '500.625.729-52', 'K-136', TO_DATE('04/04/2017','DD/MM/YYYY'), 'conserto', 'Uma bela e linda observação');

INSERT INTO MANUTENCAO (ID_MANUTENCAO, CPF_FUNCIONARIO, NUMERO_QUARTO, DATA, TIPO_MANUTENCAO, OBSERVACAO) VALUES (4, '563.363.587-92', 'Z-203', TO_DATE('05/06/2018','DD/MM/YYYY'), 'limpeza', 'Nenhuma');

INSERT INTO MANUTENCAO (ID_MANUTENCAO, CPF_FUNCIONARIO, NUMERO_QUARTO, DATA, TIPO_MANUTENCAO, OBSERVACAO) VALUES (5, '519.630.739-42', 'A-184', TO_DATE('07/03/2019','DD/MM/YYYY'), 'conserto', 'Nenhuma');

INSERT INTO MANUTENCAO (ID_MANUTENCAO, CPF_FUNCIONARIO, NUMERO_QUARTO, DATA, TIPO_MANUTENCAO, OBSERVACAO) VALUES (6, '336.363.215-69', 'A-184', TO_DATE('03/04/2018','DD/MM/YYYY'), 'limpeza', 'Nenhuma');

INSERT INTO MANUTENCAO (ID_MANUTENCAO, CPF_FUNCIONARIO, NUMERO_QUARTO, DATA, TIPO_MANUTENCAO, OBSERVACAO) VALUES (7, '184.878.554-47', 'J-189', TO_DATE('09/03/2018','DD/MM/YYYY'), 'conserto', 'Uma bela e linda observação');

INSERT INTO MANUTENCAO (ID_MANUTENCAO, CPF_FUNCIONARIO, NUMERO_QUARTO, DATA, TIPO_MANUTENCAO, OBSERVACAO) VALUES (8, '977.474.533-13', 'Z-203', TO_DATE('05/08/2016','DD/MM/YYYY'), 'conserto', 'Nenhuma');

INSERT INTO MANUTENCAO (ID_MANUTENCAO, CPF_FUNCIONARIO, NUMERO_QUARTO, DATA, TIPO_MANUTENCAO, OBSERVACAO) VALUES (9, '500.625.729-52', 'X-173', TO_DATE('08/07/2016','DD/MM/YYYY'), 'conserto', 'Nenhuma');

INSERT INTO MANUTENCAO (ID_MANUTENCAO, CPF_FUNCIONARIO, NUMERO_QUARTO, DATA, TIPO_MANUTENCAO, OBSERVACAO) VALUES (10, '276.429.511-99', 'Z-203', TO_DATE('07/03/2016','DD/MM/YYYY'), 'conserto', 'Nenhuma');

INSERT INTO MANUTENCAO (ID_MANUTENCAO, CPF_FUNCIONARIO, NUMERO_QUARTO, DATA, TIPO_MANUTENCAO, OBSERVACAO) VALUES (11, '519.630.739-42', '263-I', TO_DATE('06/01/2015','DD/MM/YYYY'), 'conserto', 'Nenhuma');

INSERT INTO MANUTENCAO (ID_MANUTENCAO, CPF_FUNCIONARIO, NUMERO_QUARTO, DATA, TIPO_MANUTENCAO, OBSERVACAO) VALUES (12, '977.474.533-13', '224-A', TO_DATE('04/07/2018','DD/MM/YYYY'), 'limpeza', 'Nenhuma');

INSERT INTO MANUTENCAO (ID_MANUTENCAO, CPF_FUNCIONARIO, NUMERO_QUARTO, DATA, TIPO_MANUTENCAO, OBSERVACAO) VALUES (13, '184.878.554-47', '206-W', TO_DATE('05/02/2018','DD/MM/YYYY'), 'limpeza', 'Nenhuma');

INSERT INTO MANUTENCAO (ID_MANUTENCAO, CPF_FUNCIONARIO, NUMERO_QUARTO, DATA, TIPO_MANUTENCAO, OBSERVACAO) VALUES (14, '336.363.215-69', '282-S', TO_DATE('07/08/2015','DD/MM/YYYY'), 'limpeza', 'Nenhuma');

INSERT INTO MANUTENCAO (ID_MANUTENCAO, CPF_FUNCIONARIO, NUMERO_QUARTO, DATA, TIPO_MANUTENCAO, OBSERVACAO) VALUES (15, '276.429.511-99', '293-Z', TO_DATE('03/04/2016','DD/MM/YYYY'), 'limpeza', 'Uma bela e linda observação');

INSERT INTO MANUTENCAO (ID_MANUTENCAO, CPF_FUNCIONARIO, NUMERO_QUARTO, DATA, TIPO_MANUTENCAO, OBSERVACAO) VALUES (16, '977.474.533-13', 'J-189', TO_DATE('01/01/2018','DD/MM/YYYY'), 'limpeza', 'Uma bela e linda observação');

INSERT INTO MANUTENCAO (ID_MANUTENCAO, CPF_FUNCIONARIO, NUMERO_QUARTO, DATA, TIPO_MANUTENCAO, OBSERVACAO) VALUES (17, '500.625.729-52', 'O-232', TO_DATE('06/06/2019','DD/MM/YYYY'), 'limpeza', 'Nenhuma');

INSERT INTO MANUTENCAO (ID_MANUTENCAO, CPF_FUNCIONARIO, NUMERO_QUARTO, DATA, TIPO_MANUTENCAO, OBSERVACAO) VALUES (18, '638.753.198-73', 'S-240', TO_DATE('08/07/2018','DD/MM/YYYY'), 'limpeza', 'Uma bela e linda observação');

INSERT INTO MANUTENCAO (ID_MANUTENCAO, CPF_FUNCIONARIO, NUMERO_QUARTO, DATA, TIPO_MANUTENCAO, OBSERVACAO) VALUES (19, '519.630.739-42', '224-A', TO_DATE('09/04/2018','DD/MM/YYYY'), 'limpeza', 'Uma bela e linda observação');

INSERT INTO MANUTENCAO (ID_MANUTENCAO, CPF_FUNCIONARIO, NUMERO_QUARTO, DATA, TIPO_MANUTENCAO, OBSERVACAO) VALUES (20, '500.625.729-52', '152-H', TO_DATE('02/04/2015','DD/MM/YYYY'), 'conserto', 'Uma bela e linda observação');

INSERT INTO MANUTENCAO (ID_MANUTENCAO, CPF_FUNCIONARIO, NUMERO_QUARTO, DATA, TIPO_MANUTENCAO, OBSERVACAO) VALUES (21, '500.625.729-52', 'X-173', TO_DATE('09/08/2019','DD/MM/YYYY'), 'limpeza', 'Uma bela e linda observação');

INSERT INTO MANUTENCAO (ID_MANUTENCAO, CPF_FUNCIONARIO, NUMERO_QUARTO, DATA, TIPO_MANUTENCAO, OBSERVACAO) VALUES (22, '519.630.739-42', '224-A', TO_DATE('08/02/2018','DD/MM/YYYY'), 'conserto', 'Nenhuma');

INSERT INTO MANUTENCAO (ID_MANUTENCAO, CPF_FUNCIONARIO, NUMERO_QUARTO, DATA, TIPO_MANUTENCAO, OBSERVACAO) VALUES (23, '276.429.511-99', 'S-240', TO_DATE('01/07/2019','DD/MM/YYYY'), 'limpeza', 'Nenhuma');

INSERT INTO MANUTENCAO (ID_MANUTENCAO, CPF_FUNCIONARIO, NUMERO_QUARTO, DATA, TIPO_MANUTENCAO, OBSERVACAO) VALUES (24, '731.670.893-11', '299-X', TO_DATE('01/07/2017','DD/MM/YYYY'), 'limpeza', 'Nenhuma');

INSERT INTO MANUTENCAO (ID_MANUTENCAO, CPF_FUNCIONARIO, NUMERO_QUARTO, DATA, TIPO_MANUTENCAO, OBSERVACAO) VALUES (25, '184.878.554-47', '293-Z', TO_DATE('06/01/2017','DD/MM/YYYY'), 'limpeza', 'Nenhuma');

INSERT INTO MANUTENCAO (ID_MANUTENCAO, CPF_FUNCIONARIO, NUMERO_QUARTO, DATA, TIPO_MANUTENCAO, OBSERVACAO) VALUES (26, '336.363.215-69', 'H-100', TO_DATE('06/08/2015','DD/MM/YYYY'), 'conserto', 'Uma bela e linda observação');

INSERT INTO MANUTENCAO (ID_MANUTENCAO, CPF_FUNCIONARIO, NUMERO_QUARTO, DATA, TIPO_MANUTENCAO, OBSERVACAO) VALUES (27, '638.753.198-73', '152-H', TO_DATE('05/09/2018','DD/MM/YYYY'), 'conserto', 'Nenhuma');

INSERT INTO MANUTENCAO (ID_MANUTENCAO, CPF_FUNCIONARIO, NUMERO_QUARTO, DATA, TIPO_MANUTENCAO, OBSERVACAO) VALUES (28, '500.625.729-52', '143-W', TO_DATE('03/02/2016','DD/MM/YYYY'), 'conserto', 'Nenhuma');

INSERT INTO MANUTENCAO (ID_MANUTENCAO, CPF_FUNCIONARIO, NUMERO_QUARTO, DATA, TIPO_MANUTENCAO, OBSERVACAO) VALUES (29, '519.630.739-42', 'K-136', TO_DATE('08/09/2018','DD/MM/YYYY'), 'limpeza', 'Uma bela e linda observação');

INSERT INTO MANUTENCAO (ID_MANUTENCAO, CPF_FUNCIONARIO, NUMERO_QUARTO, DATA, TIPO_MANUTENCAO, OBSERVACAO) VALUES (30, '731.670.893-11', 'R-232', TO_DATE('04/08/2015','DD/MM/YYYY'), 'conserto', 'Uma bela e linda observação');

INSERT INTO MANUTENCAO (ID_MANUTENCAO, CPF_FUNCIONARIO, NUMERO_QUARTO, DATA, TIPO_MANUTENCAO, OBSERVACAO) VALUES (31, '563.363.587-92', 'H-228', TO_DATE('08/03/2019','DD/MM/YYYY'), 'conserto', 'Uma bela e linda observação');

INSERT INTO MANUTENCAO (ID_MANUTENCAO, CPF_FUNCIONARIO, NUMERO_QUARTO, DATA, TIPO_MANUTENCAO, OBSERVACAO) VALUES (32, '519.630.739-42', '255-T', TO_DATE('05/02/2015','DD/MM/YYYY'), 'limpeza', 'Nenhuma');

INSERT INTO MANUTENCAO (ID_MANUTENCAO, CPF_FUNCIONARIO, NUMERO_QUARTO, DATA, TIPO_MANUTENCAO, OBSERVACAO) VALUES (33, '276.429.511-99', 'O-142', TO_DATE('05/01/2019','DD/MM/YYYY'), 'limpeza', 'Uma bela e linda observação');

INSERT INTO MANUTENCAO (ID_MANUTENCAO, CPF_FUNCIONARIO, NUMERO_QUARTO, DATA, TIPO_MANUTENCAO, OBSERVACAO) VALUES (34, '276.429.511-99', 'H-100', TO_DATE('05/03/2017','DD/MM/YYYY'), 'limpeza', 'Uma bela e linda observação');

INSERT INTO MANUTENCAO (ID_MANUTENCAO, CPF_FUNCIONARIO, NUMERO_QUARTO, DATA, TIPO_MANUTENCAO, OBSERVACAO) VALUES (35, '191.386.789-65', '130-B', TO_DATE('01/03/2017','DD/MM/YYYY'), 'conserto', 'Nenhuma');

INSERT INTO MANUTENCAO (ID_MANUTENCAO, CPF_FUNCIONARIO, NUMERO_QUARTO, DATA, TIPO_MANUTENCAO, OBSERVACAO) VALUES (36, '500.625.729-52', 'L-252', TO_DATE('07/08/2018','DD/MM/YYYY'), 'limpeza', 'Nenhuma');

INSERT INTO MANUTENCAO (ID_MANUTENCAO, CPF_FUNCIONARIO, NUMERO_QUARTO, DATA, TIPO_MANUTENCAO, OBSERVACAO) VALUES (37, '731.670.893-11', '241-V', TO_DATE('07/06/2019','DD/MM/YYYY'), 'limpeza', 'Nenhuma');

INSERT INTO MANUTENCAO (ID_MANUTENCAO, CPF_FUNCIONARIO, NUMERO_QUARTO, DATA, TIPO_MANUTENCAO, OBSERVACAO) VALUES (38, '184.878.554-47', 'F-194', TO_DATE('08/06/2015','DD/MM/YYYY'), 'conserto', 'Uma bela e linda observação');

INSERT INTO MANUTENCAO (ID_MANUTENCAO, CPF_FUNCIONARIO, NUMERO_QUARTO, DATA, TIPO_MANUTENCAO, OBSERVACAO) VALUES (39, '731.670.893-11', '263-I', TO_DATE('01/05/2015','DD/MM/YYYY'), 'conserto', 'Nenhuma');

INSERT INTO MANUTENCAO (ID_MANUTENCAO, CPF_FUNCIONARIO, NUMERO_QUARTO, DATA, TIPO_MANUTENCAO, OBSERVACAO) VALUES (40, '191.386.789-65', '124-E', TO_DATE('03/08/2018','DD/MM/YYYY'), 'limpeza', 'Nenhuma');

INSERT INTO MANUTENCAO (ID_MANUTENCAO, CPF_FUNCIONARIO, NUMERO_QUARTO, DATA, TIPO_MANUTENCAO, OBSERVACAO) VALUES (41, '519.630.739-42', 'R-232', TO_DATE('09/09/2015','DD/MM/YYYY'), 'conserto', 'Nenhuma');

INSERT INTO MANUTENCAO (ID_MANUTENCAO, CPF_FUNCIONARIO, NUMERO_QUARTO, DATA, TIPO_MANUTENCAO, OBSERVACAO) VALUES (42, '500.625.729-52', 'K-136', TO_DATE('05/01/2016','DD/MM/YYYY'), 'limpeza', 'Nenhuma');

INSERT INTO MANUTENCAO (ID_MANUTENCAO, CPF_FUNCIONARIO, NUMERO_QUARTO, DATA, TIPO_MANUTENCAO, OBSERVACAO) VALUES (43, '184.878.554-47', '130-B', TO_DATE('06/08/2015','DD/MM/YYYY'), 'conserto', 'Uma bela e linda observação');

INSERT INTO MANUTENCAO (ID_MANUTENCAO, CPF_FUNCIONARIO, NUMERO_QUARTO, DATA, TIPO_MANUTENCAO, OBSERVACAO) VALUES (44, '191.386.789-65', 'H-100', TO_DATE('05/02/2015','DD/MM/YYYY'), 'limpeza', 'Nenhuma');

INSERT INTO MANUTENCAO (ID_MANUTENCAO, CPF_FUNCIONARIO, NUMERO_QUARTO, DATA, TIPO_MANUTENCAO, OBSERVACAO) VALUES (45, '519.630.739-42', '263-I', TO_DATE('08/09/2018','DD/MM/YYYY'), 'limpeza', 'Uma bela e linda observação');

INSERT INTO MANUTENCAO (ID_MANUTENCAO, CPF_FUNCIONARIO, NUMERO_QUARTO, DATA, TIPO_MANUTENCAO, OBSERVACAO) VALUES (46, '500.625.729-52', '143-W', TO_DATE('03/08/2019','DD/MM/YYYY'), 'limpeza', 'Nenhuma');

INSERT INTO MANUTENCAO (ID_MANUTENCAO, CPF_FUNCIONARIO, NUMERO_QUARTO, DATA, TIPO_MANUTENCAO, OBSERVACAO) VALUES (47, '191.386.789-65', 'O-232', TO_DATE('07/09/2018','DD/MM/YYYY'), 'conserto', 'Uma bela e linda observação');

INSERT INTO MANUTENCAO (ID_MANUTENCAO, CPF_FUNCIONARIO, NUMERO_QUARTO, DATA, TIPO_MANUTENCAO, OBSERVACAO) VALUES (48, '563.363.587-92', 'O-142', TO_DATE('07/01/2018','DD/MM/YYYY'), 'limpeza', 'Nenhuma');

INSERT INTO MANUTENCAO (ID_MANUTENCAO, CPF_FUNCIONARIO, NUMERO_QUARTO, DATA, TIPO_MANUTENCAO, OBSERVACAO) VALUES (49, '184.878.554-47', '282-S', TO_DATE('05/09/2016','DD/MM/YYYY'), 'limpeza', 'Nenhuma');

INSERT INTO MANUTENCAO (ID_MANUTENCAO, CPF_FUNCIONARIO, NUMERO_QUARTO, DATA, TIPO_MANUTENCAO, OBSERVACAO) VALUES (50, '563.363.587-92', 'R-232', TO_DATE('01/06/2015','DD/MM/YYYY'), 'limpeza', 'Nenhuma');

